date,plan_cost,up_cost,down_net_cost,emergency_cost,total_cost,inventory_adjusted_cost,plan_kwh,emergency_kwh,up_kwh,down_kwh,charge_kwh,discharge_kwh,spill_kwh,soc_start,soc_end,balance_error,dynamics_error
2025-02-01,23766.540168,0.000000,-1084.983225,0.000000,22681.556943,22534.207380,44945.882361,0.000000,0.000000,3308.807774,19912.514789,15807.690315,3154.074179,1520.654818,1877.817779,0.000000,0.000000
2025-02-02,57184.994516,0.000000,-1956.015180,1013.691957,56242.671293,56308.845935,90512.298460,145.443873,0.000000,5381.423547,22800.527818,18612.789126,2732.302143,1877.817779,1717.416008,0.000000,0.000000
2025-02-03,58110.832822,348.146929,-1958.882025,16.461814,56516.559539,56421.753032,92107.120133,3.514478,187.752535,5539.179069,24060.060628,19281.826402,1764.057350,1717.416008,1947.219016,0.000000,0.000000
2025-02-04,59971.042090,0.000000,-2472.209927,55.000996,57553.833159,57737.841113,94162.152931,26.203428,0.000000,6345.138367,24080.814205,19906.877342,2474.417180,1947.219016,1501.199198,0.000000,0.000000
2025-02-05,56002.097536,231.399805,-870.429990,89.315198,55452.382549,55400.408170,88856.156491,12.803211,183.708264,2201.990924,24094.529591,19403.185595,1410.906061,1501.199198,1627.180725,0.000000,0.000000
2025-02-06,60153.082115,418.586566,-3039.177592,285.753850,57818.244939,57733.864421,94661.540716,52.447173,217.347993,8405.735023,23483.217735,18837.328210,1608.654117,1627.180725,1831.712009,0.000000,0.000000
2025-02-07,22840.429241,0.000000,-1105.497059,277.895613,22012.827795,22166.118313,43857.861262,60.391512,0.000000,3868.170441,19266.368803,15940.165731,4918.199595,1831.712009,1460.148675,0.000000,0.000000
2025-02-08,19193.308565,835.463964,0.000000,0.000000,20028.772529,19918.138915,37229.623141,0.000000,554.966915,0.000000,19133.432809,15256.730650,2330.725180,1460.148675,1728.315258,0.000000,0.000000
2025-02-09,55500.829856,425.265541,-805.929791,0.000000,55120.165607,55229.871418,88093.802907,0.000000,357.748647,2176.303805,22794.834132,18703.141548,2628.139198,1728.315258,1462.397590,0.000000,0.000000
2025-02-10,52481.796899,7.773708,-1499.971615,187.635373,51177.234364,51256.504211,84028.482366,49.414818,5.532100,4274.133836,23434.576454,19154.936030,1203.017442,1462.397590,1270.254143,0.000000,0.000000
2025-02-11,53555.526135,0.000000,-2204.794637,5174.551696,56525.283193,56455.803645,85307.514203,972.203575,0.000000,5606.578835,23867.265948,19180.914091,766.189951,1270.254143,1438.666728,0.000000,0.000000
2025-02-12,53317.963903,671.065754,-1869.535807,1511.498838,53630.992688,53670.887391,85172.474014,311.263652,347.730357,5202.295099,23996.866939,19524.493488,890.063339,1438.666728,1341.965320,0.000000,0.000000
2025-02-13,49308.009223,89.885520,-1109.768269,1087.510810,49375.637284,49349.248337,79870.035040,180.522475,79.371340,3145.829441,23294.464486,18810.948101,1171.104012,1341.965320,1405.929912,0.000000,0.000000
2025-02-14,18609.611033,2162.300291,0.000000,0.000000,20771.911324,20474.003567,36245.882392,0.000000,1528.210864,0.000000,18831.659337,14603.751029,3744.383131,1405.929912,2128.033283,0.000000,0.000000
2025-02-15,18235.472203,715.932324,-148.789139,0.000000,18802.615387,19135.614050,34684.561878,0.000000,550.770944,390.658188,17206.879395,14664.017010,3021.721150,2128.033283,1320.872505,0.000000,0.000000
2025-02-16,52635.151642,2977.180654,-2297.053713,1838.886156,55154.164739,55102.596468,84373.651981,386.942613,1592.659753,6339.676474,22935.437071,18465.206587,165.968290,1320.872505,1445.869661,0.000000,0.000000
2025-02-17,51377.597021,1078.023200,-2832.714010,1529.723123,51152.629335,51244.710584,83176.826601,279.480053,569.170043,8547.799147,22070.989368,18078.378879,301.203894,1445.869661,1222.672449,0.000000,0.000000
2025-02-18,45848.064828,3031.460929,-9.408844,186.917518,49057.034432,48981.965128,74284.453485,41.488600,2482.097348,33.118069,22094.950308,17733.144234,321.727507,1222.672449,1404.634133,0.000000,0.000000
2025-02-19,46181.489366,2662.082289,-48.899898,3951.693054,52746.364810,52830.787759,74707.326025,872.142988,2658.228640,122.304472,23487.996381,19209.447788,957.517205,1404.634133,1200.000000,0.000000,0.000000
2025-02-20,48040.175028,855.913839,-758.429338,1616.940496,49754.600025,49685.937285,78430.924055,340.183297,595.728860,2353.060553,22996.534477,18477.403485,1501.510934,1200.000000,1366.432713,0.000000,0.000000
2025-02-21,17333.611752,910.155318,0.000000,0.000000,18243.767070,18290.198031,33858.893975,0.000000,685.276121,0.000000,17751.100041,14479.681306,5712.489328,1366.432713,1253.887965,0.000000,0.000000
2025-02-22,17521.991759,2646.228474,-74.509152,0.000000,20093.711082,19671.505829,33803.067465,0.000000,1910.925509,206.668055,17831.731648,13522.651584,3353.481972,1253.887965,2277.278022,0.000000,0.000000
2025-02-23,46179.016345,3250.723382,-896.500127,246.385173,48779.624773,49220.111934,75051.326312,88.212738,2378.439502,2584.456689,21476.636195,18357.008797,282.040782,2277.278022,1209.574156,0.000000,0.000000
2025-02-24,44962.965780,1840.905846,-216.512663,321.006576,46908.365538,46679.112058,72625.341274,70.238187,1402.513116,521.462774,22436.175012,17673.179704,610.600878,1209.574156,1765.265330,0.000000,0.000000
2025-02-25,46019.246282,871.512667,-1603.453077,679.856635,45967.162507,46198.961839,74958.307456,224.857846,477.663453,5158.714440,21328.733396,17781.949943,1134.007629,1765.265330,1203.403227,0.000000,0.000000
2025-02-26,41715.681819,5703.300211,0.000000,589.769039,48008.751069,47834.751617,68466.471272,125.469761,5616.313030,0.000000,22992.472827,18244.318944,645.252146,1203.403227,1625.163278,0.000000,0.000000
2025-02-27,42518.212781,2680.672937,-84.586505,1865.210535,46979.509747,47062.277048,69368.635451,382.007285,2035.518533,361.032691,22602.294630,18488.417534,354.667281,1625.163278,1424.542296,0.000000,0.000000
2025-02-28,16757.806973,788.565540,-7.798911,116.072920,17654.646523,17742.609116,32428.660506,46.676616,676.495677,16.806012,16846.158905,13837.281255,6833.555587,1424.542296,1211.328361,0.000000,0.000000
2025-03-01,17667.550690,0.000000,-295.384462,956.139018,18328.305246,18320.224016,34158.960788,217.414456,0.000000,931.745246,16652.021630,13470.508120,6604.350554,1211.328361,1230.916583,0.000000,0.000000
2025-03-02,48173.271599,2991.677218,-770.803322,0.000000,50394.145495,50113.206649,78334.032381,0.000000,2042.151817,2129.292074,23757.378480,18630.601629,761.808206,1230.916583,1911.888739,0.000000,0.000000
2025-03-03,49022.959351,2582.644706,-1565.396221,95.405534,50135.613370,50403.111854,79406.014378,45.246102,1635.742134,4651.295054,23054.675158,19257.841340,621.727109,1911.888739,1263.494892,0.000000,0.000000
2025-03-04,44003.589656,2695.918137,-49.176532,229.873856,46880.205117,46906.400287,71680.004704,107.688449,1897.747487,103.764603,21917.236877,17810.107273,275.088500,1263.494892,1200.000000,0.000000,0.000000
2025-03-05,46476.081686,3713.604001,-2138.178545,20.042165,48071.549306,47948.360840,75963.421721,4.306860,1939.965963,6597.633691,21091.179656,16815.116880,903.526060,1200.000000,1498.598491,0.000000,0.000000
2025-03-06,42982.436739,2073.600396,-268.133639,0.000000,44787.903496,44645.831911,70361.396782,0.000000,1331.142680,777.423193,21945.440058,17465.873822,494.895898,1498.598491,1842.968075,0.000000,0.000000
2025-03-07,17105.703078,429.116783,-470.059990,0.000000,17064.759871,17240.721804,32499.148297,0.000000,244.581298,1126.098894,15360.800477,12826.113633,8160.658323,1842.968075,1416.451135,0.000000,0.000000
2025-03-08,16074.412145,149.240586,-21.376429,0.000000,16202.276302,16232.242757,30977.784610,0.000000,138.204717,45.771750,15999.696862,13025.127010,9032.508208,1416.451135,1343.814967,0.000000,0.000000
2025-03-09,44608.826192,5.703546,-1730.907023,1549.053814,44432.676529,44462.273812,73379.064898,276.341841,4.112206,5674.249429,22154.453687,18009.674681,506.965460,1343.814967,1272.073640,0.000000,0.000000
2025-03-10,41995.641128,3706.021007,0.000000,0.000000,45701.662136,45615.475146,69746.552461,0.000000,3259.427749,0.000000,22428.929734,17979.414067,514.393093,1272.073640,1480.983659,0.000000,0.000000
2025-03-11,37924.089149,6523.590499,0.000000,0.000000,44447.679648,44361.078354,61793.805701,0.000000,7575.472209,0.000000,21774.544881,17448.458519,1104.272748,1480.983659,1690.897920,0.000000,0.000000
2025-03-12,43571.976281,361.755862,-1445.862402,0.000000,42487.869741,42634.082913,71470.976054,0.000000,231.765929,4919.417171,21332.073170,17597.946867,613.663826,1690.897920,1336.489477,0.000000,0.000000
2025-03-13,43467.732309,1362.383976,-55.399215,678.738367,45453.455436,45478.224880,71618.672615,99.133323,1209.653925,207.176700,21679.599421,17614.510677,1109.576403,1336.489477,1276.450426,0.000000,0.000000
2025-03-14,15578.471148,870.811607,0.000000,0.000000,16449.282755,16262.710955,30408.786596,0.000000,640.109206,0.000000,16072.513483,12611.724991,11558.681326,1276.450426,1728.684793,0.000000,0.000000
2025-03-15,15081.737488,840.333432,-0.806833,866.049219,16787.313306,17005.425154,29450.851749,229.308748,676.818914,1.773955,15062.310348,12676.287695,7045.057654,1728.684793,1200.000000,0.000000,0.000000
2025-03-16,41795.014140,1782.735577,-363.685567,7.461180,43221.525330,43026.467051,68424.234400,1.640000,1920.350196,1006.037315,21974.645191,17373.938214,1388.433371,1200.000000,1672.804878,0.000000,0.000000
2025-03-17,37914.309238,3021.465194,-1031.110453,1343.579351,41248.243330,41311.221459,63396.944273,259.356693,2922.857668,4302.756468,21484.166196,17539.562942,473.667479,1672.804878,1520.151187,0.000000,0.000000
2025-03-18,44328.419212,229.322992,-2086.791927,0.000000,42470.950277,42467.331472,72759.858892,0.000000,158.942765,6528.920373,21881.969280,17716.500608,1098.454245,1520.151187,1528.922864,0.000000,0.000000
2025-03-19,36353.677523,5791.966855,0.000000,0.000000,42145.644378,42057.214332,59138.296516,0.000000,6773.885412,0.000000,21549.338040,17262.051511,2159.424950,1528.922864,1743.269865,0.000000,0.000000
2025-03-20,41025.405808,1212.992154,-677.321591,2760.577006,44321.653378,44480.808296,67245.012558,469.089751,1029.174180,2542.333618,21219.244977,17534.788766,307.524843,1743.269865,1357.491716,0.000000,0.000000
2025-03-21,14786.331578,1130.806217,-68.360000,0.000000,15848.777795,15886.153109,28783.467319,0.000000,884.035045,157.258761,14770.241011,12045.430378,14751.968453,1357.491716,1266.897094,0.000000,0.000000
2025-03-22,15596.795051,463.704204,-95.075210,0.000000,15965.424045,15775.162561,29958.920522,0.000000,380.070447,210.894042,15041.449013,11768.513636,10973.961818,1266.897094,1728.074943,0.000000,0.000000
2025-03-23,41427.843510,792.474574,-1362.941027,0.000000,40857.377058,40875.381056,68124.550432,0.000000,508.684189,4377.243633,20535.982552,16673.422029,1623.710348,1728.074943,1684.434763,0.000000,0.000000
2025-03-24,38183.772002,2665.973113,-425.537130,0.000000,40424.207985,40382.015123,63476.058025,0.000000,2142.007007,1844.675975,21619.649109,17419.871021,1575.113885,1684.434763,1786.706716,0.000000,0.000000
2025-03-25,42775.621933,1093.914918,-2045.493684,619.082211,42443.125378,42672.227586,70744.499813,120.756127,579.031235,6967.619091,20513.535017,17115.755413,128.763763,1786.706716,1231.382217,0.000000,0.000000
2025-03-26,37210.742341,2364.005764,-948.918767,0.000000,38625.829339,38570.403755,61098.810701,0.000000,2354.631359,2979.662286,21232.753419,17077.618007,726.089495,1231.382217,1365.729175,0.000000,0.000000
2025-03-27,39222.448583,142.760341,-615.272165,1695.056474,40444.993233,40495.908630,64716.035996,381.669006,97.801974,1662.301734,21493.350025,17520.686700,843.552518,1365.729175,1242.314530,0.000000,0.000000
2025-03-28,14816.318005,0.000000,-51.466805,0.000000,14764.851199,14689.028960,29126.463671,0.000000,0.000000,108.832422,15485.494806,12377.842730,15088.098407,1242.314530,1426.101267,0.000000,0.000000
2025-03-29,14007.989882,1010.546181,0.000000,47.182098,15065.718161,15056.793957,27819.298434,12.595893,763.642558,0.000000,14542.957617,11760.327301,18105.697385,1426.101267,1447.732788,0.000000,0.000000
2025-03-30,37997.461756,543.810066,-1300.588581,1514.996390,38755.679631,38818.929639,63530.969685,217.172648,459.631358,4713.756307,21090.908472,17221.617295,279.106507,1447.732788,1294.420085,0.000000,0.000000
2025-03-31,33386.234101,5936.057526,-4.608116,50.351887,39368.035398,39314.913124,54358.466677,11.907728,6843.185376,9.211474,20000.284357,16084.342794,337.017260,1294.420085,1423.184013,0.000000,0.000000
2025-04-01,39999.253157,1559.586979,-977.750555,0.000000,40581.089581,40548.481904,67791.409209,0.000000,1284.182937,4086.545599,20076.431698,16190.775233,894.538566,1423.184013,1502.222282,0.000000,0.000000
2025-04-02,38160.628661,2348.952495,-268.950828,1095.884829,41336.515157,41402.910272,63830.281199,157.124077,2478.766036,1192.710646,20838.898641,17024.350460,1023.577086,1502.222282,1341.286103,0.000000,0.000000
2025-04-03,39923.833952,428.552699,-1385.008263,0.000000,38967.378387,38868.597659,65598.821139,0.000000,288.835544,4523.746025,20974.799784,16774.095259,1299.675865,1341.286103,1580.722288,0.000000,0.000000
2025-04-04,13570.495876,530.685249,0.000000,468.969643,14570.150769,14559.565596,27078.873047,118.234239,417.520623,0.000000,14250.144856,11519.525521,18453.206324,1580.722288,1606.379857,0.000000,0.000000
2025-04-05,13375.556585,1790.591402,0.000000,0.000000,15166.147986,15084.139797,26724.233598,0.000000,1285.046526,0.000000,13670.492689,10894.196216,13188.868668,1606.379857,1805.160815,0.000000,0.000000
2025-04-06,36548.627903,1100.933116,-960.599903,2237.161750,38926.122867,39107.339723,61810.242217,352.111103,816.531758,3587.771566,20739.266121,17194.134547,1435.905672,1805.160815,1365.906382,0.000000,0.000000
2025-04-07,32249.490033,3162.116183,-51.672976,587.806041,35947.739282,36004.004195,53810.635225,162.186232,3746.841207,84.368157,21123.372895,17232.675323,501.877652,1365.906382,1229.524963,0.000000,0.000000
2025-04-08,38143.326871,755.175000,-1491.814656,0.000000,37406.687215,37412.471764,63488.319052,0.000000,439.581971,5051.766420,21533.614889,17454.847196,444.173294,1229.524963,1215.503701,0.000000,0.000000
2025-04-09,36861.430811,2580.934641,-0.471450,0.000000,39441.894003,39331.497639,61473.813420,0.000000,3130.950518,1.428635,21756.567627,17381.987420,1094.444078,1215.503701,1483.095210,0.000000,0.000000
2025-04-10,36489.312150,2068.226333,-1022.472892,929.569592,38464.635182,38491.173026,59799.500952,179.119183,2712.503805,2797.280689,21519.161816,17488.414025,1402.457561,1483.095210,1418.769706,0.000000,0.000000
2025-04-11,12713.379138,1337.264377,-15.625340,229.877194,14264.895370,14346.853796,25825.507260,68.227375,997.265271,32.957066,13519.806335,11129.837437,19151.423775,1418.769706,1220.109367,0.000000,0.000000
2025-04-12,14010.266923,0.000000,-263.205052,0.000000,13747.061871,13667.715312,27593.673787,0.000000,0.000000,587.078283,13674.461781,10903.217592,15210.190764,1220.109367,1412.438757,0.000000,0.000000
2025-04-13,34056.933211,1931.935391,0.000000,0.000000,35988.868602,35935.521502,57050.082601,0.000000,1767.650777,0.000000,21177.736964,17037.588942,401.226873,1412.438757,1541.747645,0.000000,0.000000
2025-04-14,35918.273915,2873.997453,-1861.017194,1218.780913,38150.035087,38236.636457,59754.024032,176.216723,1493.339852,5347.293069,19151.726517,15701.821477,98.350698,1541.747645,1331.833202,0.000000,0.000000
2025-04-15,31553.834692,2329.863270,0.000000,180.599616,34064.297578,34018.001006,52576.184374,38.688526,1992.653998,0.000000,20005.806873,16103.706466,565.997657,1331.833202,1444.052204,0.000000,0.000000
2025-04-16,34724.777333,1668.557762,-294.798620,1017.049066,37115.585542,37216.270635,59016.168535,195.784732,1658.214609,1107.536747,20049.192132,16459.492611,393.339657,1444.052204,1200.000000,0.000000,0.000000
2025-04-17,32827.211288,3325.496465,-111.889137,1204.391683,37245.210298,37122.148741,53572.575503,220.105663,3713.584562,231.310953,19623.638932,15626.685749,409.659241,1200.000000,1498.290873,0.000000,0.000000
2025-04-18,12853.456699,191.018160,-11.958313,0.000000,13032.516545,12961.675191,26089.462296,0.000000,154.215215,25.933677,13514.862054,10792.496123,17141.260720,1498.290873,1670.004363,0.000000,0.000000
2025-04-19,12331.781167,737.351123,-15.146621,32.255688,13086.241356,13213.626441,25494.101442,15.251403,531.419415,32.597600,13162.205833,10939.280393,17000.569970,1670.004363,1361.233621,0.000000,0.000000
2025-04-20,32746.853068,2272.453629,-96.044966,44.625772,34967.887503,34962.623912,54335.787504,9.201190,2776.908233,157.079401,21067.309981,17053.038432,992.801094,1361.233621,1373.992123,0.000000,0.000000
2025-04-21,34363.597475,0.000000,-1240.163596,1466.462945,34589.896824,34628.757524,57800.312132,306.116371,0.000000,4226.712824,19708.491144,16048.653390,1702.967541,1373.992123,1279.797053,0.000000,0.000000
2025-04-22,31781.090523,2527.388226,-10.061713,111.778088,34410.195123,34443.115841,53224.106269,52.844230,2814.076082,19.899751,20244.622560,16469.961621,143.536575,1279.797053,1200.000000,0.000000,0.000000
2025-04-23,30787.128372,4613.564952,0.000000,0.000000,35400.693324,35175.017119,51265.178625,0.000000,5008.728802,0.000000,18890.192505,14808.737789,792.535994,1200.000000,1747.020156,0.000000,0.000000
2025-04-24,31194.760996,1917.549084,0.000000,0.000000,33112.310079,33146.790995,51642.474142,0.000000,1538.406988,0.000000,18940.519279,15417.041573,2567.296724,1747.020156,1663.441315,0.000000,0.000000
2025-04-25,12498.962924,556.642713,-214.076954,0.000000,12841.528683,12821.145642,25214.229960,0.000000,461.066243,456.760693,12650.969907,10202.819526,20770.027478,1663.441315,1712.848091,0.000000,0.000000
2025-04-26,12323.338085,361.398665,0.000000,33.144727,12717.881477,12924.779606,24981.293608,15.584249,275.559803,0.000000,12390.924497,10488.002155,23299.321684,1712.848091,1211.344411,0.000000,0.000000
2025-04-27,30774.597991,3618.329244,-90.318327,20.255024,34322.863932,34159.332112,51129.662439,3.992318,2658.467486,248.424544,19421.001066,15374.262212,923.487662,1211.344411,1607.731802,0.000000,0.000000
2025-04-28,36432.813207,1743.636652,-407.980552,0.000000,37768.469308,37831.145509,61924.319474,0.000000,1928.448335,1403.484146,19788.633653,16165.522919,2204.205612,1607.731802,1455.809958,0.000000,0.000000
2025-04-29,31465.678080,1181.305428,-398.692065,2800.215482,35048.506924,35052.729317,52063.898640,401.407036,888.512901,1101.648273,18168.980987,14726.085852,1376.061452,1455.809958,1445.575233,0.000000,0.000000
2025-04-30,30523.377590,1319.555250,-54.644678,2520.958892,34309.247054,34367.985165,49866.289997,472.436781,1765.971573,87.714338,17611.314972,14393.303749,542.118356,1445.575233,1303.198987,0.000000,0.000000
2025-05-01,31904.434592,4799.204068,-167.944188,3850.629897,40386.324370,40425.062826,52309.349592,904.528474,3312.040188,431.476329,18692.367588,15225.326634,1616.022171,1303.198987,1209.300223,0.000000,0.000000
2025-05-02,13679.040572,1831.864315,-100.544213,4045.213703,19455.574377,19459.411236,27113.419428,909.958335,1210.058501,212.672634,13474.074294,10922.370379,12178.739632,1209.300223,1200.000000,0.000000,0.000000
2025-05-03,12924.530188,1958.687689,-38.030661,3984.800015,18829.987232,18822.802959,26314.905039,709.685556,1377.926218,80.543129,13225.365119,10696.873081,16926.309996,1200.000000,1217.414073,0.000000,0.000000
2025-05-04,33760.905383,3437.934826,-1056.864840,4408.323279,40550.298648,40543.346518,56823.394653,912.990064,2008.791464,3590.190503,18172.753798,14704.764334,952.328882,1217.414073,1234.265453,0.000000,0.000000
2025-05-05,35110.806152,3779.099162,-816.340312,1512.956699,39586.521701,39592.646585,58364.110238,317.734081,2250.997781,1820.378009,20338.021059,16487.158642,185.594874,1234.265453,1219.419249,0.000000,0.000000
2025-05-06,30612.739898,6583.174587,0.000000,4799.818734,41995.733219,42001.929996,50516.699292,1122.566206,5616.553245,0.000000,18464.324285,14969.621092,891.033183,1219.419249,1204.398781,0.000000,0.000000
2025-05-07,32866.923326,5390.281583,0.000000,2266.437127,40523.642036,40488.743353,53865.364921,487.362070,4920.332608,0.000000,19352.154982,15599.113208,452.171874,1204.398781,1288.990256,0.000000,0.000000
2025-05-08,36463.819440,2127.083054,-780.375365,274.290135,38084.817264,38103.058313,61699.310948,50.778016,1348.655569,3363.092643,19647.465300,15954.240187,215.914378,1288.990256,1244.775485,0.000000,0.000000
2025-05-09,13634.665954,653.228468,-16.729466,2530.221008,16801.385963,16704.215202,27014.562748,451.990516,417.709987,36.911684,13536.781107,10752.812313,16563.996923,1244.775485,1480.309244,0.000000,0.000000
2025-05-10,13458.218547,292.513534,-35.780604,4406.783250,18121.734727,18197.767696,26605.830028,989.034605,199.005045,76.069385,12772.152615,10511.311395,13335.913789,1480.309244,1296.011715,0.000000,0.000000
2025-05-11,35272.653238,2652.528123,-387.141474,589.970057,38128.009944,38076.725943,59346.846951,85.992789,1768.606287,1601.946681,19253.235278,15483.243277,345.428262,1296.011715,1420.319823,0.000000,0.000000
2025-05-12,31483.582525,5202.645508,0.000000,0.000000,36686.228033,36500.544001,51455.181944,0.000000,4837.087048,0.000000,17728.503778,13955.013819,587.583801,1420.319823,1870.402313,0.000000,0.000000
2025-05-13,36344.304704,2686.528916,-1250.759326,0.000000,37780.074295,37761.793816,61695.578888,0.000000,1873.488825,5212.963526,18589.697516,15017.775679,1654.969583,1870.402313,1914.712656,0.000000,0.000000
2025-05-14,36264.878123,1466.055819,-1131.963693,0.000000,36598.970249,36701.412686,59283.893843,0.000000,1316.830960,3556.487866,18756.760892,15416.456996,689.784259,1914.712656,1666.400797,0.000000,0.000000
2025-05-15,36851.732597,672.743225,-1248.031641,631.874984,36908.319164,36997.598870,58435.769505,152.958245,981.010894,2568.697549,19422.405636,15926.914418,740.491594,1666.400797,1449.994294,0.000000,0.000000
2025-05-16,14589.202907,0.000000,-639.739442,1208.537682,15158.001147,15261.137682,27186.433899,350.684555,0.000000,1186.698872,12184.157329,10094.162301,21544.918021,1449.994294,1200.000000,0.000000,0.000000
2025-05-17,14584.580678,120.267447,-353.535344,2555.340518,16906.653300,16858.093795,27552.261548,433.990155,82.649349,635.760850,12707.466313,10187.113971,14463.988775,1200.000000,1317.704159,0.000000,0.000000
2025-05-18,38263.556619,0.000000,-1458.669532,35.318698,36840.205785,36769.525797,63807.075035,5.236667,0.000000,5224.531400,19206.481805,15403.060144,1108.190540,1317.704159,1489.026513,0.000000,0.000000
2025-05-19,34073.783218,829.056955,-576.462326,2725.844720,37052.222567,37101.138107,56261.043966,408.698008,685.625401,1624.771106,18221.918063,14866.464073,4859.925728,1489.026513,1370.459356,0.000000,0.000000
2025-05-20,34411.417320,1642.757803,-82.797551,587.034300,36558.411872,36575.565797,56386.004910,86.401249,2089.748959,138.925850,18912.151711,15356.264590,339.947330,1370.459356,1328.879684,0.000000,0.000000
2025-05-21,32868.594270,3681.726641,-464.386528,1734.094676,37820.029059,37839.050892,52386.410071,280.069422,4052.753164,949.500167,17156.526739,13938.283252,1188.873719,1328.879684,1282.772358,0.000000,0.000000
2025-05-22,34827.112609,378.616000,-377.902924,412.595859,35240.421545,34983.108670,55575.923377,59.230335,603.615228,609.070216,19219.977805,15006.847713,599.937814,1282.772358,1906.477146,0.000000,0.000000
2025-05-23,14095.791961,1131.812198,-363.278753,297.993968,15162.319375,15234.914436,26640.695577,49.072320,802.885253,621.691130,12317.737250,10135.735069,18268.010956,1906.477146,1730.512816,0.000000,0.000000
2025-05-24,14966.301034,0.000000,-325.436460,303.563468,14944.428042,14700.161068,27549.749217,71.073076,0.000000,605.935806,12239.416610,9381.053095,20402.021589,1730.512816,2322.595437,0.000000,0.000000
2025-05-25,34652.947012,689.471413,-285.195439,0.000000,35057.222986,35132.606316,56617.298395,0.000000,536.708055,1309.501466,17015.685073,13947.155481,4230.965209,2322.595437,2139.872580,0.000000,0.000000
2025-05-26,33699.711918,4041.596642,-116.844306,0.000000,37624.464255,37688.653749,53750.582566,0.000000,5268.073766,188.423906,18137.664455,14831.539154,944.274175,2139.872580,1984.282640,0.000000,0.000000
2025-05-27,32573.753432,2545.828433,-356.087184,2679.452653,37442.947334,37603.985724,51239.832738,493.913968,3414.450647,572.687703,16670.300777,13854.252803,2369.094377,1984.282640,1593.939113,0.000000,0.000000
2025-05-28,36531.718227,920.790668,-876.310077,0.000000,36576.198818,36413.637801,60300.454195,0.000000,698.411245,3185.380409,18614.853223,14723.400290,1648.207997,1593.939113,1987.973359,0.000000,0.000000
2025-05-29,35709.156402,2453.648479,-401.231528,119.777696,37881.351048,37762.452123,58230.233706,17.817433,3230.881439,1767.345473,19549.713489,15575.887024,1627.637139,1987.973359,2276.174362,0.000000,0.000000
2025-05-30,14740.149815,309.933021,-421.402664,0.000000,14628.680173,14725.114823,26955.788474,0.000000,222.380250,724.193667,12022.979604,9948.988020,17783.750207,2276.174362,2042.424872,0.000000,0.000000
2025-05-31,16279.790809,0.000000,-885.615949,0.000000,15394.174860,15354.540002,29438.431536,0.000000,0.000000,1793.091794,12685.296517,10188.625770,16759.487445,2042.424872,2138.496437,0.000000,0.000000
2025-06-01,45128.770802,8380.951103,-1985.527121,4380.596211,55904.790994,56291.972913,73972.731535,1187.852868,5044.735352,5574.690617,19014.645234,16246.509433,637.667038,2138.496437,1200.000000,0.000000,0.000000
2025-06-02,46350.562757,6601.919426,-2248.442358,3237.673750,53941.713575,53941.713575,75693.163320,953.465468,3683.695868,7557.261136,21429.037813,17357.520629,60.738886,1200.000000,1200.000000,0.000000,0.000000
2025-06-03,42418.923472,9621.005439,-785.233171,275.194521,51529.890261,51521.444542,69703.205099,40.800759,6210.281633,3208.988856,19803.871919,16022.711713,771.771596,1200.000000,1220.471712,0.000000,0.000000
2025-06-04,49204.281107,2972.378882,-2815.960487,2378.078789,51738.778290,51747.224009,79987.622381,723.970470,1857.186791,8743.300764,20849.568665,16906.575160,237.224556,1220.471712,1200.000000,0.000000,0.000000
2025-06-05,41109.499246,10314.673679,-247.623832,2202.844654,53379.393747,53379.393747,68538.689052,741.795014,6967.051946,982.476935,20898.913717,16928.120110,144.947454,1200.000000,1200.000000,0.000000,0.000000
2025-06-06,17633.649650,8237.790043,-550.281938,135.732717,25456.890473,25456.890473,31527.435824,63.834921,5259.065397,1187.958889,13351.357922,10814.599917,2270.623848,1200.000000,1200.000000,0.000000,0.000000
2025-06-07,18276.646211,5384.472669,-249.852828,0.000000,23411.266052,23236.801933,34455.280970,0.000000,3464.906739,908.118809,14399.158913,11282.720991,2769.117812,1200.000000,1622.886365,0.000000,0.000000
2025-06-08,42852.389676,5539.848664,-1107.683212,110.459505,47395.014633,47259.405122,70089.400504,16.348628,3802.538779,4618.386164,18727.225442,14873.217156,250.970195,1622.886365,1951.592423,0.000000,0.000000
2025-06-09,48637.788655,2067.835644,-1330.977406,316.052745,49690.699638,49796.185220,77937.190136,46.781237,1291.588123,3913.631466,22458.458854,18421.471041,392.227484,1951.592423,1695.904235,0.000000,0.000000
2025-06-10,44802.890161,3256.758208,-127.118221,1741.920156,49674.450303,49879.038350,72400.263951,505.519451,3285.966480,516.112050,22376.024406,18570.893580,252.062772,1695.904235,1200.000000,0.000000,0.000000
2025-06-11,49503.743216,3520.180245,-203.913018,1200.893010,54020.903453,53796.065755,79026.685320,237.225083,2513.606668,470.179670,24006.231577,18954.558658,171.218166,1200.000000,1744.987688,0.000000,0.000000
2025-06-12,47656.764059,2144.675352,-289.847698,3.128743,49514.720456,49639.638255,76590.202363,0.464688,1142.245791,700.972547,22620.061627,18594.761141,554.248375,1744.987688,1442.197440,0.000000,0.000000
2025-06-13,19360.145156,2044.708378,-72.920446,0.000000,21331.933088,21063.094895,34041.731558,0.000000,1330.264518,173.640565,13968.328227,10727.868793,3612.582376,1442.197440,2093.838630,0.000000,0.000000
2025-06-14,19240.676930,1652.294848,-405.966779,110.252524,20597.257524,20916.357536,33099.838026,36.663194,942.776257,902.111434,12426.674716,10761.730974,5318.879552,2093.838630,1320.367014,0.000000,0.000000
2025-06-15,46204.599304,3471.006112,-300.789412,110.381461,49485.197465,49173.790443,73795.563495,16.364931,4458.473756,571.894834,23448.829901,18314.210212,1936.913326,1320.367014,2075.191467,0.000000,0.000000
2025-06-16,47754.717906,2159.416475,-286.478166,429.565313,50057.221528,50100.620028,76158.427155,63.656754,2438.151238,555.613693,23284.137775,18954.826483,1081.257346,2075.191467,1969.997150,0.000000,0.000000
2025-06-17,49317.818078,2004.251185,-373.617416,963.482554,51911.934401,52110.799039,78470.706576,141.714023,2273.111502,699.868814,23111.880679,19154.451404,1591.222796,1969.997150,1487.965978,0.000000,0.000000
2025-06-18,49688.666060,1109.962458,-1381.288207,661.679688,50079.019999,50018.214526,79876.897907,98.078432,1163.322994,3295.388505,21630.937611,17388.410842,2671.993159,1487.965978,1635.353337,0.000000,0.000000
2025-06-19,46464.946199,4522.681732,-1277.152760,964.979448,50675.454618,50623.266357,75013.733340,143.248998,4173.438626,3564.762432,22343.596032,17984.462823,3147.021123,1635.353337,1761.853295,0.000000,0.000000
2025-06-20,20804.129728,0.000000,-938.253359,1236.784431,21102.660800,21234.015755,35111.391459,231.425545,0.000000,1677.540201,12268.395215,10223.954159,9220.254897,1761.853295,1443.459923,0.000000,0.000000
2025-06-21,20535.136783,117.601272,-503.414470,0.000000,20149.323584,19828.833013,35488.180992,0.000000,75.232750,906.869050,13547.549802,10274.357346,12048.611837,1443.459923,2220.302138,0.000000,0.000000
2025-06-22,45257.546027,3660.814204,-775.382928,168.143148,48311.120450,48306.171020,73025.315057,24.457870,3329.014165,2352.521407,20834.498437,16865.146432,2599.572580,2220.302138,2232.299141,0.000000,0.000000
2025-06-23,46746.360028,96.274115,-859.514845,370.892915,46354.012213,46522.999593,74092.323686,54.395581,144.816659,1999.215840,21476.379984,17764.517875,1519.171977,2232.299141,1822.687932,0.000000,0.000000
2025-06-24,54443.522405,916.976369,-1108.716822,0.000000,54251.781952,54003.146109,85996.513587,0.000000,839.000312,2883.918370,24292.453782,19134.482411,2524.831909,1822.687932,2425.360323,0.000000,0.000000
2025-06-25,47114.873867,3156.343955,-840.675104,203.740129,49634.282847,49871.719817,76055.022144,30.226139,2750.875156,1912.521029,20726.383488,17306.345162,3066.142717,2425.360323,1849.833061,0.000000,0.000000
2025-06-26,46470.464547,1818.618410,-537.102553,727.095868,48479.076271,48450.621611,73647.754234,107.765175,2191.316976,859.854610,20646.181124,16661.332177,3554.748995,1849.833061,1918.804764,0.000000,0.000000
2025-06-27,21644.210069,0.000000,-1388.245230,58.797040,20314.761880,20262.561742,36728.124043,8.428475,0.000000,2817.498961,13017.863814,10430.593817,11560.137692,1918.804764,2045.333512,0.000000,0.000000
2025-06-28,20786.151713,0.000000,-807.003282,0.000000,19979.148431,20050.735023,35368.466966,0.000000,0.000000,1363.896918,12641.115859,10395.471742,9981.999815,2045.333512,1871.813627,0.000000,0.000000
2025-06-29,45120.162534,5978.232063,-816.707286,1878.818607,52160.505917,52022.007720,72796.336926,272.315036,5691.078206,1387.088057,21309.871999,16958.859126,3753.860705,1871.813627,2207.521619,0.000000,0.000000
2025-06-30,48957.902463,374.617375,-878.583524,997.261228,49451.197542,49576.028475,78173.361633,147.837372,244.240973,1782.262151,21541.243010,17720.728561,3084.979394,2207.521619,1904.941928,0.000000,0.000000
2025-07-01,42895.211222,16055.404616,0.000000,533.615585,59484.231422,59775.059131,68940.599149,104.585217,13238.573069,0.000000,20768.689945,17457.086591,105.610047,1904.941928,1200.000000,0.000000,0.000000
2025-07-02,41592.540344,11071.066210,0.000000,3940.680898,56604.287451,56604.287451,65712.906773,927.820632,10405.798681,0.000000,20777.006352,16829.375145,194.128513,1200.000000,1200.000000,0.000000,0.000000
2025-07-03,46746.742222,12399.886149,-130.141771,1117.476200,60133.962800,60129.986948,75200.836325,305.692556,9395.264520,572.441701,21376.402652,17306.212732,498.742846,1200.000000,1209.637130,0.000000,0.000000
2025-07-04,19074.991275,6649.046615,0.000000,7742.737468,33466.775358,33470.751210,33567.914597,2947.303869,4548.705833,0.000000,12543.234108,10168.693044,9808.515769,1209.637130,1200.000000,0.000000,0.000000
2025-07-05,19658.002769,7873.248320,0.000000,3707.598942,31238.850031,31238.850031,34724.695325,1623.249646,5406.257955,0.000000,12973.465849,10508.507338,10499.164448,1200.000000,1200.000000,0.000000,0.000000
2025-07-06,43945.583997,15392.099123,0.000000,3246.760984,62584.444104,62584.444104,69514.818041,809.250226,14601.241242,0.000000,23560.540605,19084.037890,654.825243,1200.000000,1200.000000,0.000000,0.000000
2025-07-07,44120.203058,6859.912975,-29.265768,10463.001212,61413.851478,61407.661846,70364.701801,2212.302150,6002.158827,130.284997,20570.706635,16648.769541,1117.457919,1200.000000,1215.003148,0.000000,0.000000
2025-07-08,51575.073004,2812.612804,-814.073930,486.899796,54060.511674,53889.933707,82094.333988,71.424049,1970.994438,3253.846607,22292.793551,17685.042783,703.768083,1215.003148,1628.469807,0.000000,0.000000
2025-07-09,51025.044390,1772.347662,-1260.064023,1068.826014,52606.154042,52737.945049,81805.310793,166.307074,1190.340464,4122.809820,21660.132137,17832.212326,1152.503683,1628.469807,1309.019480,0.000000,0.000000
2025-07-10,47684.069106,2881.856915,-85.754546,1653.736714,52133.908190,52128.596061,74944.408676,358.457946,2781.707062,369.031045,21773.793698,17625.184356,713.309915,1309.019480,1321.895634,0.000000,0.000000
2025-07-11,24567.436543,1120.553960,-485.575077,1450.189058,26652.604485,26702.893206,41233.979092,368.943417,903.398160,1103.278397,13879.023184,11351.714850,6356.956787,1321.895634,1200.000000,0.000000,0.000000
2025-07-12,23456.852125,3310.762499,0.000000,0.000000,26767.614624,26642.016660,40181.904377,0.000000,2404.899716,0.000000,13774.226793,10883.128682,8611.462648,1200.000000,1504.438911,0.000000,0.000000
2025-07-13,52058.064049,1134.525470,-2994.227776,1751.952743,51950.314486,52072.828726,81392.512244,275.047438,602.097443,8962.637050,20603.539125,16956.134491,391.895040,1504.438911,1207.474690,0.000000,0.000000
2025-07-14,47689.955453,3874.857530,-645.913970,87.262618,51006.161630,50749.628131,76965.685205,12.959203,2751.555776,2712.017519,20606.637837,16131.742567,735.608177,1207.474690,1829.290336,0.000000,0.000000
2025-07-15,53134.557990,604.534975,-2096.685049,886.812340,52529.220256,52495.695604,84499.379080,127.123329,300.697318,7337.043173,19569.238653,15777.948463,1049.815781,1829.290336,1910.551275,0.000000,0.000000
2025-07-16,51633.704980,286.295272,-779.488908,45.908404,51186.419748,51002.114678,80649.909373,6.794702,200.492418,2625.629081,20066.735073,15851.989408,1882.258363,1910.551275,2357.291277,0.000000,0.000000
2025-07-17,49875.276666,1444.502123,-812.136224,467.877557,50975.520122,51259.973188,78589.060169,68.861841,1299.758499,2442.754132,20980.849653,17615.029517,1428.690175,2357.291277,1667.800946,0.000000,0.000000
2025-07-18,27435.619492,17.386615,-1157.822207,0.000000,26295.183900,26024.549660,45231.415194,0.000000,9.219638,2939.301149,13614.067479,10436.999468,7850.017571,1667.800946,2323.795602,0.000000,0.000000
2025-07-19,27453.075869,64.589289,-1095.506311,0.000000,26422.158847,26607.533616,44600.015392,0.000000,39.592559,2634.853328,12079.927605,10189.140937,12931.148905,2323.795602,1874.462739,0.000000,0.000000
2025-07-20,53354.087765,589.235481,-1609.897927,0.000000,52333.425318,52132.780252,85078.538536,0.000000,400.663551,5726.219312,20222.857260,15942.802278,3382.949577,1874.462739,2360.809519,0.000000,0.000000
2025-07-21,54000.109687,693.245457,-1086.221677,0.000000,53607.133467,53409.130147,85260.777241,0.000000,428.138000,3719.983230,20788.639699,16406.849087,3597.392048,2360.809519,2840.752929,0.000000,0.000000
2025-07-22,53074.655706,1201.146586,-1304.108745,1063.549134,54035.242681,54421.438074,82980.497565,157.683054,1608.705278,2943.999142,19657.503023,16765.072110,5115.311225,2840.752929,1904.647750,0.000000,0.000000
2025-07-23,60596.653108,0.000000,-4493.366749,786.190757,56889.477116,56821.012583,94325.811643,116.561886,0.000000,12718.824636,21959.967490,17638.216620,3185.250906,1904.647750,2070.600024,0.000000,0.000000
2025-07-24,59739.707781,0.000000,-4212.460499,36.866591,55564.113873,55388.672798,92918.024030,5.468646,0.000000,12014.772997,20435.923678,16170.369198,3026.693200,2070.600024,2495.854447,0.000000,0.000000
2025-07-25,26467.958285,0.000000,-944.434278,0.000000,25523.524007,25633.928902,43507.840325,0.000000,0.000000,1819.672784,12641.242744,10480.257590,13021.862821,2495.854447,2228.242261,0.000000,0.000000
2025-07-26,26488.382213,0.000000,-851.827764,610.277653,26246.832102,26302.893351,44112.724120,87.482462,0.000000,1542.469924,13208.872421,10821.485642,11801.258312,2228.242261,2092.354503,0.000000,0.000000
2025-07-27,53626.588044,95.983752,-1526.521566,0.000000,52196.050230,52185.653477,84512.427280,0.000000,47.753110,4892.130414,21338.219290,17261.276856,1905.917743,2092.354503,2117.555357,0.000000,0.000000
2025-07-28,55298.617249,414.142935,-702.322495,0.000000,55010.437689,54802.086066,87194.132484,0.000000,302.034915,1751.123989,21958.328153,17331.721661,3163.559684,2117.555357,2622.582182,0.000000,0.000000
2025-07-29,54378.510844,2423.593945,-1246.461554,960.772602,56516.415837,56651.727818,85425.697919,142.028669,2512.103845,2910.376019,19952.812700,16456.964670,5604.360434,2622.582182,2294.597312,0.000000,0.000000
2025-07-30,49996.159701,4950.561097,-664.556144,0.000000,54282.164654,54186.049820,78182.638320,0.000000,5425.573090,1185.602803,20768.343722,16612.681562,4163.692397,2294.597312,2527.571593,0.000000,0.000000
2025-07-31,51753.132233,1387.372488,-540.519560,66.480089,52666.465249,52724.403880,81753.160437,9.868150,1339.542592,1033.654538,21724.967242,17723.618000,3372.571133,2527.571593,2387.133222,0.000000,0.000000
2025-08-01,26246.160086,0.000000,-958.335335,0.000000,25287.824751,25132.352475,43066.591867,0.000000,0.000000,1992.508403,12811.044060,10037.779130,17049.458868,2387.133222,2763.984954,0.000000,0.000000
2025-08-02,26612.372646,0.000000,-1170.680617,0.000000,25441.692028,25603.559153,43539.825142,0.000000,0.000000,2439.664606,12429.861144,10421.304605,18164.579064,2763.984954,2371.632644,0.000000,0.000000
2025-08-03,44505.789698,0.000000,-435.710025,384.786811,44454.866484,44698.440919,68670.967754,57.098528,0.000000,1160.594091,18698.370283,15677.043495,1706.665420,2371.632644,1781.228682,0.000000,0.000000
2025-08-04,47766.126067,1193.103527,-1142.330286,0.000000,47816.899307,47468.461270,73827.212710,0.000000,963.149488,3173.098452,19701.348991,15197.966611,1698.226283,1781.228682,2625.813207,0.000000,0.000000
2025-08-05,45929.717151,1037.287481,-370.510466,0.000000,46596.494167,46752.637867,71127.264821,0.000000,1464.574458,1138.502186,18822.651080,15586.978662,3065.354941,2625.813207,2247.333998,0.000000,0.000000
2025-08-06,51390.201794,0.000000,-2245.955472,72.302566,49216.548889,49453.584609,78965.855367,10.701186,0.000000,5580.474122,19235.882858,16098.164316,2143.964623,2247.333998,1672.779331,0.000000,0.000000
2025-08-07,50439.505944,781.736078,-2962.213851,748.988242,49008.016413,49042.110677,80940.190713,109.371193,593.814920,11009.521123,19211.734231,15635.882196,3670.018419,1672.779331,1590.137699,0.000000,0.000000
2025-08-08,24199.690363,0.000000,-289.930531,0.000000,23909.759832,23747.886169,41138.708117,0.000000,0.000000,518.146096,13730.867899,10768.871656,21883.394528,1590.137699,1982.505857,0.000000,0.000000
2025-08-09,24026.363763,0.000000,-257.000937,0.000000,23769.362826,23855.240705,40373.430459,0.000000,0.000000,427.976069,12863.738615,10606.972964,18766.759739,1982.505857,1774.345095,0.000000,0.000000
2025-08-10,46749.719418,0.000000,-662.562945,304.584601,46391.741074,46413.450759,72633.632646,44.685648,0.000000,1646.839586,18796.838145,15272.799103,2202.820616,1774.345095,1721.722644,0.000000,0.000000
2025-08-11,44532.817767,1792.921114,-914.127475,4797.682346,50209.293751,50349.938706,70594.899622,709.213886,1517.394036,2618.214956,19384.366280,16008.157082,2265.830056,1721.722644,1380.811093,0.000000,0.000000
2025-08-12,48046.285576,1713.424779,-1059.166929,311.082553,49011.625980,48770.978240,76797.707636,46.181350,1226.396247,4537.937162,19145.439759,14982.827294,1609.191957,1380.811093,1964.120994,0.000000,0.000000
2025-08-13,43445.845455,2952.277150,-43.420750,794.056158,47148.758012,47201.379838,68702.724884,116.738998,3256.384787,116.587392,19246.188262,15704.208288,2296.301854,1964.120994,1836.570110,0.000000,0.000000
2025-08-14,45219.699480,2873.167440,-562.546634,675.292236,48205.612521,48213.876916,70294.043967,98.870690,3562.573822,1735.104453,20766.790720,16839.129462,2366.431784,1836.570110,1816.537911,0.000000,0.000000
2025-08-15,23987.570822,0.000000,-994.390948,2255.558951,25248.738825,25441.672428,40130.170795,371.289309,0.000000,1921.640834,13656.348445,11482.531597,19246.275539,1816.537911,1348.883070,0.000000,0.000000
2025-08-16,25285.623911,208.609323,-1439.977927,2796.114355,26850.369662,26805.420159,41576.397363,415.155274,168.151678,3075.830167,13453.094937,10798.948462,19500.447306,1348.883070,1457.836889,0.000000,0.000000
2025-08-17,46081.680635,735.633809,-1028.123440,883.044781,46672.235786,46594.611684,73628.711150,131.052178,507.935074,4534.639970,19752.754235,15830.392059,2645.302640,1457.836889,1645.991191,0.000000,0.000000
2025-08-18,44930.682486,890.906609,-687.929539,2219.856287,47353.515843,47388.000131,70225.571531,352.026019,1223.828349,2130.398481,20782.704201,16909.218716,1403.426317,1645.991191,1562.404175,0.000000,0.000000
2025-08-19,44340.793076,34.821072,-293.204539,2062.309549,46144.719158,46206.390347,69299.167345,336.325696,35.108040,945.219148,19442.480216,15882.946177,848.187844,1562.404175,1412.918395,0.000000,0.000000
2025-08-20,48564.565960,5396.904339,-1526.995811,325.257615,52759.732103,52455.806505,78292.627458,48.193555,3276.587640,5826.804509,20886.960628,16255.417009,508.369458,1412.918395,2149.608506,0.000000,0.000000
2025-08-21,46090.068421,356.102599,-1357.476128,3205.307793,48294.002685,48640.410448,73132.145627,486.348768,286.231441,4960.850614,18012.860061,15346.113628,432.710305,2149.608506,1309.945197,0.000000,0.000000
2025-08-22,23527.039899,864.135412,-353.241984,1643.757680,25681.691008,25637.910477,39665.385647,347.812292,593.297516,781.953113,13763.296067,11052.761520,15883.438395,1309.945197,1416.065524,0.000000,0.000000
2025-08-23,22496.773603,1107.354072,-3.916981,0.000000,23600.210695,23656.683403,38820.176307,0.000000,782.246768,8.212812,13735.318343,11248.804447,14577.690217,1416.065524,1279.180425,0.000000,0.000000
2025-08-24,44953.309929,486.921969,-117.168419,30.918559,45353.982038,45282.129965,69410.454594,4.590871,397.535500,292.862551,21114.802830,16946.243244,1617.569346,1279.180425,1453.343811,0.000000,0.000000
2025-08-25,57428.820590,321.092386,-4957.881317,408.627909,53200.659568,53237.472871,90924.824232,60.600607,160.349415,15745.435072,20868.384745,16983.700762,742.568182,1453.343811,1364.111457,0.000000,0.000000
2025-08-26,45295.790375,1549.933292,-6.122641,94.698810,46934.299836,46669.075356,69689.759834,13.766887,2115.525960,9.798268,21291.792514,16667.758269,1656.401784,1364.111457,2006.993311,0.000000,0.000000
2025-08-27,45090.951072,4986.697336,-478.416231,2117.671238,51716.903415,52020.987912,70118.594931,318.923973,5728.592053,1428.591961,19756.581724,16666.198940,3732.987345,2006.993311,1269.918040,0.000000,0.000000
2025-08-28,43939.949423,5991.806955,-53.235296,963.189865,50841.710947,50805.104034,69645.203462,149.487128,6373.082490,93.303154,21951.349357,17700.734106,1056.059692,1269.918040,1358.650121,0.000000,0.000000
2025-08-29,24894.267042,0.000000,-420.712286,677.641612,25151.196367,25172.612202,41770.820513,104.929460,0.000000,839.213630,14691.281493,11946.657174,15736.691673,1358.650121,1306.739939,0.000000,0.000000
2025-08-30,23848.742063,78.622502,-152.509933,103.993415,23878.848047,23922.884202,40270.315353,49.025267,45.615238,389.897523,13953.671669,11398.539997,18907.206829,1306.739939,1200.000000,0.000000,0.000000
2025-08-31,44801.144679,1985.192737,-45.995522,1840.699895,48581.041790,48367.616136,69200.071945,269.366410,2109.506591,93.691261,20974.485088,16523.739657,387.885171,1200.000000,1717.325850,0.000000,0.000000
2025-09-01,48651.214422,162.850061,-3943.598569,95.416164,44965.882078,44228.157894,78074.053858,14.124650,137.580983,12476.146778,19720.378052,14364.142933,6819.243061,1717.325850,3505.507283,0.000000,0.000000
2025-09-02,42468.387027,2269.443635,-1309.374864,0.000000,43428.455799,43229.639583,66288.843962,0.000000,2935.214876,3019.466721,20100.993824,15848.082576,7893.925020,3505.507283,3987.421084,0.000000,0.000000
2025-09-03,44925.884923,21.599267,-1860.811232,74.208882,43160.881840,43277.177181,69802.916531,11.021667,19.874096,5241.695209,17000.789989,14024.341012,6067.950857,3987.421084,3705.530950,0.000000,0.000000
2025-09-04,44675.353992,0.000000,-1702.331919,13.919716,42986.941789,42973.503444,68108.362112,2.066313,0.000000,3735.825491,19624.706363,15866.696077,6691.027098,3705.530950,3738.104369,0.000000,0.000000
2025-09-05,22588.999225,0.000000,-1888.776781,0.000000,20700.222444,20928.090983,37088.230608,0.000000,0.000000,3420.488746,12660.733119,10752.294599,24935.041675,3738.104369,3185.770177,0.000000,0.000000
2025-09-06,22643.542156,0.000000,-1383.719994,0.000000,21259.822162,20934.284004,37724.197834,0.000000,0.000000,2485.161411,13798.237197,10466.402704,24186.118230,3185.770177,3974.847317,0.000000,0.000000
2025-09-07,41922.400399,2290.501060,-1261.936418,0.000000,42950.965041,43094.115550,63978.057963,0.000000,3219.769953,2357.405673,19573.348300,16166.698449,6472.788774,3974.847317,3627.862510,0.000000,0.000000
2025-09-08,41970.153832,1934.988803,-783.275908,0.000000,43121.866727,43381.218202,66763.667855,0.000000,1847.740657,2911.410593,18238.613863,15339.058793,3404.873315,3627.862510,2999.216328,0.000000,0.000000
2025-09-09,38000.020657,1516.777368,-338.286571,0.000000,39178.511454,39288.642664,58998.015263,0.000000,1378.260452,551.345629,19412.482836,15964.365016,3273.977999,2999.216328,2732.267530,0.000000,0.000000
2025-09-10,43169.498640,2674.337548,-1476.754323,1462.130688,45829.212552,45936.057726,69526.052617,296.376017,2553.665629,4809.036032,21269.583826,17461.448250,2442.924004,2732.267530,2473.283807,0.000000,0.000000
2025-09-11,43305.096252,0.000000,-2427.519245,0.000000,40877.577007,40987.456687,68326.022849,0.000000,0.000000,7454.373341,20008.494943,16446.586104,3813.654886,2473.283807,2206.944695,0.000000,0.000000
2025-09-12,19612.724500,0.000000,-262.106722,0.000000,19350.617778,19093.277589,34150.450533,0.000000,0.000000,441.661629,14243.293812,10975.674093,18889.512985,2206.944695,2830.715689,0.000000,0.000000
2025-09-13,19193.761328,93.389737,-210.063973,0.000000,19077.087093,18960.153437,33319.553493,0.000000,76.172861,353.841048,13728.427532,10864.932680,22171.288970,2830.715689,3114.153046,0.000000,0.000000
2025-09-14,45771.544253,0.000000,-2504.119244,0.000000,43267.425009,43714.940673,72121.012736,0.000000,0.000000,7220.313953,19108.376953,16454.051661,2147.048741,3114.153046,2029.412681,0.000000,0.000000
2025-09-15,36573.333274,1575.071908,-35.539037,1941.303160,40054.169304,40299.321745,57971.253945,367.960554,1366.119276,68.560047,20979.078365,17527.859501,1118.524230,2029.412681,1435.183764,0.000000,0.000000
2025-09-16,43004.619883,1337.761293,-1788.585502,55.381748,42609.177422,42654.018712,70102.940743,8.238267,845.858826,6478.015925,21067.102347,17162.175269,1082.324850,1435.183764,1326.492244,0.000000,0.000000
2025-09-17,41048.084987,1268.944373,-934.584381,116.823854,41499.268834,41551.453911,65491.618990,46.318995,969.804423,2502.750515,21096.219131,17201.780515,150.434877,1326.492244,1200.000000,0.000000,0.000000
2025-09-18,37180.041676,4793.993261,-13.884051,1145.542359,43105.693245,43077.421539,59120.344345,234.907640,5566.917790,28.959018,21400.283862,17272.554512,1809.430291,1200.000000,1268.528240,0.000000,0.000000
2025-09-19,17658.716955,1441.359112,-153.515011,118.423543,19064.984598,18839.225882,31798.092860,28.419377,986.318300,333.384705,15031.324217,11682.874474,13029.643771,1268.528240,1815.748398,0.000000,0.000000
2025-09-20,17491.118580,1034.787242,-207.565729,1397.495409,19715.835502,19742.301240,31475.881224,356.990998,650.848334,470.102569,14751.054185,12006.089542,13623.219610,1815.748398,1751.597674,0.000000,0.000000
2025-09-21,39961.531470,1388.036023,-458.257925,316.444784,41207.754353,41365.861199,64719.151087,84.335364,1156.688198,2000.440338,19993.214039,16539.417309,2218.450099,1751.597674,1368.359966,0.000000,0.000000
2025-09-22,41189.015085,4867.841998,-1639.963481,431.231940,44848.125543,44903.382506,66686.142857,161.162254,3102.806923,5444.488409,20997.412651,17128.448660,22.639750,1368.359966,1234.421730,0.000000,0.000000
2025-09-23,40759.647806,3260.302281,-579.252459,2478.893025,45919.590653,45902.350475,66064.537405,510.453407,1974.029587,2028.851036,21334.296165,17243.170024,312.427639,1234.421730,1276.210474,0.000000,0.000000
2025-09-24,36195.249726,7332.094694,0.000000,255.481823,43782.826242,43814.267296,58113.194708,85.681669,6873.922438,0.000000,21224.253109,17260.234445,45.555051,1276.210474,1200.000000,0.000000,0.000000
2025-09-25,38662.947180,5597.463443,-412.654859,627.164732,44474.920496,44474.920496,62151.228403,262.060159,5253.568712,1879.633665,20688.745033,16757.883477,1520.913153,1200.000000,1200.000000,0.000000,0.000000
2025-09-26,16750.034433,1292.931987,-328.419084,2789.238849,20503.786186,20503.786186,30874.453756,717.465419,915.115703,761.127961,14859.045376,12035.826755,11228.444796,1200.000000,1200.000000,0.000000,0.000000
2025-09-27,16055.886680,2755.746490,-7.978261,6689.061561,25492.716470,25492.716470,30056.106286,1429.091161,2054.934191,16.776134,14993.603175,12144.818572,12873.268651,1200.000000,1200.000000,0.000000,0.000000
2025-09-28,38698.918253,7431.824951,-36.496325,39.561369,46133.808249,46070.223530,62728.569661,5.868333,6231.840690,160.388158,21326.342221,17135.625586,1127.544725,1200.000000,1354.124014,0.000000,0.000000
2025-09-29,40141.055301,4073.700972,-638.627090,8310.043507,51886.172689,51949.757407,64862.207335,1708.522326,2591.645130,2715.355300,19887.733396,16247.775664,47.170158,1354.124014,1200.000000,0.000000,0.000000
2025-09-30,40433.615221,5572.189894,-6.027042,3369.765245,49369.543318,49369.543318,64623.649331,813.888364,4844.687758,18.263764,21902.303051,17740.865471,680.349342,1200.000000,1200.000000,0.000000,0.000000
2025-10-01,37426.513179,810.811740,-727.912982,0.000000,37509.411938,37151.278968,61137.972142,0.000000,668.580079,3038.053620,21421.951444,16570.504868,4255.530491,1200.000000,2068.084225,0.000000,0.000000
2025-10-02,41628.226241,472.801181,-2534.432314,0.000000,39566.595108,39338.347658,67037.446143,0.000000,279.160005,8612.495633,20735.053071,16297.465612,2535.739940,2068.084225,2621.336864,0.000000,0.000000
2025-10-03,14529.538110,1296.201487,-54.437480,132.490572,15903.792690,16051.793191,27595.618253,31.795194,1017.819669,97.653446,14042.064583,11696.939013,18385.300401,2621.336864,2262.596085,0.000000,0.000000
2025-10-04,16284.884123,209.855589,-302.095573,573.998738,16766.642877,16961.144512,30272.415167,147.594797,189.677927,588.674703,14733.983403,12358.836613,14549.883965,2262.596085,1791.140466,0.000000,0.000000
2025-10-05,41005.582584,517.780829,-2317.477732,0.000000,39205.885681,39176.617827,66786.483955,0.000000,403.498802,8084.752436,20948.017499,16904.045638,325.297393,1791.140466,1862.083285,0.000000,0.000000
2025-10-06,36203.540664,3494.663995,-23.167253,0.000000,39675.037406,39713.024076,57976.239381,0.000000,3844.466161,44.151041,20834.754573,16959.020050,167.710728,1862.083285,1770.006790,0.000000,0.000000
2025-10-07,37840.526997,3173.507904,-354.625997,0.000000,40659.408905,40569.285595,61326.567738,0.000000,2749.105985,1007.808257,20717.780985,16584.796401,1163.317882,1770.006790,1988.458120,0.000000,0.000000
2025-10-08,35117.848894,3201.466258,0.000000,1524.758837,39844.073989,39909.452680,57378.119778,296.035564,2715.906388,0.000000,20804.014575,16993.877013,101.428501,1988.458120,1829.985667,0.000000,0.000000
2025-10-09,41428.559342,2006.489759,-2870.052828,2750.211675,43315.207947,43366.209849,67714.897796,532.888174,1159.598265,9730.120016,20967.509732,17094.944775,44.717579,1829.985667,1706.361342,0.000000,0.000000
2025-10-10,15416.907591,2096.889905,-154.197240,285.261570,17644.861827,17551.610710,29747.227098,73.090880,1421.897921,366.053353,15512.336505,12361.562986,18381.778111,1706.361342,1932.394213,0.000000,0.000000
2025-10-11,15737.656540,580.127703,-14.900454,0.000000,16302.883788,16496.395272,30399.436657,0.000000,392.440385,35.746506,15614.332179,13069.759084,14105.243858,1932.394213,1463.338636,0.000000,0.000000
2025-10-12,37459.361764,2328.467335,-169.159225,896.759483,40515.429357,40624.071174,61637.741889,213.398368,1810.130842,749.117046,20709.403772,17011.621827,699.416126,1463.338636,1200.000000,0.000000,0.000000
2025-10-13,39123.169634,3703.297816,-1400.872655,0.000000,41425.594795,41286.364502,64321.730976,0.000000,2283.258196,5199.203537,21095.194170,16783.373000,66.569165,1200.000000,1537.482531,0.000000,0.000000
2025-10-14,40994.849485,1825.691950,-947.562869,1619.211046,43492.189613,43631.419905,66930.902751,385.140141,1721.186431,3712.720508,21242.677014,17510.302659,818.305176,1537.482531,1200.000000,0.000000,0.000000
2025-10-15,42168.076333,808.609303,-1203.263648,2867.191814,44640.613801,44611.415755,69324.578743,576.032927,473.751751,4054.861219,21833.248312,17621.234882,187.465122,1200.000000,1270.773612,0.000000,0.000000
2025-10-16,40109.505376,1973.481882,-11.145882,2869.991121,44941.832497,44953.752032,65413.879643,459.086919,1521.338191,26.879193,21818.899725,17699.311534,281.364419,1270.773612,1241.881661,0.000000,0.000000
2025-10-17,14699.456609,1755.592632,0.000000,2015.240718,18470.289959,18479.092043,29272.699818,492.496048,1368.835904,0.000000,15785.733206,12805.645859,12149.745107,1241.881661,1220.546147,0.000000,0.000000
2025-10-18,16590.228337,772.505604,-314.419339,0.000000,17048.314603,17039.329197,31607.986771,0.000000,555.263932,747.224866,15939.542672,12891.427683,12291.317580,1220.546147,1242.326016,0.000000,0.000000
2025-10-19,41379.621916,2228.462689,-392.990816,2791.947557,46007.041347,46019.153074,67180.207804,446.814048,1900.589879,1325.884703,21941.528772,17799.060331,173.536054,1242.326016,1212.968209,0.000000,0.000000
2025-10-20,44253.966049,316.545224,-850.143756,1584.089296,45304.456813,45309.806919,71469.394905,349.611370,221.146607,2298.318949,22149.337769,17952.634980,1104.348778,1212.968209,1200.000000,0.000000,0.000000
2025-10-21,43363.479074,3287.720392,-630.843308,0.000000,46020.356158,45888.203826,70857.692904,0.000000,2957.256278,1846.462164,22594.926274,18013.596749,924.576143,1200.000000,1520.326148,0.000000,0.000000
2025-10-22,41144.431459,2593.497917,0.000000,3032.877005,46770.806380,46902.442316,66968.380667,546.598523,2525.806095,0.000000,22185.932161,18257.772052,557.728477,1520.326148,1201.251701,0.000000,0.000000
2025-10-23,47922.140024,2748.155174,-3744.392424,591.792140,47517.694914,47447.276796,78162.974518,124.543509,1806.869763,12141.761699,22333.762325,17936.728643,176.095376,1201.251701,1371.939301,0.000000,0.000000
2025-10-24,15833.817621,1591.173054,0.000000,1950.878969,19375.869644,19408.145066,31016.035464,396.803883,1245.767451,0.000000,16602.423095,13518.372326,11154.505313,1371.939301,1293.706390,0.000000,0.000000
2025-10-25,15973.709415,1560.022894,0.000000,595.497505,18129.229813,18121.702890,31282.714295,166.580592,1119.971486,0.000000,16448.400502,13306.784240,10029.217377,1293.706390,1311.951019,0.000000,0.000000
2025-10-26,44231.794296,4080.312252,-2051.830976,954.345679,47214.621251,47034.803874,72067.794469,197.870885,3294.253392,6317.924858,22184.820655,17577.428742,90.289957,1311.951019,1747.813229,0.000000,0.000000
2025-10-27,39877.896019,5400.135611,-191.728610,378.880341,45465.183361,45660.070499,64357.608432,133.462837,5645.789352,853.873456,21406.399091,17764.334304,2088.340711,1747.813229,1275.423184,0.000000,0.000000
2025-10-28,40458.529233,4552.628883,-10.997163,2393.562152,47393.723105,47385.140202,65401.510425,437.914142,4735.819461,31.880454,21759.167720,17606.202043,417.976196,1275.423184,1296.227419,0.000000,0.000000
2025-10-29,44917.318653,2810.290824,-409.069105,1451.416194,48769.956566,48790.420037,73500.121414,276.617048,2121.596304,1312.599401,22743.782747,18467.105586,996.801404,1296.227419,1246.625684,0.000000,0.000000
2025-10-30,39920.648151,4868.184167,0.000000,498.334867,45287.167185,45303.424719,64698.905383,157.210230,4493.472083,0.000000,22030.493684,17880.166091,411.442452,1246.625684,1207.218789,0.000000,0.000000
2025-10-31,17575.624564,0.000000,-293.338390,3036.933352,20319.219525,20268.699216,33338.740859,668.674040,0.000000,729.887189,17307.225906,13908.641699,5974.651436,1207.218789,1329.675772,0.000000,0.000000
2025-11-01,16877.169123,814.036457,0.000000,11.380505,17702.586085,17739.123182,32443.355796,5.898163,686.096515,0.000000,16976.678294,13830.815986,7445.449732,1329.675772,1241.112919,0.000000,0.000000
2025-11-02,44550.925543,2670.889826,-343.474796,4208.580353,51086.920927,51082.167148,71982.670609,673.416413,2757.111179,835.704368,22882.619925,18524.551654,1423.041629,1241.112919,1252.635681,0.000000,0.000000
2025-11-03,47266.485094,1306.290819,-895.976295,0.000000,47676.799619,47536.947824,76968.990621,0.000000,821.794848,2825.285971,23137.122243,18435.978917,759.425889,1252.635681,1591.624680,0.000000,0.000000
2025-11-04,43625.251838,3219.609350,-262.287266,490.611144,47073.185066,47142.796692,70717.589266,90.311903,2315.074768,1142.560114,21452.130398,17528.085081,476.298474,1591.624680,1422.891949,0.000000,0.000000
2025-11-05,49251.382577,531.651676,-1758.578974,1053.187806,49077.643085,49099.589702,79347.329133,212.233774,349.544316,5292.339825,23389.227037,18993.150979,542.671273,1422.891949,1369.695195,0.000000,0.000000
2025-11-06,45465.846419,3839.805510,-34.714279,1472.384010,50743.321659,50792.673591,73773.487010,362.410595,3194.619792,122.190353,22168.664298,18064.280523,1734.358719,1369.695195,1250.070260,0.000000,0.000000
2025-11-07,17485.796672,1728.561199,0.000000,0.000000,19214.357872,18910.386501,33708.620332,0.000000,1216.234396,0.000000,18636.785485,14432.675290,7402.282749,1250.070260,1986.871319,0.000000,0.000000
2025-11-08,17371.265004,223.690010,0.000000,275.826251,17870.781265,18150.919043,33123.796716,56.241150,188.071813,0.000000,16690.769182,14130.650428,7016.783824,1986.871319,1307.840885,0.000000,0.000000
2025-11-09,47851.323915,1132.279734,-435.747253,0.000000,48547.856397,48498.607806,77040.944677,0.000000,764.281603,1497.752030,22929.741940,18465.653969,496.569096,1307.840885,1427.215332,0.000000,0.000000
2025-11-10,48137.371129,3428.606030,-302.581012,0.000000,51263.396146,51250.851238,77386.712347,0.000000,3163.868667,840.160541,23082.559157,18669.505893,1438.924109,1427.215332,1457.623136,0.000000,0.000000
2025-11-11,50202.867257,537.276324,-1269.387451,0.000000,49470.756130,49495.109999,79979.036586,0.000000,352.551005,3509.210023,22834.534509,18549.101511,977.924903,1457.623136,1398.591404,0.000000,0.000000
2025-11-12,47644.243810,2172.601605,-537.864674,299.468362,49578.449104,49589.684544,76726.030450,47.310468,1755.704306,1897.850748,22725.787246,18432.398058,1381.817536,1398.591404,1371.357640,0.000000,0.000000
2025-11-13,46443.218396,4116.804201,-134.137323,0.000000,50425.885273,50244.072426,74387.968113,0.000000,3307.084937,486.239249,22271.561008,17643.335259,184.716736,1371.357640,1812.056704,0.000000,0.000000
2025-11-14,18315.477468,0.000000,-87.003842,293.558289,18522.031915,18681.585610,34295.461572,54.554141,0.000000,186.999908,17454.597315,14486.294101,3596.257290,1812.056704,1425.311953,0.000000,0.000000
2025-11-15,19240.159184,0.000000,-317.783840,318.487399,19240.862743,19286.697276,36413.689135,67.436204,0.000000,967.694899,18320.867542,14939.891860,3920.567841,1425.311953,1314.212896,0.000000,0.000000
2025-11-16,48189.670996,4193.576292,-203.191738,0.000000,52180.055550,52192.398713,77248.392357,0.000000,3464.935531,738.997179,22652.170465,18375.184988,1262.800848,1314.212896,1284.294106,0.000000,0.000000
2025-11-17,46278.866701,4825.546196,-32.554784,0.000000,51071.858113,51049.328512,74001.903352,0.000000,4912.043864,52.234381,22752.968055,18380.755249,1793.745696,1284.294106,1338.903967,0.000000,0.000000
2025-11-18,48959.851592,1059.943597,-118.718437,2265.052996,52166.129748,52162.993065,78489.725694,501.589785,1087.557454,310.079348,24612.135659,19928.987134,195.093226,1338.903967,1346.507023,0.000000,0.000000
2025-11-19,48433.074134,4872.563886,-253.773433,1006.200973,54058.065559,54118.507846,77620.263478,191.274152,4271.230962,770.131180,22774.239170,18578.990048,1749.076691,1346.507023,1200.000000,0.000000,0.000000
2025-11-20,48398.437316,2565.906255,-9.866395,325.325660,51279.802837,51248.533124,77693.659798,70.093059,2198.592210,34.464189,24113.545010,19463.755818,485.015653,1200.000000,1275.795155,0.000000,0.000000
2025-11-21,18990.487339,530.602862,0.000000,0.000000,19521.090200,19361.907404,35606.251295,0.000000,449.018259,0.000000,18325.618760,14496.490046,3361.756772,1275.795155,1661.640877,0.000000,0.000000
2025-11-22,20336.733820,88.139475,-150.776861,0.000000,20274.096434,20397.017755,38831.518576,0.000000,54.811340,620.929781,18478.933905,15236.092319,4802.729066,1661.640877,1363.689926,0.000000,0.000000
2025-11-23,49425.752700,2793.792860,-248.110647,0.000000,51971.434913,51955.303499,78886.988524,0.000000,2264.266870,837.077803,23105.819040,18680.522350,656.784618,1363.689926,1402.791118,0.000000,0.000000
2025-11-24,48362.679113,1185.817618,-47.239281,2320.564345,51821.821794,51905.484396,77359.871593,456.792336,1051.811411,157.707029,23694.449123,19375.015796,229.391283,1402.791118,1200.000000,0.000000,0.000000
2025-11-25,56832.520210,48.072404,-2623.888161,22.809892,54279.514346,54275.067917,89429.660949,10.773464,30.642348,7583.466020,23338.711835,18894.656594,1274.895033,1200.000000,1210.777769,0.000000,0.000000
2025-11-26,52924.316757,1415.482536,-981.778926,1549.363212,54907.383580,54870.828246,84314.422756,222.099084,1092.992333,2693.998840,23976.079760,19340.878253,1542.646942,1210.777769,1299.384827,0.000000,0.000000
2025-11-27,51334.464836,1454.797989,-475.521356,349.135020,52662.876489,52603.059087,81640.258127,50.048025,1201.890388,1642.100560,23137.015027,18610.489052,942.677270,1299.384827,1444.377183,0.000000,0.000000
2025-11-28,19417.952167,6.624619,-18.620427,590.402888,19996.359247,19978.427324,36587.216034,96.581529,5.003624,45.511417,19153.596865,15475.294532,2043.748887,1444.377183,1487.842659,0.000000,0.000000
2025-11-29,23954.760158,0.000000,-1579.430855,0.000000,22375.329304,22482.243492,46103.860699,0.000000,0.000000,6588.380523,18286.533005,15045.327643,1344.824715,1487.842659,1228.691649,0.000000,0.000000
2025-11-30,53137.371637,2349.520968,-284.796712,985.410702,56187.506595,56196.777334,84588.290675,186.039408,2060.063249,789.839733,25047.264065,20308.508235,1060.969653,1228.691649,1206.220157,0.000000,0.000000
2025-12-01,55742.241022,4630.888624,-114.632076,5420.391629,65678.889198,65681.455358,87564.804199,1199.096523,3529.538774,420.158599,25549.070796,20700.345486,725.627854,1206.220157,1200.000000,0.000000,0.000000
2025-12-02,58067.445559,5668.814886,-575.442707,2491.134202,65651.951940,65644.378083,91380.142942,504.064284,4224.670644,1933.776254,25561.297053,20688.128059,664.122672,1200.000000,1218.358393,0.000000,0.000000
2025-12-03,51362.955850,12915.051863,0.000000,1559.463350,65837.471063,65845.044920,81434.331254,329.459167,11532.765040,0.000000,25498.480735,20670.291949,1305.618109,1218.358393,1200.000000,0.000000,0.000000
2025-12-04,57188.787975,6539.849725,-658.267015,5757.348403,68827.719089,68596.614325,89390.388724,1170.535527,4779.425417,1714.136405,25508.665982,20157.858770,1504.197301,1200.000000,1760.178528,0.000000,0.000000
2025-12-05,21543.873310,4369.011116,-0.346330,1671.544240,27584.082337,27660.930734,40981.500609,334.140650,4369.283196,1.552004,20690.527851,16926.974212,608.191129,1760.178528,1573.904469,0.000000,0.000000
2025-12-06,23237.659416,4514.255146,0.000000,574.509419,28326.423981,28383.462582,44273.484680,120.737621,4133.666483,0.000000,20594.765805,16806.191400,1074.683561,1573.904469,1435.647694,0.000000,0.000000
2025-12-07,59289.690340,3097.312493,-624.371210,3158.924618,64921.556241,65008.165380,92705.672057,651.621321,2283.782824,2428.494483,25000.355985,20439.228295,998.772779,1435.647694,1225.714420,0.000000,0.000000
2025-12-08,60952.927684,918.186667,-553.712144,0.000000,61317.402207,61237.420889,95362.053812,0.000000,732.596987,1877.948078,25043.191861,20110.504215,1436.803958,1225.714420,1419.582412,0.000000,0.000000
2025-12-09,60616.130107,1247.061076,-801.431673,568.761725,61630.521234,61473.523779,94645.069225,98.160743,788.654210,2589.598762,25509.534824,20320.229433,364.525757,1419.582412,1800.131050,0.000000,0.000000
2025-12-10,57607.300737,2946.277001,-74.596284,1668.228460,62147.209914,62375.812359,90273.891749,370.200285,2852.127651,189.435795,24705.377332,20510.057445,723.845537,1800.131050,1246.017932,0.000000,0.000000
2025-12-11,60494.325903,277.303238,-1250.842836,106.016424,59626.802728,59584.413147,94706.901317,50.508063,211.146803,3521.640920,25206.294175,20324.624377,603.990765,1246.017932,1348.766715,0.000000,0.000000
2025-12-12,24484.611259,2627.140002,-155.804477,0.000000,26955.946784,26904.226656,47259.336810,0.000000,2766.146986,592.119112,21042.572538,16931.655036,1608.033698,1348.766715,1474.131959,0.000000,0.000000
2025-12-13,25334.746808,1413.538579,-296.469333,0.000000,26451.816055,26374.571079,48710.905249,0.000000,1319.066500,973.536792,21283.937928,17071.477924,1045.441569,1474.131959,1661.367290,0.000000,0.000000
2025-12-14,57400.981587,3336.714687,-3.644576,4623.199047,65357.250745,65424.170707,90112.368586,963.443307,3250.188523,10.565519,25091.351657,20469.982372,915.343811,1661.367290,1499.158923,0.000000,0.000000
2025-12-15,58315.825962,4669.996210,-67.860620,30.136312,62948.097864,62742.608833,91743.201973,6.125889,4233.436026,160.352214,25429.399385,20149.534172,1072.988495,1499.158923,1997.247067,0.000000,0.000000
2025-12-16,62697.292039,613.099670,-656.108933,0.000000,62654.282777,62786.587637,96904.583609,0.000000,394.396136,1615.501383,23999.818377,19728.479162,1994.047813,1997.247067,1676.551204,0.000000,0.000000
2025-12-17,62536.114194,1296.128613,-1796.615922,0.000000,62035.626884,62148.049861,97541.387844,0.000000,671.170177,5000.192057,23894.831863,19600.067273,725.754308,1676.551204,1404.047355,0.000000,0.000000
2025-12-18,59762.206918,176.046582,-88.302189,0.000000,59849.951312,59848.620708,93016.995538,0.000000,223.123604,206.363058,25194.695589,20404.800682,877.594210,1404.047355,1407.272627,0.000000,0.000000
2025-12-19,24871.880978,2355.985273,-551.194408,0.000000,26676.671843,26733.262290,47173.276693,0.000000,2205.946882,1731.126059,20262.000986,16535.674239,1013.379469,1407.272627,1270.102138,0.000000,0.000000
2025-12-20,26541.391484,890.859870,-875.722716,0.000000,26556.528637,26329.454204,50337.004788,0.000000,552.403620,2729.638596,21405.565462,16843.139613,740.991713,1270.102138,1820.511484,0.000000,0.000000
2025-12-21,61412.405705,1666.119045,-756.735610,1554.066886,63875.856027,64029.266371,95747.566076,297.041460,1420.818013,1962.473652,24440.052796,20131.111170,2156.228404,1820.511484,1448.657701,0.000000,0.000000
2025-12-22,60713.264354,1103.028169,-228.541396,0.000000,61587.751127,61525.020886,94684.351234,0.000000,647.613408,526.373498,24657.204773,19835.488318,1046.447605,1448.657701,1600.710532,0.000000,0.000000
2025-12-23,62565.765864,982.389507,-1765.725319,0.000000,61782.430051,61800.134928,97394.035295,0.000000,508.494694,4549.386730,24927.898393,20230.221320,1397.373651,1600.710532,1557.795398,0.000000,0.000000
2025-12-24,61915.777425,776.359063,-1103.748432,187.605567,61775.993624,61738.598784,96192.345276,32.298454,449.042077,2675.196727,24962.267094,20137.858592,1319.521261,1557.795398,1648.437347,0.000000,0.000000
2025-12-25,59023.111993,2032.480977,-189.038360,59.123899,60925.678510,60915.997615,92573.494765,14.799474,1845.373978,435.790024,25132.034911,20335.829170,1389.223918,1648.437347,1671.903023,0.000000,0.000000
2025-12-26,25574.742593,624.668988,-373.689844,0.000000,25825.721737,25827.920619,48638.561162,0.000000,340.623256,1059.230193,20618.942505,16706.140344,999.529631,1671.903023,1666.573117,0.000000,0.000000
2025-12-27,26360.664941,1606.777271,-746.125851,0.000000,27221.316361,27012.094817,50475.492519,0.000000,944.250374,2314.838781,21206.099278,16720.518516,1280.514284,1666.573117,2173.708561,0.000000,0.000000
2025-12-28,61262.390605,363.454210,-1046.234680,336.887168,60916.497303,61015.683643,95203.043758,57.835642,204.666295,2506.445186,23840.351415,19527.062063,1836.556406,2173.708561,1933.289209,0.000000,0.000000
2025-12-29,60203.856123,487.390956,-622.337191,1225.973840,61294.883727,61558.743140,94614.555260,219.252786,615.683481,1493.570400,24204.140650,20180.969668,2408.983878,1933.289209,1293.716163,0.000000,0.000000
2025-12-30,61703.658893,484.794806,-1320.651158,1385.058086,62252.860627,62209.898212,96513.466326,223.546508,332.224918,3444.713288,24289.801023,19581.015273,2691.336113,1293.716163,1397.853447,0.000000,0.000000
2025-12-31,62515.036355,340.394798,-1059.592195,593.987251,62389.826208,62417.915246,97908.994716,135.177108,182.512273,3038.287505,25008.918472,20318.500882,1851.556068,1397.853447,1329.767981,0.000000,0.000000
