day,generation,best,mean
2025-02-10,0,86457.4272467470,99081.0378560421
2025-02-10,1,86309.1392789952,95286.2626751635
2025-02-10,2,84017.3611055171,91830.5481754930
2025-02-10,3,80967.5846942442,89507.2871288518
2025-02-10,4,79725.4692447216,87446.4275795361
2025-02-10,5,77313.7227306231,85587.2158749695
2025-02-10,6,76231.1928293018,83460.8844832098
2025-02-10,7,74029.1913697515,81444.0631761307
2025-02-10,8,73142.5028530932,79276.2305495894
2025-02-10,9,70281.9463209642,77946.0369792691
2025-02-10,10,69323.8565106452,76408.7299421311
2025-02-10,11,69013.4660849340,75034.9168343863
2025-02-10,12,68728.1942181873,73948.4650294125
2025-02-10,13,65255.0151868582,72769.2103483654
2025-02-10,14,65255.0151868582,71855.1952887133
2025-02-10,15,65255.0151868582,71104.7934030213
2025-02-10,16,63250.3421906495,70428.1842273554
2025-02-10,17,63250.3421906495,69722.3636316034
2025-02-10,18,62918.6451169137,69564.4593292384
2025-02-10,19,62918.6451169137,69109.9661960209
2025-02-10,20,62918.6451169137,67700.9321541262
2025-02-10,21,62918.6451169137,67885.9902169513
2025-02-10,22,62752.5091111287,66761.5807099362
2025-02-10,23,61572.7783513479,66276.0416735108
2025-02-10,24,61572.7783513479,66166.2676747588
2025-02-10,25,60547.6638716458,65391.0453639162
2025-02-10,26,60150.0854892967,65175.8439918116
2025-02-10,27,60150.0854892967,64639.6403291862
2025-02-10,28,60150.0854892967,63888.6653208693
2025-02-10,29,59822.1171364816,63881.0868292004
2025-02-10,30,59822.1171364816,63667.5697477233
2025-02-10,31,59637.8553995644,63652.8937496715
2025-02-10,32,59637.8553995644,63616.2824082748
2025-02-10,33,59637.8553995644,63143.6400453151
2025-02-10,34,59613.5936940259,63403.3211999665
2025-02-10,35,59248.7185460531,62956.6537421833
2025-02-10,36,58947.6394301340,63090.3856995336
2025-02-10,37,58947.6394301340,63373.1513280565
2025-02-10,38,58947.6394301340,63334.1704737210
2025-02-10,39,58947.6394301340,62553.0326795818
2025-02-10,40,58947.6394301340,62473.4261655055
2025-02-10,41,58947.6394301340,62188.1947085020
2025-02-10,42,58947.6394301340,62508.0754574130
2025-02-10,43,58947.6394301340,62313.4933651182
2025-02-10,44,58810.9294511325,62294.4949094662
2025-02-10,45,58675.3726572623,61966.9373919238
2025-02-10,46,58574.8613279246,62410.6523704544
2025-02-10,47,58574.8613279246,62389.9442548654
2025-02-10,48,58574.8613279246,61778.6178174145
2025-02-10,49,58343.4040192311,61473.5522604122
2025-02-10,50,58343.4040192311,61807.0231780801
2025-02-10,51,58343.4040192311,61905.1450696651
2025-02-10,52,58343.4040192311,62149.8737778106
2025-02-10,53,58343.4040192311,62878.0615689055
2025-02-10,54,58343.4040192311,62332.8509968599
2025-02-10,55,58343.4040192311,62332.9013521267
2025-02-10,56,58343.4040192311,61917.4974209305
2025-02-10,57,58316.1691613720,61908.4145299037
2025-02-10,58,58316.1691613720,61770.6425338156
2025-02-10,59,58316.1691613720,61371.0064557629
2025-02-10,60,58316.1691613720,60932.0028953682
2025-02-10,61,58316.1691613720,61718.5010261669
2025-02-10,62,58316.1691613720,62000.3877721950
2025-02-10,63,58144.5015374730,62490.3828583492
2025-02-10,64,58144.5015374730,62098.0503682783
2025-02-10,65,57889.6154301346,61691.1455593735
2025-02-10,66,57889.6154301346,61868.3051740534
2025-02-10,67,57889.6154301346,61901.0234711371
2025-02-10,68,57889.6154301346,61617.3892991226
2025-02-10,69,57760.8033840936,61369.0522790537
2025-02-10,70,57760.8033840936,61132.5049063534
2025-02-10,71,57548.9178563573,61137.8381155086
2025-02-10,72,57548.9178563573,61050.0969625227
2025-02-10,73,57548.9178563573,61535.6591864642
2025-02-10,74,57548.9178563573,61535.1700214924
2025-02-10,75,57548.9178563573,60830.7518562715
2025-02-10,76,57548.9178563573,60912.1120308518
2025-02-10,77,57548.9178563573,61004.1480468748
2025-02-10,78,57548.9178563573,61103.4475582608
2025-02-10,79,57548.9178563573,61132.1450163810
2025-02-10,80,57548.9178563573,60610.8883809426
2025-02-10,81,57548.9178563573,61076.2197936081
2025-02-10,82,57548.9178563573,61005.0532589084
2025-02-10,83,57548.9178563573,60902.4547111935
2025-02-10,84,57548.9178563573,61546.7102870972
2025-02-10,85,57548.9178563573,61203.3025849683
2025-02-10,86,57548.9178563573,60716.9696204967
2025-02-10,87,57548.9178563573,61081.0267935252
2025-02-10,88,57548.9178563573,61319.6566280885
2025-02-10,89,57548.9178563573,60681.6083407504
2025-02-10,90,57548.9178563573,60677.9518669268
2025-02-10,91,57548.9178563573,61227.8620234951
2025-02-10,92,57548.9178563573,61253.8200935302
2025-02-10,93,57548.9178563573,61480.7247516546
2025-02-10,94,57548.9178563573,61600.9542571772
2025-02-10,95,57548.9178563573,61174.9644020879
2025-02-10,96,57548.9178563573,61283.0461345213
2025-02-10,97,57548.9178563573,61617.3385253377
2025-02-10,98,57548.9178563573,61707.0196263910
2025-02-10,99,57548.9178563573,61153.4632115634
2025-02-10,100,57548.9178563573,60600.5043024536
2025-02-10,101,57548.9178563573,61160.9586216296
2025-02-10,102,57548.9178563573,61366.4173749038
2025-02-10,103,57548.9178563573,61644.3772058652
2025-02-10,104,57530.3254111134,61087.1766928751
2025-02-10,105,57530.3254111134,60704.0545905580
2025-02-10,106,57530.3254111134,60166.4199956612
2025-02-10,107,57530.3254111134,61593.1474122541
2025-02-10,108,57530.3254111134,60678.0333431784
2025-02-10,109,57530.3254111134,61138.2515208441
2025-02-10,110,57530.3254111134,61622.3660682295
2025-02-10,111,57530.3254111134,61831.5257579046
2025-02-10,112,57492.4137092864,61367.1111432824
2025-02-10,113,57492.4137092864,61045.1673068808
2025-02-10,114,57492.4137092864,60828.9567043278
2025-02-10,115,57492.4137092864,60943.0630386172
2025-02-10,116,57492.4137092864,61397.4051283860
2025-02-10,117,57492.4137092864,61150.4714662248
2025-02-10,118,57492.4137092864,60784.2927024998
2025-02-10,119,57492.4137092864,60953.3334238481
2025-03-18,0,89711.7024331389,98078.7118589468
2025-03-18,1,85917.3550312768,94452.1206400833
2025-03-18,2,82096.6282952984,92239.7531691560
2025-03-18,3,82096.6282952984,90936.4234745550
2025-03-18,4,79805.3461536200,89199.3352500153
2025-03-18,5,78903.0844384928,86925.3948568984
2025-03-18,6,78535.0132786803,84522.1902108623
2025-03-18,7,77464.0752577703,82598.8670101540
2025-03-18,8,75340.2129133041,81380.2055354912
2025-03-18,9,72221.4386255117,79517.2381228734
2025-03-18,10,72221.4386255117,78626.7391815954
2025-03-18,11,69329.8546428047,76969.0149242273
2025-03-18,12,69007.8647429355,75757.3912585267
2025-03-18,13,68735.0645102600,74001.7888358749
2025-03-18,14,65554.9968555544,72614.9855964101
2025-03-18,15,65044.2884570144,70743.6767988740
2025-03-18,16,62819.6592502438,69792.0311465216
2025-03-18,17,61082.6517162926,68312.0061479227
2025-03-18,18,61053.0099038420,66704.0452384840
2025-03-18,19,61053.0099038420,65821.3629038385
2025-03-18,20,60920.9190697956,64408.9884198372
2025-03-18,21,58591.2612969635,63838.2380890280
2025-03-18,22,58591.2612969635,63419.5217032027
2025-03-18,23,58591.2612969635,63125.2533897220
2025-03-18,24,58591.2612969635,62610.1745174930
2025-03-18,25,58475.0374333964,61608.2793963828
2025-03-18,26,57631.2862135205,60771.4936123553
2025-03-18,27,56802.0127048408,60819.9322679028
2025-03-18,28,55140.8924269892,60385.0013215732
2025-03-18,29,55140.8924269892,59985.1653921234
2025-03-18,30,55140.8924269892,59552.8800124244
2025-03-18,31,53022.4035964501,59570.4661884914
2025-03-18,32,53022.4035964501,58594.9518277426
2025-03-18,33,53022.4035964501,58705.2053904034
2025-03-18,34,53022.4035964501,58085.2516872621
2025-03-18,35,53022.4035964501,57626.4379689643
2025-03-18,36,53022.4035964501,57942.2487006980
2025-03-18,37,53022.4035964501,57863.8227938399
2025-03-18,38,53022.4035964501,57153.9735925822
2025-03-18,39,52790.0989719694,57652.5868898420
2025-03-18,40,52162.0920155911,57031.0569167804
2025-03-18,41,52162.0920155911,56972.8847818096
2025-03-18,42,52162.0920155911,56666.7822405048
2025-03-18,43,52162.0920155911,56830.9761590263
2025-03-18,44,51831.8935773926,56373.7678947347
2025-03-18,45,51584.5834388933,56354.4899837468
2025-03-18,46,50570.5192718443,55939.0693698854
2025-03-18,47,50570.5192718443,55400.7541752120
2025-03-18,48,50570.5192718443,55080.9237726766
2025-03-18,49,50570.5192718443,55244.7137705548
2025-03-18,50,50570.5192718443,55119.2915852418
2025-03-18,51,50570.5192718443,54912.2566762325
2025-03-18,52,50570.5192718443,54142.7043801713
2025-03-18,53,50570.5192718443,54430.5684231349
2025-03-18,54,50570.5192718443,54117.6158572364
2025-03-18,55,50570.5192718443,54136.6853285234
2025-03-18,56,50570.5192718443,53861.3601617685
2025-03-18,57,49775.3891533167,53967.6651722294
2025-03-18,58,49775.3891533167,53713.2919213926
2025-03-18,59,49775.3891533167,53793.3488192869
2025-03-18,60,49775.3891533167,53548.3417301756
2025-03-18,61,49775.3891533167,53109.5731303138
2025-03-18,62,49775.3891533167,53107.4326046437
2025-03-18,63,49775.3891533167,53112.9868248644
2025-03-18,64,49775.3891533167,53204.8579511394
2025-03-18,65,49775.3891533167,53087.9128552061
2025-03-18,66,49775.3891533167,53258.5306865622
2025-03-18,67,49775.3891533167,53487.2418263462
2025-03-18,68,49775.3891533167,53183.5998807030
2025-03-18,69,49775.3891533167,53437.4979043662
2025-03-18,70,49775.3891533167,53166.7809861057
2025-03-18,71,49775.3891533167,53093.2822114879
2025-03-18,72,49775.3891533167,53321.7488264491
2025-03-18,73,49775.3891533167,53472.2297533144
2025-03-18,74,49775.3891533167,53234.4500472855
2025-03-18,75,49775.3891533167,52777.8818577042
2025-03-18,76,49775.3891533167,52943.8349310248
2025-03-18,77,49555.7205313698,52735.6324565695
2025-03-18,78,49555.7205313698,52662.8837369876
2025-03-18,79,49555.7205313698,52366.0707498241
2025-03-18,80,49555.7205313698,52297.8197865108
2025-03-18,81,49555.7205313698,51922.7797832713
2025-03-18,82,49555.7205313698,51928.2948470042
2025-03-18,83,49547.6215979736,52459.7333529203
2025-03-18,84,49326.8378670853,51802.1570579600
2025-03-18,85,49326.8378670853,52046.7524757488
2025-03-18,86,49326.8378670853,52685.2504266832
2025-03-18,87,49326.8378670853,52595.3993084848
2025-03-18,88,49326.8378670853,52495.3427643969
2025-03-18,89,49326.8378670853,52700.2184050422
2025-03-18,90,49326.8378670853,52569.3368204068
2025-03-18,91,49326.8378670853,52557.6525769423
2025-03-18,92,49326.8378670853,52604.6608377313
2025-03-18,93,49326.8378670853,52878.5558213238
2025-03-18,94,49326.8378670853,52835.0745811106
2025-03-18,95,49326.8378670853,52896.9639491971
2025-03-18,96,49326.8378670853,52703.8174079004
2025-03-18,97,49326.8378670853,52983.9244968353
2025-03-18,98,49326.8378670853,53196.8818587258
2025-03-18,99,49326.8378670853,53149.5863080408
2025-03-18,100,49326.8378670853,53677.4480585439
2025-03-18,101,49326.8378670853,53633.7899763244
2025-03-18,102,49326.8378670853,53300.9266972493
2025-03-18,103,49326.8378670853,52549.5863089205
2025-03-18,104,49326.8378670853,52562.5561217548
2025-03-18,105,49326.8378670853,52715.5223447239
2025-03-18,106,49326.8378670853,52582.2675040458
2025-03-18,107,49326.8378670853,53094.4561936062
2025-03-18,108,49326.8378670853,52655.5712855851
2025-03-18,109,49326.8378670853,52735.0946450021
2025-03-18,110,49326.8378670853,52504.2440305779
2025-03-18,111,49326.8378670853,52510.0439543852
2025-03-18,112,49326.8378670853,52772.9230615728
2025-03-18,113,49326.8378670853,53053.7319330545
2025-03-18,114,49326.8378670853,52849.4678476272
2025-03-18,115,49326.8378670853,52845.7392178556
2025-03-18,116,49326.8378670853,53247.4166346124
2025-03-18,117,49326.8378670853,52741.7762252986
2025-03-18,118,49326.8378670853,52675.1723108939
2025-03-18,119,49321.9953287132,52974.7079080795
2025-04-23,0,77795.2120356411,85514.4494324056
2025-04-23,1,74083.3569591173,83142.4114200631
2025-04-23,2,74083.3569591173,80533.4087906761
2025-04-23,3,71852.2690436536,77974.4114205880
2025-04-23,4,71852.2690436536,76670.3192336556
2025-04-23,5,66731.3922363847,75057.6474828117
2025-04-23,6,66108.4303037323,72949.0340632930
2025-04-23,7,65753.8729222421,71681.7492588507
2025-04-23,8,63614.3203714482,70582.4363549412
2025-04-23,9,63573.6762160392,68627.0372937618
2025-04-23,10,63573.6762160392,67589.4941187214
2025-04-23,11,61251.3347234667,66398.6695682549
2025-04-23,12,60917.1074885364,65821.4410653430
2025-04-23,13,57481.5465727757,64675.2442760216
2025-04-23,14,56550.0067490809,63607.5193497187
2025-04-23,15,56487.8264168907,62344.8076107503
2025-04-23,16,55686.5949120402,61154.1325154671
2025-04-23,17,55686.5949120402,60509.3688616821
2025-04-23,18,55321.1998011635,59956.8160003642
2025-04-23,19,53814.5729026152,59434.7881732498
2025-04-23,20,52432.2535943069,58332.1982760090
2025-04-23,21,52432.2535943069,56948.3538261470
2025-04-23,22,52341.6488216292,55999.2803213829
2025-04-23,23,51233.5700123315,55749.5555789571
2025-04-23,24,51233.5700123315,54935.2749755126
2025-04-23,25,50858.2926698213,54545.8559872089
2025-04-23,26,50080.1237502252,54535.8074347195
2025-04-23,27,49982.7358330038,54366.9068474615
2025-04-23,28,49587.6429535805,53881.6755242140
2025-04-23,29,48973.5575278035,53336.3550840738
2025-04-23,30,48973.5575278035,53046.3457150564
2025-04-23,31,48743.2235786827,52783.1289736691
2025-04-23,32,48573.8594303028,51594.7614190603
2025-04-23,33,47609.5785465566,51418.2956022927
2025-04-23,34,47609.5785465566,51287.6268821289
2025-04-23,35,47609.5785465566,51233.1387188524
2025-04-23,36,47268.7804384921,51181.5462986872
2025-04-23,37,46835.1351666177,50973.2414105887
2025-04-23,38,46453.7256780913,50708.3941974176
2025-04-23,39,45754.9184942164,49971.9408958929
2025-04-23,40,44833.0406333213,49207.1600960765
2025-04-23,41,44833.0406333213,49500.3972853207
2025-04-23,42,44833.0406333213,49504.4891855424
2025-04-23,43,44833.0406333213,49161.8728678219
2025-04-23,44,44833.0406333213,49125.1004756098
2025-04-23,45,44833.0406333213,49661.2825414477
2025-04-23,46,44350.4335812377,49272.3708939461
2025-04-23,47,44350.4335812377,48645.6227286753
2025-04-23,48,44350.4335812377,48163.0024676213
2025-04-23,49,44251.3121692228,48331.2749970561
2025-04-23,50,44096.2968487300,48099.0942987087
2025-04-23,51,43629.7683244499,47770.6466096533
2025-04-23,52,43281.3075564551,47476.5091701005
2025-04-23,53,43281.3075564551,47527.6456813923
2025-04-23,54,43281.3075564551,47163.1506560915
2025-04-23,55,42892.1997364943,46937.4024582297
2025-04-23,56,42892.1997364943,46536.0912685483
2025-04-23,57,42892.1997364943,46275.6572364117
2025-04-23,58,42372.9054706138,46403.5511841267
2025-04-23,59,41746.2610448425,45992.4759173238
2025-04-23,60,41746.2610448425,46059.4220931517
2025-04-23,61,41746.2610448425,45402.7791885899
2025-04-23,62,41746.2610448425,45021.3355151107
2025-04-23,63,41746.2610448425,45700.8363575564
2025-04-23,64,41724.9882496560,45120.5927315692
2025-04-23,65,41724.9882496560,44895.4922584482
2025-04-23,66,41559.7428648479,44594.5562759644
2025-04-23,67,41431.0179176024,44689.9077265165
2025-04-23,68,41431.0179176024,44981.2224235723
2025-04-23,69,41431.0179176024,44874.5286317353
2025-04-23,70,41431.0179176024,44950.1292473596
2025-04-23,71,41403.2375767392,45342.2306373117
2025-04-23,72,41403.2375767392,45467.9181621915
2025-04-23,73,41403.2375767392,45324.4717450419
2025-04-23,74,41310.3509076208,45262.2923651332
2025-04-23,75,41310.3509076208,45233.3067750817
2025-04-23,76,41310.3509076208,45206.5428898170
2025-04-23,77,41310.3509076208,45243.0260424567
2025-04-23,78,41310.3509076208,45194.3331958477
2025-04-23,79,41160.4420983466,45077.8330651579
2025-04-23,80,39748.9113489108,45146.8439815146
2025-04-23,81,39748.9113489108,45334.3941886559
2025-04-23,82,39748.9113489108,45355.4298974438
2025-04-23,83,39748.9113489108,45343.8757259971
2025-04-23,84,39748.9113489108,44891.2276091221
2025-04-23,85,39748.9113489108,44947.6073416532
2025-04-23,86,39748.9113489108,44767.8079148142
2025-04-23,87,39748.9113489108,45244.0397054172
2025-04-23,88,39748.9113489108,44545.7621709732
2025-04-23,89,39258.0271818185,44221.2397972799
2025-04-23,90,39258.0271818185,43727.3981743225
2025-04-23,91,39258.0271818185,43669.4063581235
2025-04-23,92,39258.0271818185,43801.2119900791
2025-04-23,93,39258.0271818185,43728.7102694055
2025-04-23,94,39258.0271818185,43164.5929994418
2025-04-23,95,39258.0271818185,43302.0347122452
2025-04-23,96,39258.0271818185,42577.4022542670
2025-04-23,97,39258.0271818185,43084.1610100862
2025-04-23,98,39258.0271818185,42426.0819097519
2025-04-23,99,39258.0271818185,42386.5992874083
2025-04-23,100,39258.0271818185,42586.7526529512
2025-04-23,101,38288.6688767266,42974.8341238026
2025-04-23,102,38288.6688767266,43029.7843316514
2025-04-23,103,38288.6688767266,43124.1263377992
2025-04-23,104,38288.6688767266,42885.6925455335
2025-04-23,105,38288.6688767266,42585.0853200286
2025-04-23,106,38288.6688767266,42812.3281200075
2025-04-23,107,38288.6688767266,42608.6720543542
2025-04-23,108,38288.6688767266,43078.2644514490
2025-04-23,109,38288.6688767266,42958.3006740540
2025-04-23,110,38288.6688767266,42816.9428708220
2025-04-23,111,38288.6688767266,42616.4984908423
2025-04-23,112,38288.6688767266,43071.1024700880
2025-04-23,113,38288.6688767266,42703.9825692419
2025-04-23,114,38288.6688767266,42136.9981140512
2025-04-23,115,38288.6688767266,41927.0192781315
2025-04-23,116,38288.6688767266,41966.9980172012
2025-04-23,117,38288.6688767266,42202.4131493394
2025-04-23,118,38288.6688767266,42418.0239985480
2025-04-23,119,38288.6688767266,42547.4210851587
2025-05-29,0,78076.2593352711,88524.8918402499
2025-05-29,1,75933.0967821911,84725.1992363033
2025-05-29,2,75660.2391584814,82085.0092230920
2025-05-29,3,72831.6989031934,79482.9263361221
2025-05-29,4,72827.9532940153,78217.8153077282
2025-05-29,5,71777.1563441851,76667.5656843585
2025-05-29,6,69001.2585860488,75643.5615812797
2025-05-29,7,69001.2585860488,75080.2868366671
2025-05-29,8,68294.5182876660,73677.3351384669
2025-05-29,9,67136.9265495822,72360.0457040622
2025-05-29,10,66682.0447869947,71001.2484027652
2025-05-29,11,66009.7368248063,70136.9759189464
2025-05-29,12,64787.8037411274,69459.7870724340
2025-05-29,13,62791.1321192172,68470.0695815452
2025-05-29,14,62680.5858145599,67564.3483594823
2025-05-29,15,62544.2557671080,66218.2909107477
2025-05-29,16,61190.8829185940,65262.7207786363
2025-05-29,17,60758.5713070757,64306.8341193341
2025-05-29,18,59442.4289752260,63599.2815977258
2025-05-29,19,58589.7337088428,62906.3220846250
2025-05-29,20,57866.3314673262,62028.4964005701
2025-05-29,21,57866.3314673262,61727.8154810591
2025-05-29,22,57866.3314673262,61124.1886073122
2025-05-29,23,56075.6105938175,60129.6059769273
2025-05-29,24,54540.3199691647,59781.4962447161
2025-05-29,25,54500.8735525311,58981.8433024796
2025-05-29,26,54500.8735525311,58000.8952732442
2025-05-29,27,53338.2929961435,57785.4961839992
2025-05-29,28,53053.9319264713,57044.4678956401
2025-05-29,29,52706.8824175142,56800.1987694792
2025-05-29,30,52706.8824175142,56337.5058286990
2025-05-29,31,51899.5719525241,55967.7849562992
2025-05-29,32,51262.9824143794,55537.0017095113
2025-05-29,33,51179.7147769277,54916.8145344881
2025-05-29,34,51179.7147769277,54696.0231867634
2025-05-29,35,50506.5826128964,54171.1224058818
2025-05-29,36,49560.0254189988,54377.5853672278
2025-05-29,37,48358.5809489514,53642.5818973554
2025-05-29,38,47868.1234629065,53109.5195391089
2025-05-29,39,46572.0819065544,52608.2497449471
2025-05-29,40,46147.8750389459,52282.1154422491
2025-05-29,41,46147.8750389459,51443.8893425538
2025-05-29,42,46147.8750389459,51003.5094507587
2025-05-29,43,46147.8750389459,50798.3674266125
2025-05-29,44,46147.8750389459,50240.5818265754
2025-05-29,45,46147.8750389459,50346.2031777078
2025-05-29,46,46147.8750389459,49605.1038700928
2025-05-29,47,45777.3705410331,49420.1819496121
2025-05-29,48,45639.9095807002,49389.9798375711
2025-05-29,49,45639.9095807002,49102.7950362506
2025-05-29,50,45242.2774513266,49192.6147201303
2025-05-29,51,45216.5412075864,49051.1219129772
2025-05-29,52,45216.5412075864,49453.6043574424
2025-05-29,53,45216.5412075864,48803.7727705224
2025-05-29,54,45216.5412075864,48654.5020743772
2025-05-29,55,44204.4489587084,48309.6216838293
2025-05-29,56,44204.4489587084,48715.0422516727
2025-05-29,57,44204.4489587084,48525.5694706935
2025-05-29,58,44204.4489587084,47990.2008499564
2025-05-29,59,44204.4489587084,48106.7647071752
2025-05-29,60,44204.4489587084,48294.3331722276
2025-05-29,61,44204.4489587084,48320.1568699457
2025-05-29,62,44204.4489587084,48462.9356336330
2025-05-29,63,44204.4489587084,48387.4985975908
2025-05-29,64,44204.4489587084,48264.2922163118
2025-05-29,65,44204.4489587084,48026.7261332733
2025-05-29,66,44075.7998405629,48118.0838594587
2025-05-29,67,44075.7998405629,47964.3564244557
2025-05-29,68,44075.7998405629,47661.1069550915
2025-05-29,69,44075.7998405629,48162.3460946719
2025-05-29,70,44075.7998405629,47690.9705615399
2025-05-29,71,44075.7998405629,47492.6886255246
2025-05-29,72,43736.2942223419,47794.8850590078
2025-05-29,73,43736.2942223419,47625.9930505276
2025-05-29,74,43736.2942223419,47933.1489291395
2025-05-29,75,43478.2126794385,47298.5983507059
2025-05-29,76,43478.2126794385,46799.8579973264
2025-05-29,77,43478.2126794385,46907.1620057500
2025-05-29,78,43478.2126794385,47127.3092824417
2025-05-29,79,43478.2126794385,47190.4947349471
2025-05-29,80,43478.2126794385,47493.0039425249
2025-05-29,81,43478.2126794385,47309.7926798820
2025-05-29,82,43478.2126794385,47226.6364631098
2025-05-29,83,42970.9141637519,46577.9625274114
2025-05-29,84,42970.9141637519,47095.7208128791
2025-05-29,85,42970.9141637519,47050.8504477034
2025-05-29,86,42970.9141637519,47388.9900774703
2025-05-29,87,42970.9141637519,47704.1770034443
2025-05-29,88,42970.9141637519,47926.3435127879
2025-05-29,89,42970.9141637519,47522.0386031284
2025-05-29,90,42970.9141637519,47382.3328504957
2025-05-29,91,42970.9141637519,47458.9860831164
2025-05-29,92,42970.9141637519,47579.3189219357
2025-05-29,93,42970.9141637519,47214.4508072664
2025-05-29,94,42970.9141637519,47638.6968033741
2025-05-29,95,42970.9141637519,47509.8929702516
2025-05-29,96,42970.9141637519,47887.1880915919
2025-05-29,97,42970.9141637519,48197.1248558128
2025-05-29,98,42970.9141637519,47456.1751241900
2025-05-29,99,42970.9141637519,47235.5817631037
2025-05-29,100,42970.9141637519,46985.3038647342
2025-05-29,101,42970.9141637519,47408.2840003254
2025-05-29,102,42970.9141637519,47390.0105359049
2025-05-29,103,42970.9141637519,47609.8619951093
2025-05-29,104,42970.9141637519,47674.2166156141
2025-05-29,105,42970.9141637519,47391.3294749499
2025-05-29,106,42970.9141637519,47481.5188289395
2025-05-29,107,42970.9141637519,47198.8160801489
2025-05-29,108,42970.9141637519,47367.9366689636
2025-05-29,109,42970.9141637519,47164.0353173454
2025-05-29,110,42970.9141637519,46866.4329252195
2025-05-29,111,42970.9141637519,46691.9376153521
2025-05-29,112,42970.9141637519,46799.6029996970
2025-05-29,113,42970.9141637519,46469.6667858843
2025-05-29,114,42970.9141637519,46254.4714023583
2025-05-29,115,42970.9141637519,46139.0639019054
2025-05-29,116,42970.9141637519,46683.4040456116
2025-05-29,117,42970.9141637519,45999.4163543556
2025-05-29,118,42970.9141637519,46398.4852650431
2025-05-29,119,42970.9141637519,46724.8536638108
2025-07-04,0,71003.4707776313,80484.4008488973
2025-07-04,1,68645.1527175753,77184.9600977662
2025-07-04,2,68594.2088308928,74484.8087076985
2025-07-04,3,66618.5247056527,72706.8398702265
2025-07-04,4,66618.5247056527,71745.0975401046
2025-07-04,5,61283.4711189732,70463.5125956220
2025-07-04,6,61283.4711189732,69035.8549565520
2025-07-04,7,60392.2722523388,67418.2462362240
2025-07-04,8,58129.9696836001,65205.0881750454
2025-07-04,9,58129.9696836001,64165.7857960241
2025-07-04,10,57248.5756637436,62266.2537003121
2025-07-04,11,57248.5756637436,61621.0570111638
2025-07-04,12,55359.9397372642,60584.2692490390
2025-07-04,13,54537.5550672516,59394.3746108979
2025-07-04,14,53088.7622535928,57985.6488002175
2025-07-04,15,51437.8158654880,56250.7245692273
2025-07-04,16,50705.6531499170,55159.3467442497
2025-07-04,17,49548.3790012815,53880.5264291814
2025-07-04,18,49548.3790012815,53315.5216133758
2025-07-04,19,48335.7526655401,52145.5112434125
2025-07-04,20,47222.2373044480,51346.2412160803
2025-07-04,21,47222.2373044480,50784.4505578355
2025-07-04,22,45924.6890859257,49808.8591138111
2025-07-04,23,43118.6030656827,49228.3704553139
2025-07-04,24,43118.6030656827,47924.1563023736
2025-07-04,25,43118.6030656827,47577.4231561073
2025-07-04,26,43118.6030656827,46924.8374228881
2025-07-04,27,42350.4963625351,45908.8846291554
2025-07-04,28,42350.4963625351,45352.9679129894
2025-07-04,29,41918.4873936493,45009.7491368271
2025-07-04,30,41651.1146440406,44460.4636555039
2025-07-04,31,41097.5120078904,43835.1033028766
2025-07-04,32,40504.6682611609,43540.0959562451
2025-07-04,33,39315.4909401374,43156.4161232367
2025-07-04,34,39067.5139533678,42539.4331528878
2025-07-04,35,38734.3789772108,42123.4631622308
2025-07-04,36,38392.6876625082,41170.4006478806
2025-07-04,37,38153.5944944286,40859.0171265768
2025-07-04,38,37455.2451928712,40568.1290619314
2025-07-04,39,36004.8144530149,40374.6073309929
2025-07-04,40,36004.8144530149,40029.7197434108
2025-07-04,41,36004.8144530149,39484.0093822638
2025-07-04,42,35799.3421271358,39192.4245266697
2025-07-04,43,35187.9901880316,38470.7089099546
2025-07-04,44,34181.7670854799,37959.2286601238
2025-07-04,45,33708.8077773821,37248.3303698901
2025-07-04,46,33708.8077773821,36756.2560313942
2025-07-04,47,32692.5982833920,36698.5108624715
2025-07-04,48,32692.5982833920,36354.7761664193
2025-07-04,49,32679.3165977756,36086.0823135207
2025-07-04,50,32345.2262665949,35714.0671869561
2025-07-04,51,31545.9753040281,35799.9789593874
2025-07-04,52,31545.9753040281,35539.1307431235
2025-07-04,53,31545.9753040281,35112.1772179203
2025-07-04,54,30644.9726988442,34496.2951103542
2025-07-04,55,30644.9726988442,34270.8745765431
2025-07-04,56,30408.3004104843,34175.8649038631
2025-07-04,57,30309.2994821118,34211.7313754579
2025-07-04,58,30309.2994821118,33549.5379164873
2025-07-04,59,30270.8772652069,33443.4361628866
2025-07-04,60,29335.1303591814,32879.2368299629
2025-07-04,61,29335.1303591814,32498.3431395824
2025-07-04,62,29335.1303591814,32351.5198894366
2025-07-04,63,29335.1303591814,32328.1242830806
2025-07-04,64,29274.5723473020,32614.2665094062
2025-07-04,65,29274.5723473020,32198.3938293672
2025-07-04,66,28875.1852718754,32210.8162671126
2025-07-04,67,28875.1852718754,32093.5552399420
2025-07-04,68,28875.1852718754,31663.1280942375
2025-07-04,69,28875.1852718754,31663.3265286173
2025-07-04,70,28155.5371144708,31864.2313957846
2025-07-04,71,28155.5371144708,31856.8976922486
2025-07-04,72,27848.8529560805,31657.8981346368
2025-07-04,73,27848.8529560805,31570.5262099802
2025-07-04,74,27848.8529560805,31554.2100853787
2025-07-04,75,27848.8529560805,31626.7904244616
2025-07-04,76,27848.8529560805,31571.4634996750
2025-07-04,77,27848.8529560805,31621.7744605395
2025-07-04,78,26492.8989009548,31362.5393954859
2025-07-04,79,26492.8989009548,31021.3950080724
2025-07-04,80,26492.8989009548,30641.2295254456
2025-07-04,81,26492.8989009548,30485.3339824120
2025-07-04,82,26492.8989009548,30359.5422491368
2025-07-04,83,26492.8989009548,29990.9397954331
2025-07-04,84,26492.8989009548,29624.4772661847
2025-07-04,85,26492.8989009548,29698.4002888932
2025-07-04,86,26492.8989009548,29872.5161886918
2025-07-04,87,26492.8989009548,29800.2704767640
2025-07-04,88,26492.8989009548,29637.8521563727
2025-07-04,89,26492.8989009548,29888.8522723650
2025-07-04,90,26492.8989009548,29872.2354078110
2025-07-04,91,26492.8989009548,30141.4166469465
2025-07-04,92,26492.8989009548,29813.2158232155
2025-07-04,93,26492.8989009548,29941.1931710647
2025-07-04,94,26492.8989009548,29888.2534145897
2025-07-04,95,26220.9949205563,30077.6980732016
2025-07-04,96,26220.9949205563,30175.2066729355
2025-07-04,97,26220.9949205563,30189.7469189564
2025-07-04,98,26220.9949205563,29999.9375232482
2025-07-04,99,26220.9949205563,30235.7710876084
2025-07-04,100,26220.9949205563,29861.6022813503
2025-07-04,101,26220.9949205563,29739.5279621432
2025-07-04,102,26220.9949205563,30094.6819546954
2025-07-04,103,26220.9949205563,30464.9379919468
2025-07-04,104,26220.9949205563,30603.7668195378
2025-07-04,105,26077.0300540851,30469.5198863041
2025-07-04,106,26077.0300540851,30423.0464082134
2025-07-04,107,26077.0300540851,30289.4911870861
2025-07-04,108,26077.0300540851,30616.5428860033
2025-07-04,109,26077.0300540851,30558.1404196867
2025-07-04,110,26077.0300540851,30690.3842082271
2025-07-04,111,26077.0300540851,30746.3741683439
2025-07-04,112,26077.0300540851,30887.7633497088
2025-07-04,113,26077.0300540851,30598.2840023804
2025-07-04,114,26077.0300540851,30561.1081544188
2025-07-04,115,26077.0300540851,30215.4518704640
2025-07-04,116,26077.0300540851,30178.4615725640
2025-07-04,117,26077.0300540851,30088.9208571266
2025-07-04,118,26077.0300540851,29825.5333753986
2025-07-04,119,26077.0300540851,29951.7794279978
2025-08-09,0,78227.5749712296,87068.7609160020
2025-08-09,1,74564.8594216435,84390.9043799063
2025-08-09,2,73479.5752990608,82112.5784544731
2025-08-09,3,73479.5752990608,80224.6816949329
2025-08-09,4,72169.0069803701,77838.1649950540
2025-08-09,5,69070.1073705705,75841.6998779171
2025-08-09,6,66809.7977064159,73640.4919811511
2025-08-09,7,65345.8473982594,71892.9836456315
2025-08-09,8,61882.9555732408,69703.8363638250
2025-08-09,9,61881.7097151590,68609.7846186217
2025-08-09,10,61816.0242682926,66674.6001537896
2025-08-09,11,60071.3075673140,65837.2721095158
2025-08-09,12,58350.5794281718,64292.9052528527
2025-08-09,13,58350.5794281718,64091.1242439618
2025-08-09,14,58350.5794281718,63534.3956065750
2025-08-09,15,56772.7863714576,62193.9470135774
2025-08-09,16,56290.7271248137,61456.5102591876
2025-08-09,17,54904.4466078510,60399.6236465927
2025-08-09,18,54494.5986973449,58976.2235425394
2025-08-09,19,51715.4510888513,57592.0719938387
2025-08-09,20,51715.4510888513,56970.1490711309
2025-08-09,21,50912.0534933366,55914.2846426090
2025-08-09,22,49836.4591083746,55037.3021123670
2025-08-09,23,49836.4591083746,53684.1179380552
2025-08-09,24,49336.4546030355,52998.9692648071
2025-08-09,25,49336.4546030355,52589.6239870775
2025-08-09,26,48297.8498076167,51936.2558492102
2025-08-09,27,47810.7756417790,51317.7941220279
2025-08-09,28,47462.4375999886,51054.7832689985
2025-08-09,29,47061.2631493845,50426.3176169952
2025-08-09,30,45802.1835752030,49461.0014575712
2025-08-09,31,44397.7599502321,48080.2138568391
2025-08-09,32,44397.7599502321,47948.2690894146
2025-08-09,33,42703.5686725304,47338.5385813389
2025-08-09,34,41999.3382839010,46940.0106285037
2025-08-09,35,41999.3382839010,46529.0706935753
2025-08-09,36,41846.3089506431,45701.7333454469
2025-08-09,37,41323.2757934888,45644.2819738900
2025-08-09,38,40119.8051513886,44796.9852236236
2025-08-09,39,40119.8051513886,44661.9402593454
2025-08-09,40,39943.4725252621,44225.1406740012
2025-08-09,41,39943.4725252621,43628.7558252421
2025-08-09,42,39598.4134599774,43364.3375242350
2025-08-09,43,39023.1280474506,43309.5082220337
2025-08-09,44,38070.1397066788,42566.7078349636
2025-08-09,45,38070.1397066788,41874.5282026018
2025-08-09,46,36677.0069794125,41765.1245279092
2025-08-09,47,36677.0069794125,42113.9965716208
2025-08-09,48,36677.0069794125,41790.5346384056
2025-08-09,49,36677.0069794125,41590.2558290164
2025-08-09,50,36677.0069794125,40904.0612871895
2025-08-09,51,36677.0069794125,40538.3191652725
2025-08-09,52,36677.0069794125,40859.1372084313
2025-08-09,53,36568.5678350757,40164.6278431176
2025-08-09,54,36568.5678350757,40208.1377517824
2025-08-09,55,36275.3887155197,39990.1748478226
2025-08-09,56,36275.3887155197,39534.9428656978
2025-08-09,57,35937.9434759427,39372.0630308936
2025-08-09,58,34741.2366748116,38913.8007639711
2025-08-09,59,34741.2366748116,39217.1233722982
2025-08-09,60,34741.2366748116,38884.6162859059
2025-08-09,61,34741.2366748116,38728.8878995634
2025-08-09,62,34741.2366748116,38431.5079608052
2025-08-09,63,34741.2366748116,38702.3824751431
2025-08-09,64,34741.2366748116,38591.1789384316
2025-08-09,65,34741.2366748116,38370.0101306186
2025-08-09,66,34741.2366748116,38228.3257083567
2025-08-09,67,34464.9524175978,37701.8699056358
2025-08-09,68,34151.3361340760,37949.4681943140
2025-08-09,69,34151.3361340760,37448.3839066324
2025-08-09,70,34151.3361340760,37514.3052538155
2025-08-09,71,34151.3361340760,37475.2029478105
2025-08-09,72,34151.3361340760,37345.9273837934
2025-08-09,73,34151.3361340760,37676.2679903368
2025-08-09,74,34151.3361340760,38135.7204740509
2025-08-09,75,34151.3361340760,38142.7412788809
2025-08-09,76,34151.3361340760,38078.2198570909
2025-08-09,77,34115.0600230228,38064.2015272037
2025-08-09,78,34115.0600230228,38034.5114691043
2025-08-09,79,34115.0600230228,38153.9684331680
2025-08-09,80,34115.0600230228,37721.9182079643
2025-08-09,81,34115.0600230228,37525.7609412773
2025-08-09,82,34115.0600230228,37608.8402688928
2025-08-09,83,34115.0600230228,37295.8931848123
2025-08-09,84,34115.0600230228,37504.8763450416
2025-08-09,85,34115.0600230228,37365.8106217437
2025-08-09,86,34041.7942708027,37134.5798617614
2025-08-09,87,34037.4745096843,37382.4301594007
2025-08-09,88,34037.4745096843,37383.2812630795
2025-08-09,89,34032.1242238569,37165.3750570969
2025-08-09,90,33850.7615721216,36661.3314384757
2025-08-09,91,33850.7615721216,36693.3234611666
2025-08-09,92,33850.7615721216,36721.7290326783
2025-08-09,93,33850.7615721216,36512.2440338648
2025-08-09,94,33850.7615721216,36765.2199788682
2025-08-09,95,33850.7615721216,36909.0702078229
2025-08-09,96,33850.7615721216,37186.7435184442
2025-08-09,97,33850.7615721216,37128.8366910176
2025-08-09,98,33829.3385244762,37495.8826684951
2025-08-09,99,33829.3385244762,37633.1620619209
2025-08-09,100,33607.5891357559,37676.4430498051
2025-08-09,101,33607.5891357559,37833.7273822030
2025-08-09,102,33607.5891357559,37534.0624423050
2025-08-09,103,33607.5891357559,37359.9316226721
2025-08-09,104,33607.5891357559,37314.4221369833
2025-08-09,105,33607.5891357559,37626.6863472267
2025-08-09,106,33607.5891357559,37477.0097199676
2025-08-09,107,33607.5891357559,37922.2340403489
2025-08-09,108,33607.5891357559,37755.8206352931
2025-08-09,109,33607.5891357559,37677.5235149747
2025-08-09,110,33607.5891357559,37582.0222660151
2025-08-09,111,33607.5891357559,37557.3179979236
2025-08-09,112,33607.5891357559,37563.4835997159
2025-08-09,113,33607.5891357559,37535.1820505957
2025-08-09,114,33607.5891357559,37302.2784185191
2025-08-09,115,33607.5891357559,37060.7979586012
2025-08-09,116,33607.5891357559,37156.7489680600
2025-08-09,117,33607.5891357559,36851.3810051370
2025-08-09,118,33607.5891357559,36982.7254669994
2025-08-09,119,33607.5891357559,37201.1285625359
2025-09-14,0,90890.7760496543,100938.7096051122
2025-09-14,1,88148.8934884367,98660.8590668212
2025-09-14,2,88148.8934884367,96133.9763948840
2025-09-14,3,85969.6227223873,93040.7015359045
2025-09-14,4,85969.6227223873,91426.3970110057
2025-09-14,5,85344.6648884968,89953.7879379794
2025-09-14,6,81192.7011823175,88442.1473076418
2025-09-14,7,80194.5235639710,87263.6523175294
2025-09-14,8,77965.2844798722,85668.4484277498
2025-09-14,9,77965.2844798722,84666.5002040046
2025-09-14,10,76658.1070536089,82617.1104202286
2025-09-14,11,71205.5668678303,81255.7153938359
2025-09-14,12,71205.5668678303,80145.8911048187
2025-09-14,13,71205.5668678303,78323.8282330274
2025-09-14,14,71205.5668678303,76935.9820737508
2025-09-14,15,67582.0234404651,75226.7671008754
2025-09-14,16,67582.0234404651,73921.9665974001
2025-09-14,17,67142.3241141253,72739.2848529624
2025-09-14,18,67142.3241141253,72236.9613003451
2025-09-14,19,67142.3241141253,71319.9590161471
2025-09-14,20,65134.8634720109,70558.3401090615
2025-09-14,21,65134.8634720109,69736.3953438466
2025-09-14,22,63513.8102241640,69279.5354566385
2025-09-14,23,63513.8102241640,68837.1636552663
2025-09-14,24,63364.3241529435,68082.9176736879
2025-09-14,25,62702.2303858361,67691.8768557107
2025-09-14,26,61182.6141212825,67243.3973683655
2025-09-14,27,61182.6141212825,66318.3326946990
2025-09-14,28,61182.6141212825,65514.0860298838
2025-09-14,29,59752.7629003755,65649.0613560144
2025-09-14,30,59752.7629003755,65145.1876376863
2025-09-14,31,59752.7629003755,64867.0460408652
2025-09-14,32,59752.7629003755,64580.1442927140
2025-09-14,33,59752.7629003755,63965.9429281633
2025-09-14,34,59752.7629003755,63183.4497183306
2025-09-14,35,58654.2571082857,63290.6372042913
2025-09-14,36,58654.2571082857,63261.9172934003
2025-09-14,37,58305.9708119357,63066.2809632028
2025-09-14,38,58305.9708119357,62572.9229024013
2025-09-14,39,58132.1507657542,62543.8385213383
2025-09-14,40,57858.1796351578,62042.8289860616
2025-09-14,41,57010.9726680791,61382.1947543915
2025-09-14,42,56961.2604401985,61576.1350390208
2025-09-14,43,56961.2604401985,61275.3910979668
2025-09-14,44,56205.0789587627,60177.9551813262
2025-09-14,45,55843.1647331663,59948.8793575850
2025-09-14,46,55843.1647331663,59903.8446846690
2025-09-14,47,55843.1647331663,60144.0958439665
2025-09-14,48,55843.1647331663,59908.1365526171
2025-09-14,49,54612.7924524112,60331.1724592822
2025-09-14,50,54612.7924524112,60360.5726627391
2025-09-14,51,54612.7924524112,59205.3483842076
2025-09-14,52,54612.7924524112,59257.0659833669
2025-09-14,53,54612.7924524112,59379.5975961872
2025-09-14,54,54612.7924524112,59617.9916324587
2025-09-14,55,54289.3911171557,59619.7120992549
2025-09-14,56,54289.3911171557,59987.9300006890
2025-09-14,57,54289.3911171557,59551.5659058009
2025-09-14,58,54289.3911171557,59593.6176242163
2025-09-14,59,54289.3911171557,60068.3916543760
2025-09-14,60,54289.3911171557,58804.1695954691
2025-09-14,61,54289.3911171557,59200.0496359200
2025-09-14,62,54289.3911171557,58442.7544158115
2025-09-14,63,54289.3911171557,58792.5679600348
2025-09-14,64,54289.3911171557,58315.6110941349
2025-09-14,65,53253.1560764501,57711.8050103328
2025-09-14,66,53253.1560764501,57952.9012724528
2025-09-14,67,53253.1560764501,57879.2789966546
2025-09-14,68,53253.1560764501,58361.7085371620
2025-09-14,69,53253.1560764501,58960.5947902745
2025-09-14,70,53253.1560764501,57531.5248864129
2025-09-14,71,53253.1560764501,58042.3273429997
2025-09-14,72,53253.1560764501,57167.5486135005
2025-09-14,73,53253.1560764501,56914.9459706772
2025-09-14,74,53253.1560764501,56855.7662484420
2025-09-14,75,53253.1560764501,56673.8031954955
2025-09-14,76,53253.1560764501,57111.5455825608
2025-09-14,77,53253.1560764501,57287.4018781790
2025-09-14,78,53253.1560764501,57105.6301241673
2025-09-14,79,53253.1560764501,57274.0157857887
2025-09-14,80,53253.1560764501,57046.0398939548
2025-09-14,81,53253.1560764501,56662.3770126486
2025-09-14,82,53253.1560764501,56889.3881553087
2025-09-14,83,53253.1560764501,57157.6632352757
2025-09-14,84,53253.1560764501,57329.5012450248
2025-09-14,85,53044.2887599967,56572.6409849213
2025-09-14,86,53044.2887599967,56361.1912944669
2025-09-14,87,53044.2887599967,56493.0090356633
2025-09-14,88,53044.2887599967,56649.6421830954
2025-09-14,89,52965.4040297491,56507.7474779825
2025-09-14,90,52965.4040297491,56351.7523431227
2025-09-14,91,52965.4040297491,56481.1368393492
2025-09-14,92,52965.4040297491,56541.4844249555
2025-09-14,93,52916.6962082199,56609.0885383115
2025-09-14,94,52916.6962082199,56456.6631202539
2025-09-14,95,52916.6962082199,56490.9059249131
2025-09-14,96,52916.6962082199,56575.6777937273
2025-09-14,97,52916.6962082199,56430.9074612664
2025-09-14,98,52916.6962082199,56924.2457943868
2025-09-14,99,52916.6962082199,57378.2545467737
2025-09-14,100,52916.6962082199,57258.3100699543
2025-09-14,101,52916.6962082199,57291.6020119266
2025-09-14,102,52916.6962082199,57489.7826722526
2025-09-14,103,52916.6962082199,57116.3163494632
2025-09-14,104,52916.6962082199,57355.7867413550
2025-09-14,105,52916.6962082199,57297.5879834273
2025-09-14,106,52916.6962082199,56822.9920820430
2025-09-14,107,52916.6962082199,56682.1586581528
2025-09-14,108,52916.6962082199,57078.0826393514
2025-09-14,109,52916.6962082199,56770.4315809572
2025-09-14,110,52916.6962082199,56726.0709003291
2025-09-14,111,52916.6962082199,56789.4344491608
2025-09-14,112,52916.6962082199,56568.2544843886
2025-09-14,113,52916.6962082199,56237.9931921790
2025-09-14,114,52916.6962082199,56115.0718182498
2025-09-14,115,52643.0060860952,56437.8382521772
2025-09-14,116,52643.0060860952,56598.5082663704
2025-09-14,117,52643.0060860952,56896.1969847385
2025-09-14,118,52643.0060860952,57134.6826381625
2025-09-14,119,52643.0060860952,56741.5709574048
2025-10-20,0,83232.6904600601,97898.2715739435
2025-10-20,1,82593.4049037874,94648.8328165242
2025-10-20,2,80756.0525754637,92296.0692873380
2025-10-20,3,80756.0525754637,89363.7143535728
2025-10-20,4,79786.4992345510,86820.5949083211
2025-10-20,5,78231.6237094950,84542.8093767763
2025-10-20,6,76404.1916135715,82882.8166543983
2025-10-20,7,75149.9729280721,81067.7143596908
2025-10-20,8,75149.9729280721,80376.7067872654
2025-10-20,9,74047.0947984454,79150.4548625655
2025-10-20,10,72035.7969132930,78152.8361050625
2025-10-20,11,69341.9851214284,76546.0421103417
2025-10-20,12,68811.4867710328,74949.0481428710
2025-10-20,13,68339.0681029647,73217.0820117967
2025-10-20,14,65582.2913773430,72520.6897205334
2025-10-20,15,64938.2020535811,70827.1609576549
2025-10-20,16,64938.2020535811,69911.2431732776
2025-10-20,17,64020.8435546328,69282.8279774171
2025-10-20,18,64020.8435546328,68372.6006916204
2025-10-20,19,61221.6824881740,67098.5025214950
2025-10-20,20,61221.6824881740,66463.8519097302
2025-10-20,21,61221.6824881740,65590.8441758595
2025-10-20,22,60021.8205686080,64992.6063122910
2025-10-20,23,59981.9877546107,64252.5014765784
2025-10-20,24,59981.9877546107,63783.7528014229
2025-10-20,25,59424.5819522408,62590.3493366203
2025-10-20,26,58751.4725830724,62424.7697814275
2025-10-20,27,56784.5586692058,62118.7775181114
2025-10-20,28,56784.5586692058,61686.0073050837
2025-10-20,29,56187.8413352781,61077.6432523659
2025-10-20,30,55633.5245933095,59822.6845722231
2025-10-20,31,55633.5245933095,59579.0568086120
2025-10-20,32,54570.1143872443,59239.4226398439
2025-10-20,33,54570.1143872443,59095.4762158141
2025-10-20,34,54570.1143872443,58996.7179001064
2025-10-20,35,53982.5117490387,58491.2791545701
2025-10-20,36,53317.8582834845,58705.8280527276
2025-10-20,37,53317.8582834845,58828.8603064455
2025-10-20,38,53317.8582834845,58652.0054204428
2025-10-20,39,53317.8582834845,58138.4255829306
2025-10-20,40,53317.8582834845,57539.5632371600
2025-10-20,41,53317.8582834845,58024.3565044892
2025-10-20,42,53317.8582834845,57892.1959024641
2025-10-20,43,53317.8582834845,57439.9358519902
2025-10-20,44,53317.8582834845,57681.5263839241
2025-10-20,45,52438.1421976746,57779.2666099307
2025-10-20,46,52438.1421976746,58093.7683879592
2025-10-20,47,52438.1421976746,58130.9408581299
2025-10-20,48,52438.1421976746,57458.0342618507
2025-10-20,49,52438.1421976746,58221.4808925504
2025-10-20,50,52438.1421976746,57752.1827570381
2025-10-20,51,52142.2040756539,57094.4427222709
2025-10-20,52,52142.2040756539,57219.5407358490
2025-10-20,53,52142.2040756539,57054.3708906237
2025-10-20,54,51745.6850598785,56691.2876697649
2025-10-20,55,51745.6850598785,57200.4022847267
2025-10-20,56,51508.0719374161,57159.2005452491
2025-10-20,57,51508.0719374161,57126.8680933591
2025-10-20,58,51508.0719374161,56888.4870300890
2025-10-20,59,51508.0719374161,57416.9217960409
2025-10-20,60,51508.0719374161,56610.2739381094
2025-10-20,61,51508.0719374161,57207.3988467837
2025-10-20,62,51508.0719374161,57062.9138801339
2025-10-20,63,51508.0719374161,56693.6199442184
2025-10-20,64,51508.0719374161,56367.7443826292
2025-10-20,65,51508.0719374161,55625.6706706726
2025-10-20,66,51508.0719374161,55554.5707032409
2025-10-20,67,51508.0719374161,55843.5457162287
2025-10-20,68,51508.0719374161,55582.6354376199
2025-10-20,69,51508.0719374161,55922.5516909004
2025-10-20,70,51508.0719374161,55888.4663886916
2025-10-20,71,51508.0719374161,56148.4086552614
2025-10-20,72,51508.0719374161,55554.7871660052
2025-10-20,73,50592.8719709582,55598.7839080981
2025-10-20,74,50592.8719709582,56166.1197380561
2025-10-20,75,50592.8719709582,56056.5161197193
2025-10-20,76,50592.8719709582,55860.2887728423
2025-10-20,77,50592.8719709582,55659.2032259055
2025-10-20,78,50592.8719709582,56197.9772922046
2025-10-20,79,50592.8719709582,55381.8666290419
2025-10-20,80,50592.8719709582,55456.2675205130
2025-10-20,81,50592.8719709582,55350.5543182847
2025-10-20,82,50592.8719709582,55394.3382373403
2025-10-20,83,50592.8719709582,55500.7735642661
2025-10-20,84,50592.8719709582,54816.7099390534
2025-10-20,85,50341.8678036620,54523.2074555730
2025-10-20,86,50341.8678036620,54589.7697616467
2025-10-20,87,50341.8678036620,54883.2849246987
2025-10-20,88,50341.8678036620,54384.1197810981
2025-10-20,89,50341.8678036620,54475.5693781338
2025-10-20,90,50341.8678036620,53849.7414450323
2025-10-20,91,50341.8678036620,53761.1423399474
2025-10-20,92,50341.8678036620,54102.0393177959
2025-10-20,93,50341.8678036620,54770.0823425846
2025-10-20,94,50341.8678036620,54437.5448276688
2025-10-20,95,50341.8678036620,54055.2525714249
2025-10-20,96,50341.8678036620,54208.1599640455
2025-10-20,97,50341.8678036620,54405.8646135351
2025-10-20,98,50341.8678036620,54149.0129314510
2025-10-20,99,50341.8678036620,53896.0288971642
2025-10-20,100,50290.1253017641,53850.4479604764
2025-10-20,101,50290.1253017641,54049.0707442883
2025-10-20,102,50290.1253017641,53981.9670480516
2025-10-20,103,50290.1253017641,54193.9844257852
2025-10-20,104,50180.1987387741,53821.8134289125
2025-10-20,105,50180.1987387741,53873.6341002966
2025-10-20,106,50180.1987387741,54268.8612631197
2025-10-20,107,50180.1987387741,53880.2883251970
2025-10-20,108,50180.1987387741,54022.7561442948
2025-10-20,109,49890.5013300708,54159.7645244126
2025-10-20,110,49890.5013300708,54361.0654804721
2025-10-20,111,49890.5013300708,54383.1511804379
2025-10-20,112,49890.5013300708,54290.4976171068
2025-10-20,113,49890.5013300708,53873.7903407178
2025-10-20,114,49890.5013300708,53678.7292951765
2025-10-20,115,49890.5013300708,53188.1864889519
2025-10-20,116,49890.5013300708,53889.8299594155
2025-10-20,117,49890.5013300708,53338.8200956019
2025-10-20,118,49890.5013300708,53649.7785837305
2025-10-20,119,49890.5013300708,52959.0488313790
2025-11-25,0,84723.8507632000,100111.8692591444
2025-11-25,1,84723.8507632000,97890.9496064607
2025-11-25,2,84246.0811028827,94664.0126575791
2025-11-25,3,81967.6042941678,91053.1895761298
2025-11-25,4,81351.8851132538,88384.6237484631
2025-11-25,5,78135.7649811537,86435.5725733633
2025-11-25,6,78135.7649811537,84298.8652470349
2025-11-25,7,76256.9914277981,82661.3077680220
2025-11-25,8,76233.0820649323,81508.6181778063
2025-11-25,9,76233.0820649323,80578.6107643589
2025-11-25,10,74096.8639370077,80043.7365501101
2025-11-25,11,71168.1645236867,78456.6499112211
2025-11-25,12,71168.1645236867,76948.1393179433
2025-11-25,13,70246.2793416046,76376.5082187259
2025-11-25,14,70044.6868033889,75295.2134102339
2025-11-25,15,68596.9813628707,74575.9824942927
2025-11-25,16,68274.1975004973,73732.5965813321
2025-11-25,17,67906.7126059300,73749.5719394090
2025-11-25,18,67906.7126059300,73499.0017454522
2025-11-25,19,67906.7126059300,74009.6077337640
2025-11-25,20,67906.7126059300,73391.1171825291
2025-11-25,21,67906.7126059300,73044.8908377232
2025-11-25,22,66955.4489218931,72030.8510173214
2025-11-25,23,66955.4489218931,72536.2581966916
2025-11-25,24,66010.2049507555,72162.2246496030
2025-11-25,25,66010.2049507555,71106.1736129915
2025-11-25,26,66010.2049507555,71046.3003059898
2025-11-25,27,66010.2049507555,70381.8546161831
2025-11-25,28,66010.2049507555,70249.4132203193
2025-11-25,29,66010.2049507555,70462.4407527439
2025-11-25,30,66010.2049507555,70510.5375477087
2025-11-25,31,66010.2049507555,70416.2052109016
2025-11-25,32,65913.2947497620,69981.1492089841
2025-11-25,33,65913.2947497620,70114.1459654287
2025-11-25,34,65838.3787691751,70366.5200356327
2025-11-25,35,65838.3787691751,69152.2953419571
2025-11-25,36,65816.2341070596,70016.1446154124
2025-11-25,37,65154.4546859833,69420.5886481424
2025-11-25,38,65154.4546859833,69676.3740484649
2025-11-25,39,65154.4546859833,69610.2370650428
2025-11-25,40,65154.4546859833,68757.4863337205
2025-11-25,41,65154.4546859833,69754.7636369780
2025-11-25,42,65154.4546859833,68910.0710139939
2025-11-25,43,65154.4546859833,68690.9780787776
2025-11-25,44,64846.3588617189,68759.4100235221
2025-11-25,45,64846.3588617189,68825.1848408694
2025-11-25,46,64846.3588617189,68846.9032901197
2025-11-25,47,64846.3588617189,68779.3255589191
2025-11-25,48,64713.9119849964,68090.9579553451
2025-11-25,49,64713.9119849964,68041.9112863793
2025-11-25,50,64713.9119849964,68728.0807927494
2025-11-25,51,64713.9119849964,68436.0442458911
2025-11-25,52,64713.9119849964,68455.6207882806
2025-11-25,53,64713.9119849964,68268.1552670889
2025-11-25,54,64310.4055690400,68002.0368784891
2025-11-25,55,64310.4055690400,68265.2703414381
2025-11-25,56,64310.4055690400,68431.0872977367
2025-11-25,57,64213.1173129233,68662.4738773063
2025-11-25,58,64213.1173129233,67956.3885559418
2025-11-25,59,64213.1173129233,67694.5655726866
2025-11-25,60,64169.0965406443,67759.4356701521
2025-11-25,61,64169.0965406443,67639.5059974152
2025-11-25,62,64169.0965406443,67872.3444476976
2025-11-25,63,64019.2709355421,68144.8324701435
2025-11-25,64,63876.1372895138,67250.1714472726
2025-11-25,65,63876.1372895138,67512.2318081915
2025-11-25,66,63876.1372895138,67249.1544149254
2025-11-25,67,63876.1372895138,67639.1207338192
2025-11-25,68,63272.5166757539,67524.9933799593
2025-11-25,69,63272.5166757539,67137.5996329359
2025-11-25,70,63272.5166757539,67787.0842664949
2025-11-25,71,63272.5166757539,67937.9342437806
2025-11-25,72,63272.5166757539,67496.7739798233
2025-11-25,73,63272.5166757539,67208.6988708360
2025-11-25,74,63272.5166757539,67446.4196588197
2025-11-25,75,63272.5166757539,67261.1001316986
2025-11-25,76,63255.6307789203,67131.4117681389
2025-11-25,77,63255.6307789203,67615.8483822522
2025-11-25,78,63255.6307789203,67891.1570278115
2025-11-25,79,63255.6307789203,67943.6465295973
2025-11-25,80,63255.6307789203,67825.3759282687
2025-11-25,81,63255.6307789203,67053.4003104301
2025-11-25,82,63255.6307789203,67180.6227868167
2025-11-25,83,63255.6307789203,66614.5865743521
2025-11-25,84,63255.6307789203,67423.3766579281
2025-11-25,85,63255.6307789203,66734.7965191823
2025-11-25,86,63255.6307789203,67153.5099533290
2025-11-25,87,63255.6307789203,67144.3799425223
2025-11-25,88,63255.6307789203,67051.7956692171
2025-11-25,89,63255.6307789203,66875.9626190942
2025-11-25,90,63054.2643475027,67207.9414742348
2025-11-25,91,63054.2643475027,66884.6037943652
2025-11-25,92,63054.2643475027,66905.7304648585
2025-11-25,93,63054.2643475027,66563.6760203504
2025-11-25,94,63054.2643475027,66040.4102004721
2025-11-25,95,63011.6252384495,66119.7968985765
2025-11-25,96,62912.4640777924,66432.5225264734
2025-11-25,97,62912.4640777924,65986.7225473687
2025-11-25,98,62912.4640777924,67444.2845398051
2025-11-25,99,62912.4640777924,66855.9553973981
2025-11-25,100,62912.4640777924,66712.2771865034
2025-11-25,101,62912.4640777924,66908.3804517962
2025-11-25,102,62912.4640777924,66612.8921097833
2025-11-25,103,62912.4640777924,66883.5599528091
2025-11-25,104,62912.4640777924,66758.2955176676
2025-11-25,105,62912.4640777924,67232.4773306875
2025-11-25,106,62912.4640777924,66850.1818013205
2025-11-25,107,62912.4640777924,66289.8132405128
2025-11-25,108,62912.4640777924,66201.4086781005
2025-11-25,109,62912.4640777924,66601.7495020401
2025-11-25,110,62912.4640777924,66671.8213161338
2025-11-25,111,62912.4640777924,66645.7987189707
2025-11-25,112,62912.4640777924,66416.4566341569
2025-11-25,113,62912.4640777924,66815.5410454844
2025-11-25,114,62912.4640777924,66704.4385431668
2025-11-25,115,62912.4640777924,66300.5769816056
2025-11-25,116,62912.4640777924,66425.7668401443
2025-11-25,117,62912.4640777924,66856.7841624208
2025-11-25,118,62912.4640777924,66348.2993500389
2025-11-25,119,62912.4640777924,66635.7798642165
2025-12-31,0,90577.6527767059,101226.0561962626
2025-12-31,1,90541.1621735845,99580.9276582129
2025-12-31,2,85940.4749080369,96748.7909938506
2025-12-31,3,84133.1143171232,93918.2958201968
2025-12-31,4,82235.2608835988,92067.9150741842
2025-12-31,5,82193.0415045071,89362.7899361444
2025-12-31,6,81939.7109191357,87305.5206358780
2025-12-31,7,81072.4457617221,86273.5607961167
2025-12-31,8,79609.8101346787,84634.0388057591
2025-12-31,9,76795.4338215902,83316.4837131826
2025-12-31,10,76696.2638421375,81987.2684131507
2025-12-31,11,75417.6875475085,80630.0001074152
2025-12-31,12,73911.2064912629,79627.6564744995
2025-12-31,13,73911.2064912629,79314.4903595673
2025-12-31,14,73421.4988707087,79560.5388428023
2025-12-31,15,73421.4988707087,78930.2782136033
2025-12-31,16,73343.5023105726,78743.4327366499
2025-12-31,17,73343.5023105726,78115.7666474702
2025-12-31,18,72733.8751038809,77596.3398521955
2025-12-31,19,72733.8751038809,77124.8940038260
2025-12-31,20,71463.1775073973,76456.2105746877
2025-12-31,21,71463.1775073973,75956.7585877970
2025-12-31,22,71458.7969142700,75808.2668215645
2025-12-31,23,71458.7969142700,76340.5120112267
2025-12-31,24,71458.7969142700,76533.5109123662
2025-12-31,25,71458.7969142700,76600.2699979480
2025-12-31,26,71458.7969142700,75969.4902080264
2025-12-31,27,71458.7969142700,75805.4170785895
2025-12-31,28,70991.9208125655,74903.9135198163
2025-12-31,29,70991.9208125655,75162.8676451120
2025-12-31,30,70991.9208125655,75338.3332381488
2025-12-31,31,70592.2024420094,76111.1865486999
2025-12-31,32,70425.0721933720,74960.1538731154
2025-12-31,33,70425.0721933720,74313.9561070507
2025-12-31,34,70400.3539494056,75049.6842467988
2025-12-31,35,70400.3539494056,74209.0344429197
2025-12-31,36,70400.3539494056,74232.8441589747
2025-12-31,37,69881.1410537598,74015.9962880965
2025-12-31,38,69881.1410537598,73923.9615020649
2025-12-31,39,69881.1410537598,73896.6000062798
2025-12-31,40,69580.0582556093,73960.7588782697
2025-12-31,41,69580.0582556093,73821.0814815880
2025-12-31,42,69580.0582556093,75363.3449645010
2025-12-31,43,69580.0582556093,74851.0075639993
2025-12-31,44,69580.0582556093,73887.3428984228
2025-12-31,45,69580.0582556093,73608.8998144491
2025-12-31,46,69058.9653445052,73091.2982122589
2025-12-31,47,69058.9653445052,73546.5979832732
2025-12-31,48,69058.9653445052,73381.6415511127
2025-12-31,49,69058.9653445052,73293.7657318363
2025-12-31,50,69058.9653445052,74420.7275109862
2025-12-31,51,69058.9653445052,74045.8701314607
2025-12-31,52,68783.5801613763,73589.2719206084
2025-12-31,53,68738.6361257105,73896.2458485598
2025-12-31,54,68738.6361257105,73147.5571591106
2025-12-31,55,68738.6361257105,73192.6388423586
2025-12-31,56,68738.6361257105,73342.0932799247
2025-12-31,57,68738.6361257105,72844.4606077585
2025-12-31,58,68738.6361257105,71922.5326556763
2025-12-31,59,68690.7326101092,71866.8780301435
2025-12-31,60,68690.7326101092,72533.5314472224
2025-12-31,61,68690.7326101092,72914.8136234782
2025-12-31,62,68690.7326101092,71754.7977706131
2025-12-31,63,68596.0306074993,71775.0794474205
2025-12-31,64,68596.0306074993,71749.0584365638
2025-12-31,65,68596.0306074993,73136.1237650697
2025-12-31,66,68591.9723148302,72288.1398157561
2025-12-31,67,68591.9723148302,71980.8396110744
2025-12-31,68,68591.9723148302,72977.3364307332
2025-12-31,69,68591.9723148302,72307.4648110205
2025-12-31,70,68591.9723148302,73197.2757446841
2025-12-31,71,68591.9723148302,72441.3030967921
2025-12-31,72,68591.9723148302,73410.0599993356
2025-12-31,73,68591.9723148302,72816.0684169010
2025-12-31,74,68591.9723148302,72823.3622503314
2025-12-31,75,68591.9723148302,72602.3275191225
2025-12-31,76,68591.9723148302,72546.4292823963
2025-12-31,77,68591.9723148302,73481.6320644055
2025-12-31,78,68591.9723148302,73444.2727537987
2025-12-31,79,68591.9723148302,72814.2708853870
2025-12-31,80,68591.9723148302,72679.2135624320
2025-12-31,81,68591.9723148302,72324.3127240724
2025-12-31,82,68591.9723148302,72368.8387753311
2025-12-31,83,68591.9723148302,73003.2501665176
2025-12-31,84,68591.9723148302,73460.2621306777
2025-12-31,85,68591.9723148302,72663.0683625872
2025-12-31,86,68591.9723148302,72919.3482667752
2025-12-31,87,68591.9723148302,73129.5296893905
2025-12-31,88,68591.9723148302,72481.7333354419
2025-12-31,89,68591.9723148302,73257.1248892797
2025-12-31,90,68591.9723148302,73164.2537716233
2025-12-31,91,68591.9723148302,72961.3524573599
2025-12-31,92,68591.9723148302,72924.0179477802
2025-12-31,93,68591.9723148302,73540.8447554907
2025-12-31,94,68591.9723148302,72909.9593493351
2025-12-31,95,68591.9723148302,72746.6052719122
2025-12-31,96,68591.9723148302,72523.0661327468
2025-12-31,97,68591.9723148302,71680.8527229051
2025-12-31,98,68402.2113218901,72553.2494904175
2025-12-31,99,68402.2113218901,72312.1336961378
2025-12-31,100,68402.2113218901,73152.4351663917
2025-12-31,101,68402.2113218901,72644.9890758669
2025-12-31,102,68402.2113218901,72712.6729544623
2025-12-31,103,68402.2113218901,72470.2517247218
2025-12-31,104,68118.4643012038,73077.0444137797
2025-12-31,105,68118.4643012038,72570.9644575762
2025-12-31,106,68118.4643012038,72710.0876594887
2025-12-31,107,68118.4643012038,71999.6088394642
2025-12-31,108,68118.4643012038,71721.3365874970
2025-12-31,109,68118.4643012038,73306.7882052444
2025-12-31,110,68118.4643012038,71877.7576260731
2025-12-31,111,68118.4643012038,71417.0346936919
2025-12-31,112,68118.4643012038,72947.7248108275
2025-12-31,113,68118.4643012038,72724.7363465000
2025-12-31,114,68118.4643012038,73100.7929488717
2025-12-31,115,68118.4643012038,72155.2725590609
2025-12-31,116,68118.4643012038,72390.6389879033
2025-12-31,117,68118.4643012038,72778.0146226805
2025-12-31,118,68118.4643012038,71607.3254747367
2025-12-31,119,67997.0419904290,71960.9274856672
