date,day_index,issue,perturbation,max_plan_diff_kwh,passed
2025-02-01,31,0,future_actuals_and_unreleased_forecasts,0.0000000000,True
2025-02-01,31,6,future_actuals_and_unreleased_forecasts,0.0000000000,True
2025-02-01,31,12,future_actuals_and_unreleased_forecasts,0.0000000000,True
2025-02-01,31,18,future_actuals_and_unreleased_forecasts,0.0000000000,True
2025-02-08,38,0,future_actuals_and_unreleased_forecasts,0.0000000000,True
2025-02-08,38,6,future_actuals_and_unreleased_forecasts,0.0000000000,True
2025-02-08,38,12,future_actuals_and_unreleased_forecasts,0.0000000000,True
2025-02-08,38,18,future_actuals_and_unreleased_forecasts,0.0000000000,True
2025-02-15,45,0,future_actuals_and_unreleased_forecasts,0.0000000000,True
2025-02-15,45,6,future_actuals_and_unreleased_forecasts,0.0000000000,True
2025-02-15,45,12,future_actuals_and_unreleased_forecasts,0.0000000000,True
2025-02-15,45,18,future_actuals_and_unreleased_forecasts,0.0000000000,True
2025-02-22,52,0,future_actuals_and_unreleased_forecasts,0.0000000000,True
2025-02-22,52,6,future_actuals_and_unreleased_forecasts,0.0000000000,True
2025-02-22,52,12,future_actuals_and_unreleased_forecasts,0.0000000000,True
2025-02-22,52,18,future_actuals_and_unreleased_forecasts,0.0000000000,True
2025-03-01,59,0,future_actuals_and_unreleased_forecasts,0.0000000000,True
2025-03-01,59,6,future_actuals_and_unreleased_forecasts,0.0000000000,True
2025-03-01,59,12,future_actuals_and_unreleased_forecasts,0.0000000000,True
2025-03-01,59,18,future_actuals_and_unreleased_forecasts,0.0000000000,True
2025-03-08,66,0,future_actuals_and_unreleased_forecasts,0.0000000000,True
2025-03-08,66,6,future_actuals_and_unreleased_forecasts,0.0000000000,True
2025-03-08,66,12,future_actuals_and_unreleased_forecasts,0.0000000000,True
2025-03-08,66,18,future_actuals_and_unreleased_forecasts,0.0000000000,True
2025-03-15,73,0,future_actuals_and_unreleased_forecasts,0.0000000000,True
2025-03-15,73,6,future_actuals_and_unreleased_forecasts,0.0000000000,True
2025-03-15,73,12,future_actuals_and_unreleased_forecasts,0.0000000000,True
2025-03-15,73,18,future_actuals_and_unreleased_forecasts,0.0000000000,True
2025-03-22,80,0,future_actuals_and_unreleased_forecasts,0.0000000000,True
2025-03-22,80,6,future_actuals_and_unreleased_forecasts,0.0000000000,True
2025-03-22,80,12,future_actuals_and_unreleased_forecasts,0.0000000000,True
2025-03-22,80,18,future_actuals_and_unreleased_forecasts,0.0000000000,True
2025-03-29,87,0,future_actuals_and_unreleased_forecasts,0.0000000000,True
2025-03-29,87,6,future_actuals_and_unreleased_forecasts,0.0000000000,True
2025-03-29,87,12,future_actuals_and_unreleased_forecasts,0.0000000000,True
2025-03-29,87,18,future_actuals_and_unreleased_forecasts,0.0000000000,True
2025-04-05,94,0,future_actuals_and_unreleased_forecasts,0.0000000000,True
2025-04-05,94,6,future_actuals_and_unreleased_forecasts,0.0000000000,True
2025-04-05,94,12,future_actuals_and_unreleased_forecasts,0.0000000000,True
2025-04-05,94,18,future_actuals_and_unreleased_forecasts,0.0000000000,True
2025-04-12,101,0,future_actuals_and_unreleased_forecasts,0.0000000000,True
2025-04-12,101,6,future_actuals_and_unreleased_forecasts,0.0000000000,True
2025-04-12,101,12,future_actuals_and_unreleased_forecasts,0.0000000000,True
2025-04-12,101,18,future_actuals_and_unreleased_forecasts,0.0000000000,True
2025-04-19,108,0,future_actuals_and_unreleased_forecasts,0.0000000000,True
2025-04-19,108,6,future_actuals_and_unreleased_forecasts,0.0000000000,True
2025-04-19,108,12,future_actuals_and_unreleased_forecasts,0.0000000000,True
2025-04-19,108,18,future_actuals_and_unreleased_forecasts,0.0000000000,True
2025-04-27,116,0,future_actuals_and_unreleased_forecasts,0.0000000000,True
2025-04-27,116,6,future_actuals_and_unreleased_forecasts,0.0000000000,True
2025-04-27,116,12,future_actuals_and_unreleased_forecasts,0.0000000000,True
2025-04-27,116,18,future_actuals_and_unreleased_forecasts,0.0000000000,True
2025-05-04,123,0,future_actuals_and_unreleased_forecasts,0.0000000000,True
2025-05-04,123,6,future_actuals_and_unreleased_forecasts,0.0000000000,True
2025-05-04,123,12,future_actuals_and_unreleased_forecasts,0.0000000000,True
2025-05-04,123,18,future_actuals_and_unreleased_forecasts,0.0000000000,True
2025-05-08,127,0,future_actuals_and_unreleased_forecasts,0.0000000000,True
2025-05-08,127,6,future_actuals_and_unreleased_forecasts,0.0000000000,True
2025-05-08,127,12,future_actuals_and_unreleased_forecasts,0.0000000000,True
2025-05-08,127,18,future_actuals_and_unreleased_forecasts,0.0000000000,True
2025-05-09,128,0,future_actuals_and_unreleased_forecasts,0.0000000000,True
2025-05-09,128,6,future_actuals_and_unreleased_forecasts,0.0000000000,True
2025-05-09,128,12,future_actuals_and_unreleased_forecasts,0.0000000000,True
2025-05-09,128,18,future_actuals_and_unreleased_forecasts,0.0000000000,True
2025-05-11,130,0,future_actuals_and_unreleased_forecasts,0.0000000000,True
2025-05-11,130,6,future_actuals_and_unreleased_forecasts,0.0000000000,True
2025-05-11,130,12,future_actuals_and_unreleased_forecasts,0.0000000000,True
2025-05-11,130,18,future_actuals_and_unreleased_forecasts,0.0000000000,True
2025-05-17,136,0,future_actuals_and_unreleased_forecasts,0.0000000000,True
2025-05-17,136,6,future_actuals_and_unreleased_forecasts,0.0000000000,True
2025-05-17,136,12,future_actuals_and_unreleased_forecasts,0.0000000000,True
2025-05-17,136,18,future_actuals_and_unreleased_forecasts,0.0000000000,True
2025-05-18,137,0,future_actuals_and_unreleased_forecasts,0.0000000000,True
2025-05-18,137,6,future_actuals_and_unreleased_forecasts,0.0000000000,True
2025-05-18,137,12,future_actuals_and_unreleased_forecasts,0.0000000000,True
2025-05-18,137,18,future_actuals_and_unreleased_forecasts,0.0000000000,True
2025-05-25,144,0,future_actuals_and_unreleased_forecasts,0.0000000000,True
2025-05-25,144,6,future_actuals_and_unreleased_forecasts,0.0000000000,True
2025-05-25,144,12,future_actuals_and_unreleased_forecasts,0.0000000000,True
2025-05-25,144,18,future_actuals_and_unreleased_forecasts,0.0000000000,True
2025-06-01,151,0,future_actuals_and_unreleased_forecasts,0.0000000000,True
2025-06-01,151,6,future_actuals_and_unreleased_forecasts,0.0000000000,True
2025-06-01,151,12,future_actuals_and_unreleased_forecasts,0.0000000000,True
2025-06-01,151,18,future_actuals_and_unreleased_forecasts,0.0000000000,True
2025-06-08,158,0,future_actuals_and_unreleased_forecasts,0.0000000000,True
2025-06-08,158,6,future_actuals_and_unreleased_forecasts,0.0000000000,True
2025-06-08,158,12,future_actuals_and_unreleased_forecasts,0.0000000000,True
2025-06-08,158,18,future_actuals_and_unreleased_forecasts,0.0000000000,True
2025-06-15,165,0,future_actuals_and_unreleased_forecasts,0.0000000000,True
2025-06-15,165,6,future_actuals_and_unreleased_forecasts,0.0000000000,True
2025-06-15,165,12,future_actuals_and_unreleased_forecasts,0.0000000000,True
2025-06-15,165,18,future_actuals_and_unreleased_forecasts,0.0000000000,True
2025-06-22,172,0,future_actuals_and_unreleased_forecasts,0.0000000000,True
2025-06-22,172,6,future_actuals_and_unreleased_forecasts,0.0000000000,True
2025-06-22,172,12,future_actuals_and_unreleased_forecasts,0.0000000000,True
2025-06-22,172,18,future_actuals_and_unreleased_forecasts,0.0000000000,True
2025-06-29,179,0,future_actuals_and_unreleased_forecasts,0.0000000000,True
2025-06-29,179,6,future_actuals_and_unreleased_forecasts,0.0000000000,True
2025-06-29,179,12,future_actuals_and_unreleased_forecasts,0.0000000000,True
2025-06-29,179,18,future_actuals_and_unreleased_forecasts,0.0000000000,True
2025-07-01,181,0,future_actuals_and_unreleased_forecasts,0.0000000000,True
2025-07-01,181,6,future_actuals_and_unreleased_forecasts,0.0000000000,True
2025-07-01,181,12,future_actuals_and_unreleased_forecasts,0.0000000000,True
2025-07-01,181,18,future_actuals_and_unreleased_forecasts,0.0000000000,True
2025-07-02,182,0,future_actuals_and_unreleased_forecasts,0.0000000000,True
2025-07-02,182,6,future_actuals_and_unreleased_forecasts,0.0000000000,True
2025-07-02,182,12,future_actuals_and_unreleased_forecasts,0.0000000000,True
2025-07-02,182,18,future_actuals_and_unreleased_forecasts,0.0000000000,True
2025-07-04,184,0,future_actuals_and_unreleased_forecasts,0.0000000000,True
2025-07-04,184,6,future_actuals_and_unreleased_forecasts,0.0000000000,True
2025-07-04,184,12,future_actuals_and_unreleased_forecasts,0.0000000000,True
2025-07-04,184,18,future_actuals_and_unreleased_forecasts,0.0000000000,True
2025-07-06,186,0,future_actuals_and_unreleased_forecasts,0.0000000000,True
2025-07-06,186,6,future_actuals_and_unreleased_forecasts,0.0000000000,True
2025-07-06,186,12,future_actuals_and_unreleased_forecasts,0.0000000000,True
2025-07-06,186,18,future_actuals_and_unreleased_forecasts,0.0000000000,True
2025-07-07,187,0,future_actuals_and_unreleased_forecasts,0.0000000000,True
2025-07-07,187,6,future_actuals_and_unreleased_forecasts,0.0000000000,True
2025-07-07,187,12,future_actuals_and_unreleased_forecasts,0.0000000000,True
2025-07-07,187,18,future_actuals_and_unreleased_forecasts,0.0000000000,True
2025-07-13,193,0,future_actuals_and_unreleased_forecasts,0.0000000000,True
2025-07-13,193,6,future_actuals_and_unreleased_forecasts,0.0000000000,True
2025-07-13,193,12,future_actuals_and_unreleased_forecasts,0.0000000000,True
2025-07-13,193,18,future_actuals_and_unreleased_forecasts,0.0000000000,True
2025-07-21,201,0,future_actuals_and_unreleased_forecasts,0.0000000000,True
2025-07-21,201,6,future_actuals_and_unreleased_forecasts,0.0000000000,True
2025-07-21,201,12,future_actuals_and_unreleased_forecasts,0.0000000000,True
2025-07-21,201,18,future_actuals_and_unreleased_forecasts,0.0000000000,True
2025-07-28,208,0,future_actuals_and_unreleased_forecasts,0.0000000000,True
2025-07-28,208,6,future_actuals_and_unreleased_forecasts,0.0000000000,True
2025-07-28,208,12,future_actuals_and_unreleased_forecasts,0.0000000000,True
2025-07-28,208,18,future_actuals_and_unreleased_forecasts,0.0000000000,True
2025-08-04,215,0,future_actuals_and_unreleased_forecasts,0.0000000000,True
2025-08-04,215,6,future_actuals_and_unreleased_forecasts,0.0000000000,True
2025-08-04,215,12,future_actuals_and_unreleased_forecasts,0.0000000000,True
2025-08-04,215,18,future_actuals_and_unreleased_forecasts,0.0000000000,True
2025-08-11,222,0,future_actuals_and_unreleased_forecasts,0.0000000000,True
2025-08-11,222,6,future_actuals_and_unreleased_forecasts,0.0000000000,True
2025-08-11,222,12,future_actuals_and_unreleased_forecasts,0.0000000000,True
2025-08-11,222,18,future_actuals_and_unreleased_forecasts,0.0000000000,True
2025-08-18,229,0,future_actuals_and_unreleased_forecasts,0.0000000000,True
2025-08-18,229,6,future_actuals_and_unreleased_forecasts,0.0000000000,True
2025-08-18,229,12,future_actuals_and_unreleased_forecasts,0.0000000000,True
2025-08-18,229,18,future_actuals_and_unreleased_forecasts,0.0000000000,True
2025-08-25,236,0,future_actuals_and_unreleased_forecasts,0.0000000000,True
2025-08-25,236,6,future_actuals_and_unreleased_forecasts,0.0000000000,True
2025-08-25,236,12,future_actuals_and_unreleased_forecasts,0.0000000000,True
2025-08-25,236,18,future_actuals_and_unreleased_forecasts,0.0000000000,True
2025-09-01,243,0,future_actuals_and_unreleased_forecasts,0.0000000000,True
2025-09-01,243,6,future_actuals_and_unreleased_forecasts,0.0000000000,True
2025-09-01,243,12,future_actuals_and_unreleased_forecasts,0.0000000000,True
2025-09-01,243,18,future_actuals_and_unreleased_forecasts,0.0000000000,True
2025-09-08,250,0,future_actuals_and_unreleased_forecasts,0.0000000000,True
2025-09-08,250,6,future_actuals_and_unreleased_forecasts,0.0000000000,True
2025-09-08,250,12,future_actuals_and_unreleased_forecasts,0.0000000000,True
2025-09-08,250,18,future_actuals_and_unreleased_forecasts,0.0000000000,True
2025-09-15,257,0,future_actuals_and_unreleased_forecasts,0.0000000000,True
2025-09-15,257,6,future_actuals_and_unreleased_forecasts,0.0000000000,True
2025-09-15,257,12,future_actuals_and_unreleased_forecasts,0.0000000000,True
2025-09-15,257,18,future_actuals_and_unreleased_forecasts,0.0000000000,True
2025-09-22,264,0,future_actuals_and_unreleased_forecasts,0.0000000000,True
2025-09-22,264,6,future_actuals_and_unreleased_forecasts,0.0000000000,True
2025-09-22,264,12,future_actuals_and_unreleased_forecasts,0.0000000000,True
2025-09-22,264,18,future_actuals_and_unreleased_forecasts,0.0000000000,True
2025-09-29,271,0,future_actuals_and_unreleased_forecasts,0.0000000000,True
2025-09-29,271,6,future_actuals_and_unreleased_forecasts,0.0000000000,True
2025-09-29,271,12,future_actuals_and_unreleased_forecasts,0.0000000000,True
2025-09-29,271,18,future_actuals_and_unreleased_forecasts,0.0000000000,True
2025-10-06,278,0,future_actuals_and_unreleased_forecasts,0.0000000000,True
2025-10-06,278,6,future_actuals_and_unreleased_forecasts,0.0000000000,True
2025-10-06,278,12,future_actuals_and_unreleased_forecasts,0.0000000000,True
2025-10-06,278,18,future_actuals_and_unreleased_forecasts,0.0000000000,True
2025-10-14,286,0,future_actuals_and_unreleased_forecasts,0.0000000000,True
2025-10-14,286,6,future_actuals_and_unreleased_forecasts,0.0000000000,True
2025-10-14,286,12,future_actuals_and_unreleased_forecasts,0.0000000000,True
2025-10-14,286,18,future_actuals_and_unreleased_forecasts,0.0000000000,True
2025-10-21,293,0,future_actuals_and_unreleased_forecasts,0.0000000000,True
2025-10-21,293,6,future_actuals_and_unreleased_forecasts,0.0000000000,True
2025-10-21,293,12,future_actuals_and_unreleased_forecasts,0.0000000000,True
2025-10-21,293,18,future_actuals_and_unreleased_forecasts,0.0000000000,True
2025-10-28,300,0,future_actuals_and_unreleased_forecasts,0.0000000000,True
2025-10-28,300,6,future_actuals_and_unreleased_forecasts,0.0000000000,True
2025-10-28,300,12,future_actuals_and_unreleased_forecasts,0.0000000000,True
2025-10-28,300,18,future_actuals_and_unreleased_forecasts,0.0000000000,True
2025-11-04,307,0,future_actuals_and_unreleased_forecasts,0.0000000000,True
2025-11-04,307,6,future_actuals_and_unreleased_forecasts,0.0000000000,True
2025-11-04,307,12,future_actuals_and_unreleased_forecasts,0.0000000000,True
2025-11-04,307,18,future_actuals_and_unreleased_forecasts,0.0000000000,True
2025-11-11,314,0,future_actuals_and_unreleased_forecasts,0.0000000000,True
2025-11-11,314,6,future_actuals_and_unreleased_forecasts,0.0000000000,True
2025-11-11,314,12,future_actuals_and_unreleased_forecasts,0.0000000000,True
2025-11-11,314,18,future_actuals_and_unreleased_forecasts,0.0000000000,True
2025-11-18,321,0,future_actuals_and_unreleased_forecasts,0.0000000000,True
2025-11-18,321,6,future_actuals_and_unreleased_forecasts,0.0000000000,True
2025-11-18,321,12,future_actuals_and_unreleased_forecasts,0.0000000000,True
2025-11-18,321,18,future_actuals_and_unreleased_forecasts,0.0000000000,True
2025-11-25,328,0,future_actuals_and_unreleased_forecasts,0.0000000000,True
2025-11-25,328,6,future_actuals_and_unreleased_forecasts,0.0000000000,True
2025-11-25,328,12,future_actuals_and_unreleased_forecasts,0.0000000000,True
2025-11-25,328,18,future_actuals_and_unreleased_forecasts,0.0000000000,True
2025-12-02,335,0,future_actuals_and_unreleased_forecasts,0.0000000000,True
2025-12-02,335,6,future_actuals_and_unreleased_forecasts,0.0000000000,True
2025-12-02,335,12,future_actuals_and_unreleased_forecasts,0.0000000000,True
2025-12-02,335,18,future_actuals_and_unreleased_forecasts,0.0000000000,True
2025-12-04,337,0,future_actuals_and_unreleased_forecasts,0.0000000000,True
2025-12-04,337,6,future_actuals_and_unreleased_forecasts,0.0000000000,True
2025-12-04,337,12,future_actuals_and_unreleased_forecasts,0.0000000000,True
2025-12-04,337,18,future_actuals_and_unreleased_forecasts,0.0000000000,True
2025-12-09,342,0,future_actuals_and_unreleased_forecasts,0.0000000000,True
2025-12-09,342,6,future_actuals_and_unreleased_forecasts,0.0000000000,True
2025-12-09,342,12,future_actuals_and_unreleased_forecasts,0.0000000000,True
2025-12-09,342,18,future_actuals_and_unreleased_forecasts,0.0000000000,True
2025-12-16,349,0,future_actuals_and_unreleased_forecasts,0.0000000000,True
2025-12-16,349,6,future_actuals_and_unreleased_forecasts,0.0000000000,True
2025-12-16,349,12,future_actuals_and_unreleased_forecasts,0.0000000000,True
2025-12-16,349,18,future_actuals_and_unreleased_forecasts,0.0000000000,True
2025-12-23,356,0,future_actuals_and_unreleased_forecasts,0.0000000000,True
2025-12-23,356,6,future_actuals_and_unreleased_forecasts,0.0000000000,True
2025-12-23,356,12,future_actuals_and_unreleased_forecasts,0.0000000000,True
2025-12-23,356,18,future_actuals_and_unreleased_forecasts,0.0000000000,True
2025-12-31,364,0,future_actuals_and_unreleased_forecasts,0.0000000000,True
2025-12-31,364,6,future_actuals_and_unreleased_forecasts,0.0000000000,True
2025-12-31,364,12,future_actuals_and_unreleased_forecasts,0.0000000000,True
2025-12-31,364,18,future_actuals_and_unreleased_forecasts,0.0000000000,True
