date,total_cost_B0,inventory_adjusted_cost_B0,emergency_cost_B0,emergency_kwh_B0,soc_start_B0,soc_end_B0,soc_min_B0,mean_price,total_cost_H3,inventory_adjusted_cost_H3,emergency_cost_H3,emergency_kwh_H3,soc_start_H3,soc_end_H3,soc_min_H3,adjusted_diff_H3_minus_B0,B0_top17,H3_top17
2025-02-01,18829.3538460000,18286.5513660000,0.0000000000,0.0000000000,5280.4291660000,6596.1367650000,1783.9464890000,0.6514930000,18950.2285360000,17855.0497670000,0.0000000000,0.0000000000,5280.4291660000,7935.0504760000,1806.5707730000,-431.5015990000,False,False
2025-02-02,63151.6953570000,62316.5159720000,891.6104670000,153.7259430000,6596.1367650000,8620.5414150000,1200.0000000000,0.8363880000,61434.2951380000,60705.5240900000,0.0000000000,0.0000000000,7935.0504760000,9701.5302570000,1275.0492840000,-1610.9918820000,False,False
2025-02-03,63964.5358860000,63691.1612090000,18.8622020000,3.5144780000,8620.5414150000,9283.1786580000,1279.8919670000,0.8447900000,63342.4087940000,62889.2289990000,0.0000000000,0.0000000000,9701.5302570000,10800.0000000000,1465.6959720000,-801.9322100000,False,False
2025-02-04,64323.1085540000,65133.4067320000,0.0000000000,0.0000000000,9283.1786580000,7319.0839630000,1206.8275940000,0.8491900000,64387.8202980000,64980.0850700000,0.0000000000,0.0000000000,10800.0000000000,9364.3999580000,1261.8198660000,-153.3216620000,False,False
2025-02-05,63460.9000390000,62501.9632500000,76.5976990000,11.6934130000,7319.0839630000,9643.4661600000,1200.0000000000,0.8482540000,62471.0897430000,61902.4677320000,0.0000000000,0.0000000000,9364.3999580000,10742.6919320000,1280.7716480000,-599.4955180000,False,False
2025-02-06,62646.3844300000,64667.8159170000,343.6747590000,52.4471730000,9643.4661600000,4743.6860960000,1579.2426370000,0.8439650000,62564.1426630000,64127.6695700000,203.0961640000,29.4494750000,10742.6919320000,6952.8340910000,1548.0501200000,-540.1463470000,False,False
2025-02-07,18591.9328750000,18761.9535330000,1183.0380620000,281.1346920000,4743.6860960000,4331.5703070000,1200.0000000000,0.6440390000,17988.1259880000,18159.0256960000,571.7165010000,134.9661240000,6952.8340910000,6538.5875610000,1200.0000000000,-602.9278370000,False,False
2025-02-08,15974.1296950000,16077.5209180000,0.0000000000,0.0000000000,4331.5703070000,4080.9586700000,1264.0583650000,0.6423510000,15882.2120230000,15955.5808430000,0.0000000000,0.0000000000,6538.5875610000,6360.7477060000,1203.8852030000,-121.9400750000,False,False
2025-02-09,63773.3761920000,61936.6477940000,0.0000000000,0.0000000000,4080.9586700000,8533.0339690000,1274.2649460000,0.8413840000,62953.2227520000,61606.4421820000,0.0000000000,0.0000000000,6360.7477060000,9625.2306380000,1435.1155180000,-330.2056120000,False,False
2025-02-10,56041.4377370000,55375.0104650000,88.6519290000,19.4884430000,8533.0339690000,10148.3976780000,1200.0000000000,0.8180640000,55723.6146230000,55272.8913430000,0.0000000000,0.0000000000,9625.2306380000,10717.7459930000,1331.0550500000,-102.1191220000,False,False
2025-02-11,59590.4554890000,59880.9071410000,3725.1342940000,666.7387910000,10148.3976780000,9444.3672790000,1200.0000000000,0.8284920000,59877.0433420000,59874.2305350000,3484.7400930000,610.8826690000,10717.7459930000,10724.5640010000,1200.0000000000,-6.6766060000,False,False
2025-02-12,58023.4615050000,58442.8030120000,1666.9116020000,319.1868350000,9444.3672790000,8427.9187030000,1200.0000000000,0.8264240000,58875.8086270000,59276.7513650000,2808.0405040000,513.3343520000,10724.5640010000,9752.7124960000,1200.0000000000,833.9483530000,False,False
2025-02-13,51576.9248000000,52674.0293230000,1011.4448690000,171.1625700000,8427.9187030000,5768.6295280000,1200.0000000000,0.8147910000,50342.8407580000,51373.2147210000,0.0000000000,0.0000000000,9752.7124960000,7255.1725910000,1212.4371390000,-1300.8146020000,False,False
2025-02-14,15054.1416400000,15918.3831230000,287.3446230000,69.8795290000,5768.6295280000,3673.7807950000,1200.0000000000,0.6311000000,15601.3008620000,16187.1118120000,485.1077630000,117.9736780000,7255.1725910000,5835.2160730000,1200.0000000000,268.7286890000,False,False
2025-02-15,16586.0210400000,15745.8399450000,0.0000000000,0.0000000000,3673.7807950000,5710.3091710000,1292.6767430000,0.6378470000,16606.7761860000,15766.5587400000,0.0000000000,0.0000000000,5835.2160730000,7871.8325610000,1341.4614930000,20.7187950000,False,False
2025-02-16,60591.7536960000,59921.7604770000,1837.0905490000,345.2640040000,5710.3091710000,7334.3164330000,1200.0000000000,0.8303220000,60090.3407710000,59429.1353710000,1255.2216430000,237.1113940000,7871.8325610000,9474.5388910000,1200.0000000000,-492.6251060000,False,False
2025-02-17,56331.7789030000,55438.0494640000,1257.1719270000,196.3038420000,7334.3164330000,9500.6414940000,1200.0000000000,0.8173530000,56457.6719120000,55979.6201440000,1450.0168140000,225.0830540000,9474.5388910000,10633.2962060000,1200.0000000000,541.5706800000,False,False
2025-02-18,52240.5758110000,52185.0505490000,0.0000000000,0.0000000000,9500.6414940000,9635.2300650000,1213.5567170000,0.8145220000,51842.3075690000,52033.1226730000,54.1987230000,10.7933330000,10633.2962060000,10170.7764290000,1210.9126330000,-151.9278760000,False,False
2025-02-19,55330.0680830000,55447.3549070000,2980.1200890000,549.5734960000,9635.2300650000,9350.9366590000,1200.0000000000,0.8164300000,54323.4735570000,54451.6106880000,1568.6837060000,263.8704600000,10170.7764290000,9860.1827910000,1200.0000000000,-995.7442190000,False,False
2025-02-20,50983.5420700000,53355.5339670000,1569.9826350000,299.1490790000,9350.9366590000,3601.4276190000,1200.0000000000,0.8168070000,49454.3560650000,51462.3787470000,380.1787870000,74.6167530000,9860.1827910000,4992.9045440000,1200.0000000000,-1893.1552200000,False,False
2025-02-21,14615.3241110000,14965.7828600000,0.0000000000,0.0000000000,3601.4276190000,2751.9450600000,1380.6770600000,0.6208500000,14147.2056160000,14711.4006380000,0.0000000000,0.0000000000,4992.9045440000,3625.3432190000,1322.2934070000,-254.3822220000,False,False
2025-02-22,17663.2731760000,15974.0902180000,0.0000000000,0.0000000000,2751.9450600000,6846.3826070000,1283.1155610000,0.6352840000,17966.7206590000,15695.1846860000,120.7098900000,24.9452140000,3625.3432190000,9131.3555430000,1200.0000000000,-278.9055320000,False,False
2025-02-23,51998.1871640000,52515.3680570000,137.5870670000,32.0937340000,6846.3826070000,5592.7795800000,1200.0000000000,0.8153780000,51830.9579110000,52369.3552330000,410.6723970000,81.3536720000,9131.3555430000,7826.3256760000,1200.0000000000,-146.0128240000,False,False
2025-02-24,51102.9089910000,49775.9526210000,225.0450530000,44.0444370000,5592.7795800000,8809.2103160000,1581.0545660000,0.8082490000,50977.6000580000,49888.6206980000,271.3345560000,53.2269710000,7826.3256760000,10465.9201400000,1600.4124970000,112.6680770000,False,False
2025-02-25,48036.1994570000,48140.3767520000,239.1997570000,48.9821600000,8809.2103160000,8556.6933080000,1200.0000000000,0.7940970000,48558.5720980000,48781.3075870000,538.1577170000,108.1078600000,10465.9201400000,9926.0280300000,1200.0000000000,640.9308350000,False,False
2025-02-26,51089.5509480000,50920.0363410000,669.1901320000,128.6537830000,8556.6933080000,8967.5824730000,1200.0000000000,0.8055380000,49967.5128500000,49826.8457600000,60.6209320000,11.8307830000,9926.0280300000,10266.9932350000,1217.6163540000,-1093.1905810000,False,False
2025-02-27,49004.2922060000,51244.0410930000,5940.4195640000,988.7661940000,8967.5824730000,3538.6193750000,1200.0000000000,0.7979120000,48835.6014300000,50998.9758720000,5580.3515390000,872.1253150000,10266.9932350000,5023.1553730000,1200.0000000000,-245.0652210000,False,False
2025-02-28,13905.8880630000,14265.5547450000,36.7971800000,10.7327350000,3538.6193750000,2666.8175590000,1200.0000000000,0.6166780000,13775.5448280000,14375.3146580000,625.6750800000,150.5082420000,5023.1553730000,3569.3637040000,1200.0000000000,109.7599130000,False,False
2025-03-01,16522.5347330000,14193.0365750000,655.2604630000,145.9509070000,2666.8175590000,8313.3253490000,1200.0000000000,0.6142220000,17139.7957790000,14797.5814330000,1285.4219480000,271.2033410000,3569.3637040000,9246.6944650000,1200.0000000000,604.5448580000,False,False
2025-03-02,53028.0969640000,53297.8403390000,0.0000000000,0.0000000000,8313.3253490000,7659.4900740000,1725.2097780000,0.8122930000,53833.6729550000,53493.0769720000,0.0000000000,0.0000000000,9246.6944650000,10072.2705100000,1780.6446770000,195.2366330000,False,False
2025-03-03,53306.3054140000,53518.4806400000,0.0000000000,0.0000000000,7659.4900740000,7145.1951550000,1220.9588210000,0.8118500000,53503.9017930000,53834.2612110000,78.3881230000,15.6086140000,10072.2705100000,9271.5070400000,1200.0000000000,315.7805710000,False,False
2025-03-04,49898.2495650000,49310.5083450000,0.0000000000,0.0000000000,7145.1951550000,8569.8304830000,1250.3946850000,0.8006280000,49904.4719050000,49644.2594250000,183.2395290000,40.0029960000,9271.5070400000,9902.2402270000,1200.0000000000,333.7510800000,False,False
2025-03-05,48949.8214980000,49437.8613490000,21.6000180000,4.3068600000,8569.8304830000,7386.8628940000,1335.9846020000,0.7945010000,49939.6894720000,50021.9641630000,0.0000000000,0.0000000000,9902.2402270000,9702.8132900000,1350.5991420000,584.1028140000,False,False
2025-03-06,44717.4707600000,46130.6640980000,0.0000000000,0.0000000000,7386.8628940000,3961.4009920000,1762.7260650000,0.7918570000,44115.0010880000,45617.9239200000,0.0000000000,0.0000000000,9702.8132900000,6059.8546330000,1693.3056210000,-512.7401780000,False,False
2025-03-07,14688.7090880000,14302.2863060000,1110.3062000000,272.4898560000,3961.4009920000,4898.0573440000,1200.0000000000,0.6085010000,14816.6225750000,14691.5725970000,1436.9890200000,329.3328350000,6059.8546330000,6362.9652720000,1200.0000000000,389.2862910000,False,False
2025-03-08,13665.1733610000,12666.5613630000,0.0000000000,0.0000000000,4898.0573440000,7318.6089140000,1280.2767470000,0.5972630000,13552.7401120000,12617.8669240000,0.0000000000,0.0000000000,6362.9652720000,8629.0193230000,1245.6536410000,-48.6944390000,False,False
2025-03-09,44338.7829190000,45323.2980950000,1368.4834480000,224.8333950000,7318.6089140000,4932.2268540000,1200.0000000000,0.7838090000,44415.5932140000,45029.4285580000,893.6504060000,156.7489380000,8629.0193230000,7141.1340300000,1200.0000000000,-293.8695370000,False,False
2025-03-10,50309.8629320000,48800.6582150000,0.0000000000,0.0000000000,4932.2268540000,8590.4122710000,1362.6521580000,0.8024510000,49571.2692020000,48543.1039320000,0.0000000000,0.0000000000,7141.1340300000,9633.3202470000,1393.8627550000,-257.5542830000,False,False
2025-03-11,46809.3634230000,46333.9449540000,0.0000000000,0.0000000000,8590.4122710000,9742.7866900000,1447.8852210000,0.7893930000,46285.1405010000,46165.4948740000,0.0000000000,0.0000000000,9633.3202470000,9923.3311940000,1471.3644410000,-168.4500800000,False,False
2025-03-12,43084.5932270000,43779.4913070000,0.0000000000,0.0000000000,9742.7866900000,8058.4121380000,1308.4477020000,0.7801680000,43851.7341840000,43969.3836220000,0.0000000000,0.0000000000,9923.3311940000,9638.1588420000,1337.5145340000,189.8923150000,False,False
2025-03-13,46623.2291180000,47977.2782900000,1288.3328880000,202.1706010000,8058.4121380000,4776.3107240000,1200.0000000000,0.7996370000,47118.4765070000,48670.3708250000,2710.0810250000,426.0477210000,9638.1588420000,5876.4974190000,1200.0000000000,693.0925350000,False,False
2025-03-14,12418.7092830000,12556.1537900000,0.0000000000,0.0000000000,4776.3107240000,4443.1567890000,1223.8455370000,0.5913870000,12618.6462790000,12657.2483230000,468.5913840000,89.8286940000,5876.4974190000,5782.9293080000,1200.0000000000,101.0945330000,False,False
2025-03-15,13461.2324530000,13368.8189160000,518.0311460000,108.7863510000,4443.1567890000,4667.1594380000,1200.0000000000,0.6047720000,13550.4155930000,13064.4015140000,442.7641930000,96.1560940000,5782.9293080000,6960.9865980000,1200.0000000000,-304.4174020000,False,False
2025-03-16,45769.5050910000,44536.0443280000,8.0811000000,1.6400000000,4667.1594380000,7656.9646820000,1526.2699140000,0.7848950000,45457.2935380000,44347.6701930000,8.0811000000,1.6400000000,6960.9865980000,9650.6203480000,1558.0534380000,-188.3741350000,False,False
2025-03-17,41911.2672240000,41732.0348930000,1303.7232350000,257.5505530000,7656.9646820000,8091.4087920000,1200.0000000000,0.7601760000,40945.1850960000,41307.3655430000,811.2927520000,159.6188260000,9650.6203480000,8772.7253760000,1200.0000000000,-424.6693500000,False,False
2025-03-18,44225.1257820000,43497.3677030000,0.0000000000,0.0000000000,8091.4087920000,9855.4332240000,1242.0497840000,0.7760170000,44517.7224970000,43681.3590880000,0.0000000000,0.0000000000,8772.7253760000,10800.0000000000,1387.6968920000,183.9913850000,False,False
2025-03-19,41562.8921390000,42461.5176890000,0.0000000000,0.0000000000,9855.4332240000,7677.2404000000,1540.0158360000,0.7718380000,41533.4708270000,41933.8853490000,0.0000000000,0.0000000000,10800.0000000000,9829.4288460000,1573.5873920000,-527.6323400000,False,False
2025-03-20,42800.5461350000,44400.3762440000,1751.8615610000,316.5645600000,7677.2404000000,3799.3866500000,1200.0000000000,0.7786380000,44401.6154130000,45499.6465310000,3652.6731760000,602.9543440000,9829.4288460000,7167.8936840000,1200.0000000000,1099.2702870000,False,False
2025-03-21,12346.8090840000,13384.6472350000,1067.2696260000,214.9153500000,3799.3866500000,1283.7541800000,1200.0000000000,0.5702900000,10934.7579110000,13388.7714160000,1119.0037150000,234.0199540000,7167.8936840000,1219.5711560000,1200.0000000000,4.1241810000,False,False
2025-03-22,14002.3597770000,12236.8408660000,0.0000000000,0.0000000000,1283.7541800000,5563.2236660000,1283.7541800000,0.5873880000,14530.7437850000,11901.1496930000,0.0000000000,0.0000000000,1219.5711560000,7593.4862740000,1219.5711560000,-335.6911730000,False,False
2025-03-23,42184.5222210000,41342.3604430000,0.0000000000,0.0000000000,5563.2236660000,7604.5530490000,1438.5160760000,0.7671780000,42398.8341670000,41508.5446530000,0.0000000000,0.0000000000,7593.4862740000,9751.4732460000,1475.8417040000,166.1842100000,False,False
2025-03-24,41430.7228490000,40922.6468010000,0.0000000000,0.0000000000,7604.5530490000,8836.0866980000,1344.7243920000,0.7674860000,40951.1107710000,40518.5352330000,0.0000000000,0.0000000000,9751.4732460000,10800.0000000000,1492.2252690000,-404.1115680000,False,False
2025-03-25,43100.1680130000,43183.0205270000,446.8723420000,70.2921590000,8836.0866980000,8635.2591680000,1200.0000000000,0.7712760000,43889.5906150000,44004.9980900000,953.2862210000,152.9794140000,10800.0000000000,10520.2619800000,1200.0000000000,821.9775630000,False,False
2025-03-26,37497.9026540000,38512.0869240000,0.0000000000,0.0000000000,8635.2591680000,6176.9617170000,1303.9224840000,0.7566110000,37287.1944010000,38039.6001880000,0.0000000000,0.0000000000,10520.2619800000,8696.4935760000,1301.2658870000,-472.4867360000,False,False
2025-03-27,40961.9853330000,42335.5100280000,1438.5223230000,277.6985990000,6176.9617170000,2847.6532720000,1200.0000000000,0.7664160000,38292.8177380000,39890.9563520000,0.0000000000,0.0000000000,8696.4935760000,4822.7398670000,1353.5369500000,-2444.5536760000,False,False
2025-03-28,11001.9014900000,11595.9361340000,0.0000000000,0.0000000000,2847.6532720000,1407.7632120000,1336.2443850000,0.5747680000,10224.3115320000,11657.4754630000,0.0000000000,0.0000000000,4822.7398670000,1348.8709260000,1263.1492750000,61.5393290000,False,False
2025-03-29,11914.2315590000,11895.5300390000,39.1537150000,12.5958930000,1407.7632120000,1453.0941240000,1200.0000000000,0.5630870000,12079.8680700000,12060.4957710000,318.2636830000,89.0782790000,1348.8709260000,1395.8277490000,1200.0000000000,164.9657320000,False,False
2025-03-30,40865.9124050000,38494.8733760000,1390.3361950000,217.2909580000,1453.0941240000,7200.2934930000,1200.0000000000,0.7520270000,40525.9518770000,37617.4930920000,368.9469610000,57.6614770000,1395.8277490000,8445.6874490000,1200.0000000000,-877.3802840000,False,False
2025-03-31,39007.1111200000,39252.9781050000,36.4304140000,7.1586210000,7200.2934930000,6604.3325810000,1200.0000000000,0.7607040000,39442.4299560000,39347.0911190000,119.4072030000,24.1422740000,8445.6874490000,8676.7807790000,1200.0000000000,94.1130140000,False,False
2025-04-01,43601.6727700000,42326.8414560000,0.0000000000,0.0000000000,6604.3325810000,9694.4165610000,1241.1025700000,0.7731090000,42806.0867530000,41936.2305120000,324.4632930000,67.4563380000,8676.7807790000,10785.2392150000,1200.0000000000,-390.6109440000,False,False
2025-04-02,41454.4002460000,41997.4750610000,1150.9896850000,172.9046030000,9694.4165610000,8378.0488440000,1200.0000000000,0.7723200000,41475.3088070000,41970.8913950000,1554.0919910000,233.9365620000,10785.2392150000,9583.9886640000,1200.0000000000,-26.5836660000,False,False
2025-04-03,36587.8023150000,38995.9784190000,0.0000000000,0.0000000000,8378.0488440000,2540.8323250000,1274.5501110000,0.7644640000,37224.8681130000,39482.5084810000,108.7609830000,16.0895890000,9583.9886640000,4111.6581180000,1200.0000000000,486.5300620000,False,False
2025-04-04,11047.3580630000,11412.0423470000,381.4075570000,118.2342390000,2540.8323250000,1656.8682630000,1200.0000000000,0.5595030000,9818.4300510000,10973.5281350000,255.5131480000,79.9030640000,4111.6581180000,1311.7974260000,1200.0000000000,-438.5142120000,False,False
2025-04-05,12010.0608870000,11903.8004530000,0.0000000000,0.0000000000,1656.8682630000,1914.4346270000,1274.5914270000,0.5755280000,12451.5203190000,12179.6701180000,0.0000000000,0.0000000000,1311.7974260000,1970.7394690000,1262.2567070000,275.8696650000,False,False
2025-04-06,42297.1303240000,39809.5295430000,2116.0851810000,348.8062060000,1914.4346270000,7944.1698910000,1200.0000000000,0.7556870000,41939.4913570000,38893.4939600000,1230.2743110000,214.9586200000,1970.7394690000,9353.9812070000,1200.0000000000,-916.0355830000,False,False
2025-04-07,35072.1606100000,35727.8455300000,378.7889780000,61.1145010000,7944.1698910000,6354.8447400000,1200.0000000000,0.7517160000,35029.0736040000,35509.2772320000,409.1108750000,76.0568910000,9353.9812070000,8190.0079660000,1200.0000000000,-218.5682980000,False,False
2025-04-08,38791.2934250000,37479.9545610000,0.0000000000,0.0000000000,6354.8447400000,9533.4199570000,1205.4919950000,0.7519160000,38559.0795390000,37532.8891840000,0.0000000000,0.0000000000,8190.0079660000,10677.4071550000,1259.2647740000,52.9346230000,False,False
2025-04-09,39902.0596570000,40298.9388960000,728.5453260000,141.0998500000,9533.4199570000,8571.4180290000,1200.0000000000,0.7662710000,39460.9079380000,39674.8749000000,0.0000000000,0.0000000000,10677.4071550000,10158.7692180000,1354.2649160000,-624.0639960000,False,False
2025-04-10,36733.1576410000,39070.7687180000,2289.3172420000,413.6324040000,8571.4180290000,2905.2452040000,1200.0000000000,0.7580270000,35048.7620570000,37740.7120610000,314.3867970000,75.8776760000,10158.7692180000,3633.7086100000,1200.0000000000,-1330.0566570000,False,False
2025-04-11,10639.6342640000,11319.5768150000,0.0000000000,0.0000000000,2905.2452040000,1257.1215940000,1235.7722710000,0.5514780000,10667.0094480000,11671.0494550000,408.5366000000,159.9733540000,3633.7086100000,1200.0000000000,1200.0000000000,351.4726400000,False,False
2025-04-12,10520.9211340000,10441.2154730000,0.0000000000,0.0000000000,1257.1215940000,1450.3214200000,1231.7509120000,0.5638670000,10381.5161580000,10332.5503310000,0.0000000000,0.0000000000,1200.0000000000,1318.6890500000,1200.0000000000,-108.6651420000,False,False
2025-04-13,39901.5283490000,36850.8735240000,0.0000000000,0.0000000000,1450.3214200000,8844.8523700000,1313.8732090000,0.7562550000,40443.7336070000,36953.0804270000,0.0000000000,0.0000000000,1318.6890500000,9779.7390400000,1290.4817890000,102.2069030000,False,False
2025-04-14,37266.9823180000,37938.4831350000,1183.2895290000,182.6785110000,8844.8523700000,7217.1908160000,1200.0000000000,0.7465970000,37311.6903870000,37878.0128750000,1169.0582750000,180.9402330000,9779.7390400000,8407.0209160000,1200.0000000000,-60.4702600000,False,False
2025-04-15,35172.2663640000,34166.5427610000,184.5045400000,36.5940260000,7217.1908160000,9654.9803190000,1200.0000000000,0.7385330000,34856.5103090000,34329.0441470000,821.9220690000,144.6665950000,8407.0209160000,9685.5545710000,1200.0000000000,162.5013860000,False,False
2025-04-16,36883.5325260000,37435.2312860000,955.1879730000,168.8931010000,9654.9803190000,8317.7088830000,1200.0000000000,0.7623540000,37744.9750460000,37398.4165710000,962.4347560000,167.7378860000,9685.5545710000,10525.5831940000,1200.0000000000,-36.8147150000,False,False
2025-04-17,34257.1678880000,36771.0076400000,1100.0751300000,213.1049900000,8317.7088830000,2224.3725590000,1200.0000000000,0.7477670000,32669.9795390000,35815.4087000000,1367.5762410000,263.6318100000,10525.5831940000,2901.3272160000,1200.0000000000,-955.5989400000,False,False
2025-04-18,9991.1604910000,10255.9230340000,0.0000000000,0.0000000000,2224.3725590000,1582.6104020000,1298.6259480000,0.5594200000,9692.0247680000,10288.6626390000,0.0000000000,0.0000000000,2901.3272160000,1455.1271530000,1225.0622570000,32.7396050000,False,False
2025-04-19,10398.7894300000,10485.1026460000,0.0000000000,0.0000000000,1582.6104020000,1373.3944190000,1264.2305910000,0.5579760000,10481.6358500000,10569.2532840000,598.8791310000,155.8231820000,1455.1271530000,1242.7498540000,1200.0000000000,84.1506380000,False,False
2025-04-20,39717.4556590000,36296.9426260000,1005.4545800000,199.5428330000,1373.3944190000,9664.4305880000,1200.0000000000,0.7454390000,38706.4202520000,35027.3032420000,0.0000000000,0.0000000000,1242.7498540000,10160.6203340000,1226.3504230000,-1269.6393840000,False,False
2025-04-21,32480.4455860000,33833.8168270000,1185.3519930000,202.5475010000,9664.4305880000,6383.9724210000,1200.0000000000,0.7339520000,32696.2290740000,33474.4572910000,1171.4900860000,203.8963490000,10160.6203340000,8274.2605290000,1200.0000000000,-359.3595360000,False,False
2025-04-22,35148.1897470000,34534.2818590000,0.0000000000,0.0000000000,6383.9724210000,7872.0335570000,1210.0363000000,0.7509580000,34999.8473830000,34891.8236170000,206.7913140000,44.1574590000,8274.2605290000,8536.1010610000,1200.0000000000,357.5417580000,False,False
2025-04-23,35686.7163150000,35207.1322900000,0.0000000000,0.0000000000,7872.0335570000,9034.5049340000,1471.0621010000,0.7479120000,35539.1916930000,34973.1392230000,0.0000000000,0.0000000000,8536.1010610000,9908.1646840000,1509.7107120000,-233.9930670000,False,False
2025-04-24,28520.6942140000,31398.2038980000,227.8520540000,39.7498920000,9034.5049340000,2059.6632550000,1200.0000000000,0.7361850000,29587.2299590000,32230.2416410000,1529.0739040000,240.6833850000,9908.1646840000,3501.7264570000,1200.0000000000,832.0377430000,False,False
2025-04-25,9530.2404910000,9867.3808820000,0.0000000000,0.0000000000,2059.6632550000,1242.4632750000,1205.6884850000,0.5406920000,9344.1556690000,10282.3780750000,549.1325050000,149.1082630000,3501.7264570000,1227.5541830000,1200.0000000000,414.9971930000,False,False
2025-04-26,10236.3095250000,10169.9817680000,0.0000000000,0.0000000000,1242.4632750000,1403.2361850000,1242.4632750000,0.5378050000,10518.8183630000,10480.6409920000,169.5380040000,41.5291090000,1227.5541830000,1320.0929210000,1200.0000000000,310.6592240000,False,False
2025-04-27,37517.4857690000,34103.3969700000,19.0473480000,3.9923180000,1403.2361850000,9678.7005510000,1200.0000000000,0.7337830000,37693.1445890000,34153.9060970000,0.0000000000,0.0000000000,1320.0929210000,9898.9096280000,1314.3803690000,50.5091270000,False,False
2025-04-28,36105.5497950000,38261.9050560000,0.0000000000,0.0000000000,9678.7005510000,4451.8765960000,1317.4761740000,0.7660520000,36520.6960770000,37902.1791620000,0.0000000000,0.0000000000,9898.9096280000,6550.3107150000,1262.8888930000,-359.7258940000,False,False
2025-04-29,36368.8948550000,34708.7214290000,2656.5117630000,401.4070360000,4451.8765960000,8475.9974770000,1200.0000000000,0.7303830000,35529.0078630000,34197.4246750000,2701.7636510000,408.2447340000,6550.3107150000,9777.9564690000,1200.0000000000,-511.2967540000,False,False
2025-04-30,33828.5197160000,33852.9748940000,2604.8451870000,495.3660320000,8475.9974770000,8416.7201800000,1200.0000000000,0.7294420000,34223.4209680000,33852.1298280000,2492.9292380000,472.3890980000,9777.9564690000,10677.9349920000,1200.0000000000,-0.8450660000,False,False
2025-05-01,37925.5091940000,40300.4824230000,3951.1506450000,910.0266310000,8416.7201800000,2659.9846420000,1200.0000000000,0.7473260000,36392.9627260000,39707.5760750000,3364.9232030000,577.6742390000,10677.9349920000,2643.5907590000,1200.0000000000,-592.9063480000,False,False
2025-05-02,18338.5802280000,18940.9050030000,7734.1610910000,1899.0999730000,2659.9846420000,1200.0000000000,1200.0000000000,0.5869510000,19894.1793300000,20489.7407180000,9689.9224870000,2311.4061480000,2643.5907590000,1200.0000000000,1200.0000000000,1548.8357150000,False,False
2025-05-03,15445.3036540000,15445.3036540000,3387.8581440000,706.8109180000,1200.0000000000,1200.0000000000,1200.0000000000,0.5698240000,15891.6886700000,15824.1075130000,3608.6293970000,718.3066470000,1200.0000000000,1363.8110450000,1200.0000000000,378.8038590000,False,False
2025-05-04,42046.6742550000,40986.3299590000,3975.8745520000,719.6241050000,1200.0000000000,3770.1854740000,1200.0000000000,0.7461280000,42924.5036040000,41085.9406890000,4361.7844040000,735.2354210000,1363.8110450000,5820.3330580000,1200.0000000000,99.6107300000,False,False
2025-05-05,41987.4309380000,40234.1206280000,1253.0084480000,209.1155450000,3770.1854740000,8020.0623370000,1200.0000000000,0.7604610000,42383.0658170000,41152.5877320000,2191.1189900000,361.9039160000,5820.3330580000,8802.9085410000,1200.0000000000,918.4671040000,False,False
2025-05-06,40655.1514300000,42154.6755140000,4224.2217120000,810.6078250000,8020.0623370000,4385.3419600000,1200.0000000000,0.7532360000,41738.2920530000,42696.9151010000,4553.9610670000,785.9379010000,8802.9085410000,6479.2868250000,1200.0000000000,542.2395870000,False,False
2025-05-07,42994.4268030000,41079.3567100000,1709.4431910000,273.4572010000,4385.3419600000,9027.3109450000,1200.0000000000,0.7587290000,42761.9617830000,41705.5818270000,2808.8143790000,446.5655220000,6479.2868250000,9039.8630690000,1200.0000000000,626.2251170000,False,False
2025-05-08,38874.0721790000,41494.0248390000,4824.3628170000,865.5181450000,9027.3109450000,2676.7658480000,1200.0000000000,0.7616590000,42535.0629830000,45083.6331980000,10003.1023240000,1597.5348410000,9039.8630690000,2862.3430220000,1200.0000000000,3589.6083590000,False,False
2025-05-09,13272.7057720000,13763.4061480000,2427.7886230000,511.4612500000,2676.7658480000,1487.3493720000,1200.0000000000,0.5667380000,15588.7117020000,16184.4951010000,5272.0994490000,1158.7424010000,2862.3430220000,1418.2141250000,1200.0000000000,2421.0889530000,False,False
2025-05-10,14775.0900240000,14893.6376040000,3477.0477730000,803.1862390000,1487.3493720000,1200.0000000000,1200.0000000000,0.5753080000,15080.6814610000,15170.7069110000,3805.8907670000,896.8818340000,1418.2141250000,1200.0000000000,1200.0000000000,277.0693070000,False,False
2025-05-11,41077.2181390000,39109.3014880000,609.3948330000,90.4148080000,1200.0000000000,5970.0646020000,1200.0000000000,0.7607820000,42347.9309210000,40011.3703940000,1864.7679720000,271.8882050000,1200.0000000000,6863.6263790000,1200.0000000000,902.0689060000,False,False
2025-05-12,38199.7930420000,37522.6628830000,0.0000000000,0.0000000000,5970.0646020000,7611.3712090000,1447.8464150000,0.7517880000,38588.2813750000,37932.5453830000,25.4428020000,5.0612300000,6863.6263790000,8453.0753240000,1200.0000000000,409.8825000000,False,False
2025-05-13,36393.1640390000,37848.0668280000,0.0000000000,0.0000000000,7611.3712090000,4084.8091030000,1550.6551140000,0.7564460000,36202.1874540000,37451.8386440000,0.0000000000,0.0000000000,8453.0753240000,5424.0258470000,1532.6338630000,-396.2281840000,False,False
2025-05-14,39102.8862860000,37200.3144870000,0.0000000000,0.0000000000,4084.8091030000,8696.4832730000,1503.2658230000,0.7475510000,38244.0703110000,36901.0519900000,0.0000000000,0.0000000000,5424.0258470000,8679.3894040000,1426.0385990000,-299.2624970000,False,False
2025-05-15,37118.5487280000,39178.5957950000,0.0000000000,0.0000000000,8696.4832730000,3703.1022880000,1995.4074810000,0.7527770000,35996.2109270000,37921.9668140000,0.0000000000,0.0000000000,8679.3894040000,4011.5189540000,1622.9273490000,-1256.6289810000,False,False
2025-05-16,10942.7300670000,11826.1158920000,0.0000000000,0.0000000000,3703.1022880000,1561.8492800000,1369.8445530000,0.5453850000,10485.3014220000,11642.8675800000,0.0000000000,0.0000000000,4011.5189540000,1205.6758550000,1205.6758550000,-183.2483120000,False,False
2025-05-17,11648.7457050000,11717.9235450000,45.3884890000,15.5799140000,1561.8492800000,1394.1680090000,1200.0000000000,0.5734160000,13984.9875750000,13952.2684670000,2417.3103850000,434.3719610000,1205.6758550000,1284.9842240000,1200.0000000000,2234.3449220000,False,False
2025-05-18,38265.0060250000,37281.2281650000,0.0000000000,0.0000000000,1394.1680090000,3778.7628760000,1394.1680090000,0.7506810000,37557.2088660000,36452.3417630000,34.4284650000,5.2366670000,1284.9842240000,3963.0892410000,1284.9842240000,-828.8864020000,False,False
2025-05-19,37399.6950190000,37177.0463780000,2331.5753510000,351.6237290000,3778.7628760000,4318.4444730000,1200.0000000000,0.7317600000,36235.1255660000,35819.1242760000,2458.2785800000,383.7775670000,3963.0892410000,4971.4414130000,1200.0000000000,-1357.9221020000,False,False
2025-05-20,35638.5455180000,36559.9668030000,476.3622970000,73.2885540000,4318.4444730000,2084.9967030000,1200.0000000000,0.7565820000,37297.9224110000,38264.9070470000,1021.3840100000,156.3936220000,4971.4414130000,2627.5519100000,1200.0000000000,1704.9402440000,False,False
2025-05-21,37777.5446940000,38108.5068040000,1732.6158960000,280.0694220000,2084.9967030000,1282.7723580000,1200.0000000000,0.7458240000,38378.5193090000,38011.9113500000,2089.4000390000,331.3103730000,2627.5519100000,3516.1787980000,1200.0000000000,-96.5954540000,False,False
2025-05-22,36140.5061160000,34760.5624470000,0.0000000000,0.0000000000,1282.7723580000,4627.6398570000,1282.7723580000,0.7461930000,36822.0462190000,36639.8506440000,2863.3358010000,435.3946730000,3516.1787980000,3957.8055610000,1200.0000000000,1879.2881970000,False,False
2025-05-23,10442.1701310000,11398.0491430000,0.0000000000,0.0000000000,4627.6398570000,2310.6694550000,1311.0301560000,0.5569740000,10260.7818020000,11200.8679340000,204.9190330000,69.5470030000,3957.8055610000,1679.1157710000,1200.0000000000,-197.1812090000,False,False
2025-05-24,12086.7980970000,12014.1585290000,256.2017980000,87.9533920000,2310.6694550000,2486.7416640000,1200.0000000000,0.5532050000,11991.4073250000,11823.1109220000,268.5786100000,92.4155730000,1679.1157710000,2087.0521100000,1200.0000000000,-191.0476070000,False,False
2025-05-25,37006.4445910000,35943.9931660000,0.0000000000,0.0000000000,2486.7416640000,5062.0346390000,1588.3233350000,0.7379620000,36685.2423900000,34907.1213880000,0.0000000000,0.0000000000,2087.0521100000,6397.0680050000,1552.8255280000,-1036.8717780000,False,False
2025-05-26,38867.0025450000,38216.1801840000,0.0000000000,0.0000000000,5062.0346390000,6639.5733540000,1535.9567300000,0.7524720000,38560.0732980000,38015.9053600000,0.0000000000,0.0000000000,6397.0680050000,7716.0853620000,1619.3824710000,-200.2748240000,False,False
2025-05-27,35006.3997260000,37088.0041630000,2604.0918230000,493.9139680000,6639.5733540000,1593.9391130000,1200.0000000000,0.7429220000,34110.4080130000,36339.7217450000,2143.4792630000,406.6580330000,7716.0853620000,2312.4162040000,1200.0000000000,-748.2824180000,False,False
2025-05-28,37343.4794540000,36826.7537060000,0.0000000000,0.0000000000,1593.9391130000,2846.4389080000,1463.8732340000,0.7512670000,35896.9689600000,35750.2626310000,0.0000000000,0.0000000000,2312.4162040000,2668.0200180000,1512.0067160000,-1076.4910750000,False,False
2025-05-29,40437.5350360000,39981.7177550000,119.8044220000,17.8174330000,2846.4389080000,3951.3016930000,1717.2195420000,0.7595130000,39421.7469410000,39095.2072410000,119.8044220000,17.8174330000,2668.0200180000,3459.5248130000,1261.2244000000,-886.5105140000,False,False
2025-05-30,11755.2200390000,12225.9164090000,0.0000000000,0.0000000000,3951.3016930000,2810.3732440000,1383.8071780000,0.5609930000,11141.9373730000,11657.2460210000,0.0000000000,0.0000000000,3459.5248130000,2210.4599510000,1215.0915690000,-568.6703880000,False,False
2025-05-31,11935.2974100000,12030.9284080000,0.0000000000,0.0000000000,2810.3732440000,2578.5717390000,1718.7512500000,0.5663550000,11664.8780150000,11632.9989590000,0.0000000000,0.0000000000,2210.4599510000,2287.7321060000,1479.6326000000,-397.9294490000,False,False
2025-06-01,62916.4897500000,61092.1154090000,3120.7361910000,518.3214520000,2578.5717390000,7000.7018420000,1200.0000000000,0.8191810000,63750.0773030000,61615.4297690000,4545.0368910000,735.0592180000,2287.7321060000,7461.9383560000,1200.0000000000,523.3143600000,False,False
2025-06-02,55186.9327220000,56761.8955550000,1805.6214810000,350.7754990000,7000.7018420000,3183.1242770000,1200.0000000000,0.8099460000,55210.0823960000,56802.9648870000,2611.9774080000,493.0825640000,7461.9383560000,3600.9250470000,1200.0000000000,41.0693320000,False,False
2025-06-03,54059.0043980000,54796.9140130000,93.4477320000,13.1997640000,3183.1242770000,1394.4933750000,1394.4933750000,0.8062830000,54368.2160710000,54730.4545000000,0.0000000000,0.0000000000,3600.9250470000,2722.8895340000,1421.6581730000,-66.4595130000,False,False
2025-06-04,56572.4934060000,56652.7327290000,2618.0261840000,718.8370180000,1394.4933750000,1200.0000000000,1200.0000000000,0.8136590000,55320.6693510000,55948.9458890000,2567.6613530000,651.8000720000,2722.8895340000,1200.0000000000,1200.0000000000,-703.7868400000,False,False
2025-06-05,58962.2430780000,58696.3486600000,2045.9914060000,668.0899600000,1200.0000000000,1844.5057260000,1200.0000000000,0.8220690000,59433.3051570000,59171.2093890000,2102.2669640000,603.5149510000,1200.0000000000,1835.2981170000,1200.0000000000,474.8607290000,False,False
2025-06-06,22154.4611340000,22420.3555520000,414.6514330000,223.4642340000,1844.5057260000,1200.0000000000,1200.0000000000,0.6492830000,22095.6137430000,22357.7095100000,1161.1817380000,600.2709390000,1835.2981170000,1200.0000000000,1200.0000000000,-62.6460420000,False,False
2025-06-07,21269.1784820000,21096.4625840000,156.8769790000,81.3280660000,1200.0000000000,1618.6488250000,1200.0000000000,0.6502880000,21265.6970030000,21095.2881180000,7.1617400000,3.7703290000,1200.0000000000,1613.0568180000,1200.0000000000,-1.1744660000,False,False
2025-06-08,52070.5792110000,51090.0634570000,112.2333310000,16.3486280000,1618.6488250000,3995.3366200000,1348.5220410000,0.7970790000,52519.8203220000,51128.5153450000,0.0000000000,0.0000000000,1613.0568180000,4985.4631720000,1558.9757960000,38.4518880000,False,False
2025-06-09,53700.3149930000,54413.7646190000,51.9218730000,7.4133600000,3995.3366200000,2265.9946770000,1455.0544160000,0.8192560000,52613.1780130000,53721.3158620000,0.0000000000,0.0000000000,4985.4631720000,2299.4301420000,1454.8653770000,-692.4487570000,False,False
2025-06-10,54278.4101900000,54718.1922160000,1905.3115580000,503.6452080000,2265.9946770000,1200.0000000000,1200.0000000000,0.8168180000,55433.4180220000,55885.4137340000,1806.6240590000,296.6283420000,2299.4301420000,1203.8305160000,1200.0000000000,1167.2215180000,False,False
2025-06-11,59319.0646890000,59100.6776800000,1578.9528960000,388.5263240000,1200.0000000000,1729.3517580000,1200.0000000000,0.8316970000,58839.7430070000,58607.9535740000,38.1328740000,16.2364920000,1203.8305160000,1765.6686260000,1200.0000000000,-492.7241060000,False,False
2025-06-12,54640.1773320000,54460.4337190000,3.3443580000,0.4646880000,1729.3517580000,2165.0351730000,1355.9079910000,0.8219830000,54472.7069170000,54276.5856000000,0.0000000000,0.0000000000,1765.6686260000,2241.0502190000,1345.8433550000,-183.8481190000,False,False
2025-06-13,18316.7360870000,18347.0828510000,0.0000000000,0.0000000000,2165.0351730000,2091.4771660000,1614.6361930000,0.6400290000,19533.5269610000,19611.6127890000,0.0000000000,0.0000000000,2241.0502190000,2051.7767340000,1451.2724770000,1264.5299380000,False,False
2025-06-14,18439.0291870000,18757.7572490000,55.5422690000,18.9287880000,2091.4771660000,1318.9071270000,1200.0000000000,0.6368670000,19124.6138630000,19389.7901090000,176.1523290000,58.6890410000,2051.7767340000,1409.0117950000,1200.0000000000,632.0328600000,False,False
2025-06-15,54505.3168600000,53898.7603970000,0.0000000000,0.0000000000,1318.9071270000,2789.1490260000,1318.9071270000,0.8178270000,53497.8436770000,52884.8722100000,0.0000000000,0.0000000000,1409.0117950000,2894.8031230000,1409.0117950000,-1013.8881870000,False,False
2025-06-16,54871.3132280000,55206.7593030000,430.8235460000,63.6567540000,2789.1490260000,1976.0559270000,1388.9567730000,0.8232420000,54117.5778790000,54522.6803810000,80.6515440000,11.9501440000,2894.8031230000,1912.8686970000,1239.7385720000,-684.0789220000,False,False
2025-06-17,58041.1739310000,57654.0465520000,716.0707940000,114.6937860000,1976.0559270000,2914.4201650000,1200.0000000000,0.8286260000,56948.5249890000,56300.1534430000,665.3416880000,120.1277850000,1912.8686970000,3484.4668430000,1200.0000000000,-1353.8931090000,False,False
2025-06-18,55013.9590160000,55543.4758070000,664.6088470000,98.0784320000,2914.4201650000,1630.9159580000,1200.0000000000,0.8200500000,54071.5416770000,54800.3643390000,598.8111160000,89.1180450000,3484.4668430000,1717.8619510000,1200.0000000000,-743.1114680000,False,False
2025-06-19,55714.4414790000,55180.8396560000,443.2599000000,64.6025910000,1630.9159580000,2924.3219390000,1571.3713140000,0.8079100000,52134.4759820000,51709.6742780000,155.9442530000,22.6010390000,1717.8619510000,2747.5455860000,1402.8975640000,-3471.1653780000,False,False
2025-06-20,17516.0473800000,17712.0051890000,0.0000000000,0.0000000000,2924.3219390000,2449.3366760000,2123.4697510000,0.6213070000,16837.0559840000,17163.4426290000,0.0000000000,0.0000000000,2747.5455860000,1956.4117860000,1690.9688410000,-548.5625600000,False,False
2025-06-21,17219.8619670000,17255.1530250000,0.0000000000,0.0000000000,2449.3366760000,2363.7941170000,1531.4415530000,0.6095260000,16513.3569390000,16399.9062790000,0.0000000000,0.0000000000,1956.4117860000,2231.4066530000,1331.4412330000,-855.2467460000,False,False
2025-06-22,52847.4657730000,52579.2673670000,96.2771350000,13.8170400000,2363.7941170000,3013.8845170000,1537.5834680000,0.8074920000,50195.6239870000,49941.8001410000,11.5162050000,1.6527270000,2231.4066530000,2846.6543280000,1627.7417610000,-2637.4672260000,False,False
2025-06-23,49475.9086140000,49972.8101080000,304.5930310000,43.8682220000,3013.8845170000,1809.4370500000,1327.2471750000,0.8048720000,48812.1454690000,49187.5326230000,0.0000000000,0.0000000000,2846.6543280000,1936.7474090000,1346.0983770000,-785.2774850000,False,False
2025-06-24,60210.3955530000,59611.9997340000,0.0000000000,0.0000000000,1809.4370500000,3259.8982330000,1518.8509090000,0.8405350000,59051.9123340000,58481.2067550000,0.0000000000,0.0000000000,1936.7474090000,3320.0897770000,1454.2617050000,-1130.7929790000,False,False
2025-06-25,53432.3905860000,54014.1208060000,210.8528280000,30.2261390000,3259.8982330000,1849.8330610000,1234.8220030000,0.8163470000,50744.3111560000,51241.4767600000,0.0000000000,0.0000000000,3320.0897770000,2115.0021280000,1359.1595000000,-2772.6440460000,False,False
2025-06-26,51819.7930720000,51279.2157990000,83.5487710000,11.9295740000,1849.8330610000,3160.1469460000,1809.6392570000,0.8059740000,49530.6569440000,49175.2563220000,0.0000000000,0.0000000000,2115.0021280000,2976.4633730000,1612.3036440000,-2103.9594770000,False,False
2025-06-27,17570.8876670000,17579.5347120000,0.0000000000,0.0000000000,3160.1469460000,3139.1872360000,2096.3095120000,0.6051200000,17122.6868640000,17212.1149030000,0.0000000000,0.0000000000,2976.4633730000,2759.6973200000,1893.5910800000,-367.4198090000,False,False
2025-06-28,17081.3455470000,17522.2167030000,0.0000000000,0.0000000000,3139.1872360000,2070.5525980000,1409.8054720000,0.6229890000,16637.9498180000,16876.8235900000,0.0000000000,0.0000000000,2759.6973200000,2180.6873690000,1650.3221180000,-645.3931130000,False,False
2025-06-29,57085.8689430000,57029.3616120000,1862.6627290000,272.3150360000,2070.5525980000,2207.5216190000,1200.0000000000,0.8118270000,54690.8516530000,54652.3680440000,1013.2504330000,147.5168750000,2180.6873690000,2273.9684030000,1200.0000000000,-2376.9935680000,False,False
2025-06-30,53181.2319430000,53309.5110160000,989.4297010000,140.3151700000,2207.5216190000,1896.5839250000,1468.5722930000,0.8101880000,50788.1357810000,50927.6808560000,247.9724500000,34.6880510000,2273.9684030000,1935.7228670000,1415.7638740000,-2381.8301600000,False,False
2025-07-01,69208.6727970000,69496.0523650000,328.9559210000,99.9443650000,1896.5839250000,1200.0000000000,1200.0000000000,0.8907620000,71994.9418180000,72298.4683750000,1262.1144060000,395.4062740000,1935.7228670000,1200.0000000000,1200.0000000000,2802.4160100000,False,True
2025-07-02,67918.4823980000,67918.4823980000,7677.4267960000,1944.9512300000,1200.0000000000,1200.0000000000,1200.0000000000,0.8753220000,70440.5299840000,70440.5299840000,8918.9722820000,2055.2360790000,1200.0000000000,1200.0000000000,1200.0000000000,2522.0475860000,False,False
2025-07-03,73349.4640080000,73042.0305540000,4971.4880330000,1456.7863580000,1200.0000000000,1945.1928600000,1200.0000000000,0.9014360000,74374.7254240000,74106.3105780000,4281.7681300000,1366.4188970000,1200.0000000000,1850.6150320000,1200.0000000000,1064.2800240000,True,True
2025-07-04,41849.2822800000,42156.7157350000,20576.1947460000,5230.6283820000,1945.1928600000,1200.0000000000,1200.0000000000,0.6903080000,51371.4307100000,51639.8455560000,31824.1113090000,6649.9649000000,1850.6150320000,1200.0000000000,1200.0000000000,9483.1298210000,False,False
2025-07-05,30393.3372430000,30393.3372430000,4297.0354380000,1904.9228510000,1200.0000000000,1200.0000000000,1200.0000000000,0.6843190000,30962.3304950000,30962.3304950000,4460.1001060000,1811.0207250000,1200.0000000000,1200.0000000000,1200.0000000000,568.9932520000,False,False
2025-07-06,74060.8003750000,74060.8003750000,4581.0541330000,991.5406430000,1200.0000000000,1200.0000000000,1200.0000000000,0.8986710000,76000.9017760000,75969.2321780000,5634.5463280000,1017.1417000000,1200.0000000000,1276.7644440000,1200.0000000000,1908.4318030000,True,True
2025-07-07,71821.7305520000,71815.5409200000,13205.1987840000,2661.6675290000,1200.0000000000,1215.0031480000,1200.0000000000,0.8773900000,73531.3641890000,73563.0337870000,14380.4456290000,2820.6139200000,1276.7644440000,1200.0000000000,1200.0000000000,1747.4928670000,False,True
2025-07-08,64170.6300270000,63778.6178180000,1379.7908130000,350.7629600000,1215.0031480000,2165.2078010000,1200.0000000000,0.8836030000,63065.3830390000,62810.2160760000,317.7856670000,54.9034590000,1200.0000000000,1818.5032760000,1200.0000000000,-968.4017420000,False,False
2025-07-09,61023.1545380000,61376.0302360000,1193.9383210000,166.3070740000,2165.2078010000,1309.8667600000,1200.0000000000,0.8791770000,61365.2432660000,61546.5177480000,2684.3774350000,378.7327790000,1818.5032760000,1379.1091630000,1200.0000000000,170.4875120000,False,False
2025-07-10,61025.6434330000,60725.8872990000,1460.7639840000,251.3891250000,1309.8667600000,2036.4504410000,1200.0000000000,0.8775080000,62410.3376210000,62151.7833300000,1410.4873100000,224.1189750000,1379.1091630000,2005.8230370000,1200.0000000000,1425.8960310000,False,False
2025-07-11,25940.0342740000,26285.1165500000,2024.6494530000,780.2226090000,2036.4504410000,1200.0000000000,1200.0000000000,0.7069470000,26515.2436520000,26847.6904220000,2638.0128580000,527.8355450000,2005.8230370000,1200.0000000000,1200.0000000000,562.5738720000,False,False
2025-07-12,26267.7822710000,26140.3786870000,999.4431670000,459.0111030000,1200.0000000000,1508.8155810000,1200.0000000000,0.6942820000,25651.3747510000,25566.7886400000,0.0000000000,0.0000000000,1200.0000000000,1405.0296260000,1200.0000000000,-573.5900470000,False,False
2025-07-13,60026.9962640000,60151.3161230000,2121.9790720000,267.2968110000,1508.8155810000,1207.4746900000,1200.0000000000,0.8542870000,59155.3309640000,59204.4886250000,3695.5970790000,453.7292030000,1405.0296260000,1285.8755860000,1200.0000000000,-946.8274980000,False,False
2025-07-14,59400.0799210000,59145.0535160000,262.1026400000,66.8900920000,1207.4746900000,1825.6372660000,1200.0000000000,0.8722150000,58423.1420780000,58336.8018960000,6.8590470000,0.8106180000,1285.8755860000,1495.1569310000,1202.6834370000,-808.2516200000,False,False
2025-07-15,61386.4344020000,61351.4026560000,1127.8695720000,131.5913630000,1825.6372660000,1910.5512750000,1200.0000000000,0.8721080000,60252.6781730000,60002.3124870000,1706.9587850000,199.1551490000,1495.1569310000,2102.0223180000,1200.0000000000,-1349.0901690000,False,False
2025-07-16,60485.9830790000,60285.1489430000,351.5489130000,41.8510320000,1910.5512750000,2397.3563450000,1677.1001940000,0.8758020000,58990.2090230000,58891.5423640000,229.9474760000,27.3535330000,2102.0223180000,2341.1820090000,1636.9070190000,-1393.6065790000,False,False
2025-07-17,60936.5559100000,60729.9493340000,60.4097880000,7.1732810000,2397.3563450000,2898.1533230000,1737.4138660000,0.8748210000,62118.7921120000,62102.1016750000,4305.8620130000,504.0844270000,2341.1820090000,2381.6382250000,1200.0000000000,1372.1523410000,False,False
2025-07-18,24859.1244740000,25047.8766230000,0.0000000000,0.0000000000,2898.1533230000,2440.6339740000,1806.6324060000,0.6942030000,24323.7595300000,24364.5034600000,0.0000000000,0.0000000000,2381.6382250000,2282.8783630000,1657.7610970000,-683.3731630000,False,False
2025-07-19,25180.4154330000,25411.6165540000,0.0000000000,0.0000000000,2440.6339740000,1880.2218840000,1390.7952210000,0.6802990000,24771.0500110000,24931.8800760000,0.0000000000,0.0000000000,2282.8783630000,1893.0398000000,1456.1147760000,-479.7364780000,False,False
2025-07-20,60444.4967020000,60246.3398820000,0.0000000000,0.0000000000,1880.2218840000,2360.5373660000,1811.4817320000,0.8676120000,58222.1867280000,58039.1583270000,0.0000000000,0.0000000000,1893.0398000000,2336.6852640000,1817.6188110000,-2207.1815550000,False,False
2025-07-21,63075.1219360000,62877.0063370000,0.0000000000,0.0000000000,2360.5373660000,2840.7529290000,1964.8643600000,0.8791790000,61186.7776420000,61025.2417250000,0.0000000000,0.0000000000,2336.6852640000,2728.2347530000,1913.7753500000,-1851.7646120000,False,False
2025-07-22,63095.4250830000,63499.5960980000,991.6442170000,118.4687950000,2840.7529290000,1861.0763510000,1200.0000000000,0.8751330000,61717.7018420000,62049.1357200000,923.8973090000,109.0842950000,2728.2347530000,1924.8668820000,1200.0000000000,-1450.4603780000,False,False
2025-07-23,65842.9534690000,65756.5133140000,984.6236610000,116.5618860000,1861.0763510000,2070.6000240000,1319.7884660000,0.8755840000,63120.5664780000,62982.2011790000,226.7711460000,26.5027930000,1924.8668820000,2260.2527390000,1406.7160190000,-2774.3121350000,False,False
2025-07-24,67242.0317820000,66453.3096020000,0.0000000000,0.0000000000,2070.6000240000,3982.3963130000,2070.6000240000,0.8774460000,64392.4114630000,63808.1511330000,0.0000000000,0.0000000000,2260.2527390000,3676.4506840000,1825.3329900000,-2645.1584690000,False,False
2025-07-25,24806.0174830000,25155.1436690000,0.0000000000,0.0000000000,3982.3963130000,3136.1437740000,2149.3699630000,0.6769690000,23717.0855810000,24058.9913450000,0.0000000000,0.0000000000,3676.4506840000,2847.6998410000,1890.6018750000,-1096.1523240000,False,False
2025-07-26,25527.6990370000,25898.3560080000,935.0526600000,144.1981120000,3136.1437740000,2237.7024220000,1200.0000000000,0.6880090000,24280.8860910000,24557.9399990000,659.7172080000,101.7375600000,2847.6998410000,2176.1444470000,1200.0000000000,-1340.4160090000,False,False
2025-07-27,60732.3696060000,60781.9369450000,0.0000000000,0.0000000000,2237.7024220000,2117.5553570000,1308.8226490000,0.8771310000,60663.1320730000,60697.4888370000,454.5622260000,53.7402880000,2176.1444470000,2092.8665370000,1200.0000000000,-84.4481080000,False,False
2025-07-28,64124.6816810000,63911.9863450000,0.0000000000,0.0000000000,2117.5553570000,2633.1109790000,1997.4801330000,0.8862370000,62695.9795580000,62472.6708150000,0.0000000000,0.0000000000,2092.8665370000,2634.1481660000,1924.9908630000,-1439.3155300000,False,False
2025-07-29,66065.4231120000,66205.0788060000,1218.6148760000,142.0286690000,2633.1109790000,2294.5973120000,1239.0198210000,0.8846280000,63094.9345060000,63148.0884700000,76.2916680000,9.2245530000,2634.1481660000,2505.3074230000,1250.2466150000,-3056.9903360000,False,False
2025-07-30,64420.2103380000,64324.0955040000,0.0000000000,0.0000000000,2294.5973120000,2527.5715930000,1466.1663650000,0.8796970000,62990.5798490000,62740.6419390000,0.0000000000,0.0000000000,2505.3074230000,3111.1359150000,1490.2086820000,-1583.4535650000,False,False
2025-07-31,62243.7192910000,61435.4537140000,0.0000000000,0.0000000000,2527.5715930000,4486.7394360000,1809.5532190000,0.8814310000,61048.9858040000,60504.9905500000,0.0000000000,0.0000000000,3111.1359150000,4429.7347000000,1666.8325390000,-930.4631640000,False,False
2025-08-01,23754.9936360000,24345.0876040000,0.0000000000,0.0000000000,4486.7394360000,3056.4012420000,1756.3385130000,0.6663970000,23365.8396990000,24031.2094730000,0.0000000000,0.0000000000,4429.7347000000,2816.9342780000,1725.4695960000,-313.8781310000,False,False
2025-08-02,23900.2453970000,24149.0749080000,0.0000000000,0.0000000000,3056.4012420000,2453.2594160000,1254.4724470000,0.6621870000,23683.6879560000,23874.3723550000,0.0000000000,0.0000000000,2816.9342780000,2354.7313190000,1276.3840590000,-274.7025530000,False,False
2025-08-03,50860.9370510000,51138.1870640000,475.9595630000,57.0985280000,2453.2594160000,1781.2286820000,1356.9439930000,0.8333690000,50147.1572560000,50291.9076500000,244.8661720000,29.2645180000,2354.7313190000,2003.8685270000,1200.0000000000,-846.2794140000,False,False
2025-08-04,55410.7763430000,55064.6173320000,0.0000000000,0.0000000000,1781.2286820000,2620.2890380000,1781.2286820000,0.8447850000,54030.3951970000,53770.0139230000,0.0000000000,0.0000000000,2003.8685270000,2635.0108550000,1944.5534800000,-1294.6034090000,False,False
2025-08-05,53303.5003430000,53457.3813220000,0.0000000000,0.0000000000,2620.2890380000,2247.2944750000,1802.3523140000,0.8445960000,52824.6413280000,52942.1538220000,0.0000000000,0.0000000000,2635.0108550000,2350.1704430000,1884.7628770000,-515.2275000000,False,False
2025-08-06,57228.6911680000,57465.7105820000,89.9381210000,10.7011860000,2247.2944750000,1672.7793310000,1363.1054050000,0.8577490000,56093.5485650000,56281.0978590000,0.0000000000,0.0000000000,2350.1704430000,1895.5667160000,1442.7048260000,-1184.6127230000,False,False
2025-08-07,57047.1362580000,56574.8654840000,160.6431860000,18.4414170000,1672.7793310000,2817.5240030000,1580.2305330000,0.8411050000,55171.5126340000,54530.4093620000,0.0000000000,0.0000000000,1895.5667160000,3449.5471760000,1418.4133190000,-2044.4561220000,False,False
2025-08-08,22236.0731230000,22454.2593180000,0.0000000000,0.0000000000,2817.5240030000,2288.6590000000,1649.6745870000,0.6379520000,21447.6960730000,21981.6183850000,0.0000000000,0.0000000000,3449.5471760000,2155.3643590000,1595.6420750000,-472.6409330000,False,False
2025-08-09,22415.6119780000,22608.5941980000,0.0000000000,0.0000000000,2288.6590000000,1820.8863130000,1411.0637070000,0.6529750000,22436.0844670000,22561.8104450000,0.0000000000,0.0000000000,2155.3643590000,1850.6151510000,1596.3301160000,-46.7837530000,False,False
2025-08-10,53720.1409890000,53761.0515120000,373.1752210000,44.6856480000,1820.8863130000,1721.7226440000,1358.4049360000,0.8486910000,54382.5996280000,53564.6982490000,0.0000000000,0.0000000000,1850.6151510000,3833.1393660000,1451.7725820000,-196.3532630000,False,False
2025-08-11,57170.4870620000,57311.1320170000,5939.7365310000,709.2138860000,1721.7226440000,1380.8110930000,1200.0000000000,0.8396300000,54844.6843310000,55786.1121860000,5356.3745500000,633.1165110000,3833.1393660000,1551.1973520000,1200.0000000000,-1525.0198310000,False,False
2025-08-12,56612.0238440000,56371.0270630000,388.0271150000,46.1813500000,1380.8110930000,1964.9670390000,1326.0147690000,0.8573710000,55652.9049000000,55225.7906230000,0.0000000000,0.0000000000,1551.1973520000,2586.4864680000,1428.6400510000,-1145.2364400000,False,False
2025-08-13,53421.1562400000,53495.6232400000,588.1546560000,69.8446580000,1964.9670390000,1784.4652870000,1311.5304890000,0.8531650000,53271.0609390000,52970.1879410000,428.7768620000,51.2465860000,2586.4864680000,3315.7773330000,1240.6513060000,-525.4352990000,False,False
2025-08-14,56164.9258880000,55941.5352790000,732.2303180000,86.4370610000,1784.4652870000,2325.9453530000,1207.8120820000,0.8501200000,54130.0683190000,54488.3349450000,443.2142480000,52.7681160000,3315.7773330000,2447.3691370000,1248.4256310000,-1453.2003340000,False,False
2025-08-15,22154.2096760000,22494.5601980000,0.0000000000,0.0000000000,2325.9453530000,1500.9642870000,1346.3840750000,0.6512150000,21959.4175170000,22384.9421760000,0.0000000000,0.0000000000,2447.3691370000,1415.9331200000,1256.4604960000,-109.6180220000,False,False
2025-08-16,24987.8083410000,24986.2800420000,2262.2035560000,375.2347640000,1500.9642870000,1504.6687540000,1200.0000000000,0.6473410000,23525.4242100000,23544.0436700000,772.1622030000,170.1398670000,1415.9331200000,1370.8011150000,1200.0000000000,-1442.2363720000,False,False
2025-08-17,53292.0690550000,53234.4423850000,1090.0154440000,131.0521780000,1504.6687540000,1644.3509600000,1260.6636610000,0.8399000000,53964.4603510000,53423.4344590000,1303.6822420000,152.9466240000,1370.8011150000,2682.2024140000,1200.0000000000,188.9920740000,False,False
2025-08-18,54307.4205340000,54341.2281350000,2739.5895540000,352.0260190000,1644.3509600000,1562.4041750000,1200.0000000000,0.8475610000,53914.1872570000,54322.0233470000,2475.3450890000,308.2543400000,2682.2024140000,1693.6420000000,1200.0000000000,-19.2047880000,False,False
2025-08-19,53167.6683240000,53229.3395130000,2540.3290250000,336.3256960000,1562.4041750000,1412.9183950000,1200.0000000000,0.8429150000,52017.8219050000,52088.9487900000,1303.1943040000,183.4305750000,1693.6420000000,1521.2364060000,1200.0000000000,-1140.3907230000,False,False
2025-08-20,61625.8012480000,61027.0633470000,406.6535340000,48.1935550000,1412.9183950000,2864.2087560000,1358.0505830000,0.8663490000,60664.5187040000,59126.6809550000,24.2150230000,2.9157160000,1521.2364060000,5248.8258870000,1477.1066790000,-1900.3823920000,False,False
2025-08-21,54035.9397920000,54349.8914370000,1684.1479260000,204.4523630000,2864.2087560000,2103.2163500000,1200.0000000000,0.8472070000,51106.1443670000,52367.9423360000,799.6970990000,104.4552050000,5248.8258870000,2190.3336380000,1200.0000000000,-1981.9491010000,False,False
2025-08-22,25877.0762850000,26167.9142740000,3810.3381580000,712.0684320000,2103.2163500000,1398.2495050000,1200.0000000000,0.6604710000,24840.9143640000,25226.4733240000,2913.9047610000,544.9675620000,2190.3336380000,1255.7711160000,1200.0000000000,-941.4409500000,False,False
2025-08-23,22119.9886050000,22169.5354350000,0.0000000000,0.0000000000,1398.2495050000,1278.1521540000,1201.0454130000,0.6591970000,22219.6585790000,22152.5545340000,23.6605050000,10.4785230000,1255.7711160000,1418.4256840000,1200.0000000000,-16.9809010000,False,False
2025-08-24,52476.2056590000,52405.0068000000,18.6985910000,2.2404260000,1278.1521540000,1450.7322060000,1203.1537400000,0.8410220000,52665.5216940000,52324.0394930000,44.8507120000,8.8690350000,1418.4256840000,2246.1498440000,1200.0000000000,-80.9673070000,False,False
2025-08-25,60706.4462120000,60742.4238620000,494.6637000000,59.1537560000,1450.7322060000,1363.5254040000,1221.3916260000,0.8601570000,59353.0277600000,59657.9806930000,0.0000000000,0.0000000000,2246.1498440000,1506.9695590000,1202.3788820000,-1084.4431690000,False,False
2025-08-26,53218.7247960000,52953.2585360000,116.4408750000,13.7668870000,1363.5254040000,2006.9933110000,1363.5254040000,0.8444180000,54133.8624440000,52947.0314580000,0.0000000000,0.0000000000,1506.9695590000,4383.7481410000,1506.9695590000,-6.2270780000,False,False
2025-08-27,58724.5895690000,59028.6740660000,2608.2906370000,318.9239730000,2006.9933110000,1269.9180400000,1200.0000000000,0.8533870000,56474.0492730000,56525.2924780000,733.7747110000,98.2811110000,4383.7481410000,4259.5389180000,1200.0000000000,-2503.3815880000,False,False
2025-08-28,61158.6905790000,60777.1115980000,2811.8525990000,452.9320560000,1269.9180400000,2194.8334260000,1200.0000000000,0.8635050000,60521.3194580000,61081.0728030000,5616.8258920000,701.3386420000,4259.5389180000,2902.7438450000,1200.0000000000,303.9612050000,False,False
2025-08-29,22775.9815640000,23040.3854250000,0.0000000000,0.0000000000,2194.8334260000,1553.9406850000,1364.2219910000,0.6645080000,22112.6299500000,22726.5830170000,0.0000000000,0.0000000000,2902.7438450000,1414.5732000000,1330.5478070000,-313.8024080000,False,False
2025-08-30,23463.4377290000,23609.4579250000,653.7308150000,293.1663070000,1553.9406850000,1200.0000000000,1200.0000000000,0.6546630000,23034.4353850000,23107.6135720000,290.6195700000,137.4368890000,1414.5732000000,1237.1954230000,1200.0000000000,-501.8443530000,False,False
2025-08-31,55967.1349510000,55753.7092980000,2807.5870180000,380.0614630000,1200.0000000000,1717.3258500000,1200.0000000000,0.8465390000,56529.6252030000,55426.8966290000,2199.1274710000,269.8735740000,1237.1954230000,3910.1168250000,1200.0000000000,-326.8126690000,False,False
2025-09-01,45904.8947860000,45167.1706010000,96.1319690000,14.1246500000,1717.3258500000,3505.5072830000,1530.1387840000,0.7517330000,45290.1381670000,44804.9430050000,0.0000000000,0.0000000000,3910.1168250000,5086.1891270000,1696.8477820000,-362.2275960000,False,False
2025-09-02,43632.8592890000,43434.0430730000,0.0000000000,0.0000000000,3505.5072830000,3987.4210840000,1839.5653310000,0.7539930000,43314.7911740000,43124.5830270000,0.0000000000,0.0000000000,5086.1891270000,5547.2376940000,2005.3565080000,-309.4600460000,False,False
2025-09-03,45017.6701440000,45133.9654840000,74.8316060000,11.0216670000,3987.4210840000,3705.5309500000,1892.5220070000,0.7609940000,45375.7130260000,45180.3468650000,0.0000000000,0.0000000000,5547.2376940000,6020.7888520000,2160.3005580000,46.3813810000,False,False
2025-09-04,46567.8573250000,45719.9339550000,0.0000000000,0.0000000000,3705.5309500000,5760.8259470000,2724.1507810000,0.7569980000,45523.1031290000,45217.7677860000,0.0000000000,0.0000000000,6020.7888520000,6760.8960650000,2281.4859630000,-502.1661690000,False,False
2025-09-05,17599.5736330000,18005.8558550000,0.0000000000,0.0000000000,5760.8259470000,4776.0319810000,2747.5684210000,0.5586400000,17515.3310060000,18239.0372690000,0.0000000000,0.0000000000,6760.8960650000,5006.6928970000,2937.3623290000,233.1814140000,False,False
2025-09-06,17303.2614560000,17537.4514510000,0.0000000000,0.0000000000,4776.0319810000,4208.3751110000,2142.8992880000,0.5657110000,17467.8950760000,17745.9130640000,0.0000000000,0.0000000000,5006.6928970000,4332.8006550000,2177.7670200000,208.4616130000,False,False
2025-09-07,43015.7557200000,43277.3225040000,0.0000000000,0.0000000000,4208.3751110000,3574.3592050000,1718.3760030000,0.7593140000,45656.8839170000,44009.7621590000,0.0000000000,0.0000000000,4332.8006550000,8325.2853910000,1927.1373690000,732.4396550000,False,False
2025-09-08,45866.5722820000,45501.0041760000,0.0000000000,0.0000000000,3574.3592050000,4460.4655760000,2086.5424700000,0.7735240000,45907.5557960000,45464.8780670000,0.0000000000,0.0000000000,8325.2853910000,9398.2990100000,2459.6851750000,-36.1261090000,False,False
2025-09-09,40431.1961310000,40840.6045370000,62.0229870000,9.0996170000,4460.4655760000,3468.0940040000,1742.0697050000,0.7518830000,41402.2633810000,41813.2180490000,0.0000000000,0.0000000000,9398.2990100000,8402.1794260000,1815.7118380000,972.6135120000,False,False
2025-09-10,47847.8053110000,47975.0991580000,1574.4372200000,300.0174670000,3468.0940040000,3159.5444150000,1200.0000000000,0.7818240000,47105.7205900000,47095.5106530000,692.8949940000,130.6704270000,8402.1794260000,8426.9274560000,1200.0000000000,-879.5885050000,False,False
2025-09-11,44478.8119740000,42638.0609720000,0.0000000000,0.0000000000,3159.5444150000,7621.3701650000,1394.6699070000,0.7530640000,43913.0737180000,42934.0494560000,0.0000000000,0.0000000000,8426.9274560000,10800.0000000000,1394.6699070000,295.9884840000,False,False
2025-09-12,14385.9485050000,16198.5287430000,0.0000000000,0.0000000000,7621.3701650000,3227.8279770000,2247.6189770000,0.5750850000,13877.2501670000,16764.6888010000,0.0000000000,0.0000000000,10800.0000000000,3801.0913810000,2671.2374000000,566.1600580000,False,False
2025-09-13,15557.9081030000,15566.8331660000,0.0000000000,0.0000000000,3227.8279770000,3206.1943740000,2266.1810860000,0.5665160000,16057.1777960000,16101.0752040000,0.0000000000,0.0000000000,3801.0913810000,3694.6877530000,2454.3163930000,534.2420380000,False,False
2025-09-14,46154.6058670000,45439.8538150000,0.0000000000,0.0000000000,3206.1943740000,4938.6932880000,1605.9462560000,0.7759060000,49129.4924200000,46538.9888450000,0.0000000000,0.0000000000,3694.6877530000,9973.8507410000,2012.3663870000,1099.1350300000,False,False
2025-09-15,42857.8213270000,42339.3559540000,2054.2595600000,367.9605540000,4938.6932880000,6195.4097860000,1200.0000000000,0.7617260000,41638.8254370000,41914.4535860000,1839.9197190000,333.3161030000,9973.8507410000,9305.7512700000,1200.0000000000,-424.9023680000,False,False
2025-09-16,42165.0263390000,44173.7253200000,55.5217980000,8.2382670000,6195.4097860000,1326.4922440000,1326.4922440000,0.7779470000,41036.5937850000,43813.5242120000,0.0000000000,0.0000000000,9305.7512700000,2574.7052570000,1723.1029990000,-360.2011080000,False,False
2025-09-17,45597.7314520000,43524.3818640000,38.1954230000,7.6291670000,1326.4922440000,6352.1174250000,1237.8928930000,0.7780550000,46501.9686120000,43708.4681640000,13.4391090000,2.6843320000,2574.7052570000,9345.9156090000,1543.2110170000,184.0863000000,False,False
2025-09-18,45283.1507450000,46464.0044670000,1665.7372700000,288.9417150000,6352.1174250000,3489.8272290000,1200.0000000000,0.7698260000,42394.7667750000,43392.4314170000,0.0000000000,0.0000000000,9345.9156090000,6927.6603490000,1606.2274530000,-3071.5730500000,False,False
2025-09-19,14693.6747140000,15473.4008820000,95.4891060000,28.4193770000,3489.8272290000,1599.8365180000,1200.0000000000,0.5932520000,13404.2427880000,15293.3854590000,0.0000000000,0.0000000000,6927.6603490000,2348.5372560000,1312.8639600000,-180.0154230000,False,False
2025-09-20,16052.3282510000,15990.8683780000,1113.9489570000,356.9909980000,1599.8365180000,1748.8100860000,1200.0000000000,0.5874610000,14704.7406670000,14725.0674840000,0.0000000000,0.0000000000,2348.5372560000,2299.2667600000,1240.1041170000,-1265.8008940000,False,False
2025-09-21,45447.0501190000,43666.1295850000,286.1539520000,62.7742980000,1748.8100860000,6065.6118100000,1200.0000000000,0.7738490000,46337.1341960000,43555.4326070000,0.0000000000,0.0000000000,2299.2667600000,9041.8776660000,1441.9516870000,-110.6969780000,False,False
2025-09-22,45426.3446370000,46634.6311810000,128.0136950000,19.5559000000,6065.6118100000,3136.8267580000,1235.4943100000,0.7821660000,44938.9509000000,45947.2803270000,321.1663500000,61.7402880000,9041.8776660000,6597.7718630000,1200.0000000000,-687.3508540000,False,False
2025-09-23,47379.4218150000,47588.7492330000,2398.0265650000,445.8988040000,3136.8267580000,2629.4346840000,1200.0000000000,0.7817520000,46315.3080270000,45796.0480260000,1667.2290200000,311.6084790000,6597.7718630000,7856.4144720000,1200.0000000000,-1792.7012070000,False,False
2025-09-24,46982.3341940000,45807.3473660000,75.6220380000,14.5889920000,2629.4346840000,5477.5040220000,1200.0000000000,0.7761100000,46063.4501400000,45523.3787390000,0.0000000000,0.0000000000,7856.4144720000,9165.5021660000,1352.3125520000,-283.9686270000,False,False
2025-09-25,47765.4527650000,48274.4667570000,4689.4232210000,770.8696960000,5477.5040220000,4243.6968780000,1200.0000000000,0.7776080000,43294.8806380000,43659.9864600000,261.2687660000,47.3813230000,9165.5021660000,8280.5163330000,1200.0000000000,-4614.4802970000,False,False
2025-09-26,16879.7930030000,18135.4870590000,4157.0937800000,1013.8536000000,4243.6968780000,1200.0000000000,1200.0000000000,0.5928140000,11867.2115990000,14736.4503500000,0.0000000000,0.0000000000,8280.5163330000,1325.7227000000,1244.6726570000,-3399.0367090000,False,False
2025-09-27,21391.0435120000,21391.0435120000,6168.1821800000,1691.8581190000,1200.0000000000,1200.0000000000,1200.0000000000,0.5996840000,19084.2616120000,19136.1292100000,3485.3693460000,719.7867080000,1325.7227000000,1200.0000000000,1200.0000000000,-2254.9143020000,False,False
2025-09-28,52232.8839520000,48840.5207310000,85.9065700000,38.6705240000,1200.0000000000,9422.8033900000,1200.0000000000,0.7893880000,52433.2691600000,48600.8781810000,0.0000000000,0.0000000000,1200.0000000000,10489.3937020000,1200.0000000000,-239.6425500000,False,False
2025-09-29,51310.7761550000,52954.6581100000,7254.0187470000,1261.6191520000,9422.8033900000,5438.1716640000,1200.0000000000,0.7877580000,50801.9323380000,51505.3242100000,6231.7497010000,1105.7056140000,10489.3937020000,8784.4309100000,1200.0000000000,-1449.3339000000,False,False
2025-09-30,49240.8027850000,50884.2166970000,2740.2426710000,485.6740460000,5438.1716640000,1454.6744340000,1200.0000000000,0.7938240000,49973.2722660000,50794.5607960000,3157.4335600000,566.5107750000,8784.4309100000,6793.6965250000,1200.0000000000,-89.6559010000,False,False
2025-10-01,39564.0210970000,37730.4419150000,0.0000000000,0.0000000000,1454.6744340000,5899.1162980000,1454.6744340000,0.7381560000,39487.3512850000,37834.5285290000,0.0000000000,0.0000000000,6793.6965250000,10800.0000000000,1544.6142720000,104.0866140000,False,False
2025-10-02,38802.4549820000,39228.7927340000,0.0000000000,0.0000000000,5899.1162980000,4865.7094130000,1723.2825590000,0.7419720000,39743.9181550000,40313.3073640000,0.0000000000,0.0000000000,10800.0000000000,9419.8484030000,1919.6517650000,1084.5146300000,False,False
2025-10-03,11771.7162970000,12738.8030040000,121.9186710000,31.7951940000,4865.7094130000,2521.5724990000,1200.0000000000,0.5579650000,10026.3438820000,12647.5771930000,63.3695080000,20.3727720000,9419.8484030000,3066.1991160000,1200.0000000000,-91.2258110000,False,False
2025-10-04,13449.0583770000,13619.2671510000,507.4283600000,147.5947970000,2521.5724990000,2109.0007320000,1200.0000000000,0.5858310000,13582.5733610000,13757.6369000000,378.8171420000,117.8556840000,3066.1991160000,2641.8598070000,1200.0000000000,138.3697490000,False,False
2025-10-05,43469.2495870000,40213.3305980000,0.0000000000,0.0000000000,2109.0007320000,10001.0747700000,1243.8815700000,0.7525610000,44198.0255300000,40832.3394700000,0.0000000000,0.0000000000,2641.8598070000,10800.0000000000,1375.8838210000,619.0088720000,False,False
2025-10-06,39669.3472180000,40612.6260240000,0.0000000000,0.0000000000,10001.0747700000,7714.6462070000,1411.6103700000,0.7684900000,40678.1359150000,40823.5176460000,0.0000000000,0.0000000000,10800.0000000000,10447.6069000000,1439.3985440000,210.8916220000,False,False
2025-10-07,39739.0151710000,41060.4319460000,0.0000000000,0.0000000000,7714.6462070000,4511.6429820000,1824.6311840000,0.7657530000,40831.2054600000,40955.5626760000,0.0000000000,0.0000000000,10447.6069000000,10146.1754570000,1836.5883190000,-104.8692700000,False,False
2025-10-08,39775.7348590000,40643.2442720000,1517.1597080000,296.0355640000,4511.6429820000,2408.8730620000,1200.0000000000,0.7606850000,37871.3363160000,40284.9676400000,1518.7838790000,296.3476940000,10146.1754570000,4295.7359440000,1200.0000000000,-358.2766320000,False,False
2025-10-09,48466.1186850000,47464.4058760000,7822.5706600000,1260.0956140000,2408.8730620000,4836.9407390000,1200.0000000000,0.7578030000,47631.8428210000,46117.1851870000,6065.9396540000,1030.9169000000,4295.7359440000,7967.1387730000,1200.0000000000,-1347.2206890000,False,False
2025-10-10,12325.1683470000,13825.6084540000,1017.2325290000,355.3429920000,4836.9407390000,1200.0000000000,1200.0000000000,0.5595320000,10776.3173020000,13506.9964210000,384.0166090000,116.6436530000,7967.1387730000,1348.2020440000,1200.0000000000,-318.6120330000,False,False
2025-10-11,13311.6090520000,13201.8352670000,0.0000000000,0.0000000000,1200.0000000000,1466.0824310000,1200.0000000000,0.5845510000,13579.2785820000,13230.1782000000,0.0000000000,0.0000000000,1348.2020440000,2194.3920360000,1348.2020440000,28.3429330000,False,False
2025-10-12,43750.3987720000,41133.6540130000,645.8207930000,105.0790580000,1466.0824310000,7808.8518420000,1200.0000000000,0.7663440000,44033.3876150000,40742.2588370000,105.1205900000,20.9299330000,2194.3920360000,10171.8116430000,1348.9718240000,-391.3951760000,False,False
2025-10-13,41167.1155990000,41791.9718750000,0.0000000000,0.0000000000,7808.8518420000,6294.2527330000,1327.5834790000,0.7646510000,41390.1741920000,41503.8285150000,0.0000000000,0.0000000000,10171.8116430000,9896.3231130000,1305.6947440000,-288.1433600000,False,False
2025-10-14,44580.6974610000,44733.6959230000,1550.2334360000,329.5819130000,6294.2527330000,5923.3973180000,1200.0000000000,0.7730670000,44210.2870680000,44692.0287260000,1497.9845650000,290.7938730000,9896.3231130000,8728.6218150000,1200.0000000000,-41.6671970000,False,False
2025-10-15,44501.0991360000,45248.8757670000,2693.7011440000,507.8680500000,5923.3973180000,4110.8496000000,1200.0000000000,0.7760560000,43658.0840050000,44235.0328590000,1344.7886680000,262.0812010000,8728.6218150000,7330.1462730000,1200.0000000000,-1013.8429080000,False,False
2025-10-16,47684.5690210000,46904.8688670000,3472.2898770000,551.8289010000,4110.8496000000,6000.7772560000,1200.0000000000,0.7822210000,46428.7771980000,45702.7431510000,1916.7778770000,300.3817200000,7330.1462730000,9089.9917950000,1200.0000000000,-1202.1257160000,False,False
2025-10-17,13343.5208160000,15315.6317170000,2131.9554660000,618.6041860000,6000.7772560000,1220.5461470000,1200.0000000000,0.5888060000,12626.1195850000,15881.1795330000,2580.3033210000,600.5319280000,9089.9917950000,1200.0000000000,1200.0000000000,565.5478160000,False,False
2025-10-18,13465.2634540000,13451.9737810000,0.0000000000,0.0000000000,1220.5461470000,1252.7591970000,1220.5461470000,0.5830680000,13428.5608390000,13219.2438330000,0.0000000000,0.0000000000,1200.0000000000,1707.3668340000,1200.0000000000,-232.7299480000,False,False
2025-10-19,50401.8818190000,47975.3311920000,2716.8274050000,450.8460620000,1252.7591970000,7134.5140150000,1200.0000000000,0.7893600000,49986.2154480000,46747.9695320000,1380.0111910000,216.5859450000,1707.3668340000,9556.6028300000,1200.0000000000,-1227.3616600000,False,False
2025-10-20,46888.8515610000,46446.1864120000,1255.9437150000,211.9547890000,7134.5140150000,8207.4971380000,1200.0000000000,0.7871270000,45648.1579750000,45458.8558780000,20.0510420000,3.8881210000,9556.6028300000,10015.4552050000,1200.0000000000,-987.3305340000,False,False
2025-10-21,48259.3477740000,48112.4230900000,0.0000000000,0.0000000000,8207.4971380000,8563.6302250000,1521.3748440000,0.7953060000,47779.3870600000,47690.0415980000,0.0000000000,0.0000000000,10015.4552050000,10232.0210980000,1785.4743460000,-422.3814920000,False,False
2025-10-22,47714.5024420000,48344.4621700000,2794.6993010000,473.8106320000,8563.6302250000,7036.6607800000,1200.0000000000,0.7929510000,46222.1067160000,46678.6341270000,865.9929200000,149.1797870000,10232.0210980000,9125.4370140000,1200.0000000000,-1665.8280430000,False,False
2025-10-23,48213.4203870000,48755.2298740000,623.4828590000,124.5435090000,7036.6607800000,5723.3601130000,1200.0000000000,0.7813360000,49060.2040560000,49130.7330450000,555.1909120000,111.3022200000,9125.4370140000,8954.4806700000,1200.0000000000,375.5031710000,False,False
2025-10-24,15062.2306470000,16907.2998200000,3263.0392170000,857.3014660000,5723.3601130000,1251.0674790000,1200.0000000000,0.5963580000,14240.7697560000,17437.7476680000,3627.5145180000,786.5755890000,8954.4806700000,1205.2748510000,1200.0000000000,530.4478480000,False,False
2025-10-25,14577.7005230000,14563.7565640000,406.2595330000,114.1741380000,1251.0674790000,1284.8664650000,1200.0000000000,0.5985090000,14444.0650600000,14320.1381420000,0.0000000000,0.0000000000,1205.2748510000,1505.6632840000,1205.2748510000,-243.6184220000,False,False
2025-10-26,51842.4644690000,49266.8613070000,1010.9164610000,197.8708850000,1284.8664650000,7527.9121040000,1200.0000000000,0.7873310000,51936.8072590000,48446.3114210000,55.3601520000,11.5622710000,1505.6632840000,9966.3318930000,1200.0000000000,-820.5498860000,False,False
2025-10-27,46544.8345680000,47062.9487330000,185.5783480000,37.4391020000,7527.9121040000,6272.0469040000,1200.0000000000,0.7828960000,45553.1538460000,46239.2324870000,103.6609000000,19.7449330000,9966.3318930000,8303.3349200000,1432.0469770000,-823.7162460000,False,False
2025-10-28,50773.8658100000,49434.6808290000,2175.7802200000,343.5775260000,6272.0469040000,9518.1187680000,1200.0000000000,0.7930670000,49584.8783030000,48623.0521320000,1211.4267760000,181.9044340000,8303.3349200000,10634.7207360000,1200.0000000000,-811.6286970000,False,False
2025-10-29,50587.8413110000,51111.7816390000,1281.6908310000,214.1958720000,9518.1187680000,8248.1314380000,1200.0000000000,0.8069570000,49539.6818120000,49845.1321300000,367.7072200000,59.1104930000,10634.7207360000,9894.3348310000,1200.0000000000,-1266.6495090000,False,False
2025-10-30,49272.2212910000,49807.6610490000,3894.8044220000,648.0176620000,8248.1314380000,6950.2704560000,1200.0000000000,0.7919600000,51009.2058950000,51269.5175460000,5678.8823780000,944.0827640000,9894.3348310000,9263.3612620000,1200.0000000000,1461.8564970000,False,False
2025-10-31,14347.3227460000,16666.1303080000,2581.5762530000,665.9964330000,6950.2704560000,1329.6757720000,1200.0000000000,0.6177330000,12660.0721900000,15945.6391050000,1401.2468040000,326.0404990000,9263.3612620000,1299.4231430000,1200.0000000000,-720.4912030000,False,False
2025-11-01,14018.4603650000,13908.2259820000,0.0000000000,0.0000000000,1329.6757720000,1596.8746550000,1230.1066960000,0.6046030000,14315.8441050000,14034.4567280000,0.0000000000,0.0000000000,1299.4231430000,1981.4825000000,1289.0112530000,126.2307460000,False,False
2025-11-02,56119.9752930000,53841.1627290000,3731.0063930000,600.6998450000,1596.8746550000,7120.5248230000,1200.0000000000,0.8022440000,54547.9024920000,51897.2235580000,1838.2773270000,298.8397640000,1981.4825000000,8406.5055040000,1200.0000000000,-1943.9391710000,False,False
2025-11-03,51235.0364300000,51415.9511350000,848.9267860000,160.9788890000,7120.5248230000,6682.0027810000,1200.0000000000,0.8054710000,50096.9567900000,50067.1845450000,0.0000000000,0.0000000000,8406.5055040000,8478.6709250000,1379.0791210000,-1348.7665900000,False,False
2025-11-04,51312.9121430000,50096.4029040000,465.2331350000,87.3001520000,6682.0027810000,9630.7189540000,1200.0000000000,0.7975830000,50285.5963700000,49462.2571160000,160.2600790000,33.5995500000,8478.6709250000,10474.3760930000,1203.4460240000,-634.1457880000,False,False
2025-11-05,52225.4249760000,52578.0452220000,1157.0735390000,212.2337740000,9630.7189540000,8775.9971080000,1200.0000000000,0.8089560000,51256.8911970000,51547.2691720000,369.2411250000,69.0267400000,10474.3760930000,9770.5242840000,1200.0000000000,-1030.7760500000,False,False
2025-11-06,52942.4423090000,54157.8373130000,1185.3087220000,229.9056790000,8775.9971080000,5829.9817480000,1200.0000000000,0.8150670000,52505.9226980000,53134.7833230000,615.0537640000,128.8590770000,9770.5242840000,8246.2189730000,1200.0000000000,-1023.0539900000,False,False
2025-11-07,13490.1682580000,15383.5713370000,1051.5650350000,227.9159980000,5829.9817480000,1240.5317850000,1200.0000000000,0.6155340000,13861.4163500000,16751.2316990000,2493.0559990000,492.5441770000,8246.2189730000,1241.5493970000,1200.0000000000,1367.6603620000,False,False
2025-11-08,14617.7696340000,14587.3553410000,238.6804690000,55.6235070000,1240.5317850000,1314.2534740000,1200.0000000000,0.6173410000,14356.1016960000,14306.4037740000,0.0000000000,0.0000000000,1241.5493970000,1362.0129820000,1241.5493970000,-280.9515670000,False,False
2025-11-09,55241.7959430000,52290.0275860000,0.0000000000,0.0000000000,1314.2534740000,8469.0919370000,1255.2366180000,0.8103170000,55592.3633650000,51945.4398260000,0.0000000000,0.0000000000,1362.0129820000,10201.8491930000,1362.0129820000,-344.5877600000,False,False
2025-11-10,56485.8079920000,56010.2039370000,0.0000000000,0.0000000000,8469.0919370000,9621.9162000000,1235.1701950000,0.8189730000,55930.1084350000,55697.7775270000,0.0000000000,0.0000000000,10201.8491930000,10764.9997920000,1290.6904070000,-312.4264100000,False,False
2025-11-11,52773.8843920000,53126.0317210000,0.0000000000,0.0000000000,9621.9162000000,8768.3406650000,1363.8389390000,0.8138590000,52715.7259570000,52701.2864260000,10.4696550000,2.0516670000,10764.9997920000,10800.0000000000,1457.9518720000,-424.7452950000,False,False
2025-11-12,52386.8273190000,52497.9953170000,191.9170250000,31.9650990000,8768.3406650000,8498.8787790000,1200.0000000000,0.8123950000,51793.2217470000,52223.3971870000,60.5796870000,11.7733330000,10800.0000000000,9757.2908800000,1259.3081080000,-274.5981300000,False,False
2025-11-13,53919.4344400000,54301.2141630000,0.0000000000,0.0000000000,8498.8787790000,7573.4768120000,1418.5773560000,0.8185360000,53954.3276480000,54278.4470460000,0.0000000000,0.0000000000,9757.2908800000,8971.6526930000,1468.1780260000,-22.7671170000,False,False
2025-11-14,12667.6540310000,15203.4271700000,280.7303250000,63.8498790000,7573.4768120000,1426.9758010000,1200.0000000000,0.6290780000,12066.4748800000,15184.0172500000,305.2559000000,85.1447390000,8971.6526930000,1414.9919510000,1200.0000000000,-19.4099200000,False,False
2025-11-15,15536.3474550000,15586.7473800000,237.5124110000,61.9104100000,1426.9758010000,1304.8106170000,1200.0000000000,0.6287680000,15968.8859800000,15372.0503680000,427.3821530000,101.7221370000,1414.9919510000,2861.6713240000,1200.0000000000,-214.6970120000,False,False
2025-11-16,60131.4545370000,57056.2368260000,0.0000000000,0.0000000000,1304.8106170000,8758.8799400000,1295.9418270000,0.8205800000,59284.0998340000,56301.6875980000,13.8968880000,2.7407330000,2861.6713240000,10090.7879740000,1301.4355040000,-754.5492280000,False,False
2025-11-17,53893.3359840000,54979.1541150000,0.0000000000,0.0000000000,8758.8799400000,6126.9480300000,1295.2034980000,0.8158550000,53835.1000790000,54693.8987400000,0.0000000000,0.0000000000,10090.7879740000,8009.1321830000,1340.2165110000,-285.2553750000,False,False
2025-11-18,57399.7266930000,56946.7413930000,2199.7404290000,437.3867870000,6126.9480300000,7224.9463330000,1200.0000000000,0.8219120000,57965.8558660000,57434.4130590000,2636.5733890000,519.8801750000,8009.1321830000,9297.3048910000,1200.0000000000,487.6716660000,False,False
2025-11-19,60740.8403730000,59783.1878930000,946.6958080000,177.2053060000,7224.9463330000,9546.2154740000,1200.0000000000,0.8290140000,58851.1348450000,58573.2863480000,191.1117660000,40.4844320000,9297.3048910000,9970.7863010000,1200.0000000000,-1209.9015450000,False,False
2025-11-20,54852.6677510000,55333.4455270000,345.0268920000,72.8192140000,9546.2154740000,8380.8505440000,1200.0000000000,0.8211790000,54862.4492230000,55432.3408100000,178.1542440000,36.4204050000,9970.7863010000,8589.4169810000,1200.0000000000,98.8952830000,False,False
2025-11-21,13743.7749000000,15654.8295950000,0.0000000000,0.0000000000,8380.8505440000,3748.6145480000,1476.0994940000,0.6326340000,14674.7840220000,15519.0032150000,0.0000000000,0.0000000000,8589.4169810000,6543.1005940000,1386.5035400000,-135.8263800000,False,False
2025-11-22,15495.8862480000,16127.2942370000,0.0000000000,0.0000000000,3748.6145480000,2218.1346380000,1308.3077560000,0.6366750000,14977.8566590000,16188.7650220000,0.0000000000,0.0000000000,6543.1005940000,3607.9604720000,1282.1549030000,61.4707850000,False,False
2025-11-23,60573.1726120000,57546.8710700000,0.0000000000,0.0000000000,2218.1346380000,9553.6352780000,1251.9105220000,0.8264940000,59778.9860700000,57049.6585290000,0.0000000000,0.0000000000,3607.9604720000,10223.6210890000,1340.5874200000,-497.2125410000,False,False
2025-11-24,54615.7434560000,55681.7169370000,1891.4303600000,308.0776700000,9553.6352780000,6969.8051350000,1200.0000000000,0.8210510000,55160.5782350000,55987.2051290000,1632.7161330000,263.9698410000,10223.6210890000,8219.9469590000,1200.0000000000,305.4881920000,False,False
2025-11-25,57749.7209510000,58898.7219650000,0.0000000000,0.0000000000,6969.8051350000,4184.7232270000,1212.1828740000,0.8241240000,57304.6642970000,58027.1362010000,0.0000000000,0.0000000000,8219.9469590000,6468.7357730000,1332.9372800000,-871.5857640000,False,False
2025-11-26,62820.0381660000,60689.9878200000,1618.2891420000,254.6218880000,4184.7232270000,9347.7862800000,1200.0000000000,0.8299340000,61412.6725690000,59950.5811520000,758.6793830000,116.7648150000,6468.7357730000,10012.7225080000,1200.0000000000,-739.4066680000,False,False
2025-11-27,56328.6101290000,57454.3168870000,0.0000000000,0.0000000000,9347.7862800000,6619.1676900000,1220.7527530000,0.8285640000,56986.9688880000,57601.5990890000,618.6911180000,95.9806260000,10012.7225080000,8522.9105490000,1200.0000000000,147.2822020000,False,False
2025-11-28,14925.3264890000,15851.1938200000,471.6463660000,94.1128140000,6619.1676900000,4374.9430800000,1200.0000000000,0.6340240000,15119.1325730000,16098.2000640000,832.5204410000,166.1220080000,8522.9105490000,6149.7332220000,1200.0000000000,247.0062440000,False,False
2025-11-29,17477.5103160000,18062.4449320000,0.0000000000,0.0000000000,4374.9430800000,2957.1107210000,1406.9898040000,0.6504380000,17126.1002710000,17623.9630450000,0.0000000000,0.0000000000,6149.7332220000,4942.9556930000,1463.9985410000,-438.4818870000,False,False
2025-11-30,65539.9887290000,62860.0587490000,840.3051620000,129.0650400000,2957.1107210000,9453.0358000000,1200.0000000000,0.8395990000,63371.7832900000,61304.3817930000,0.0000000000,0.0000000000,4942.9556930000,9954.1632010000,1238.1658320000,-1555.6769560000,False,False
2025-12-01,77147.4960220000,77818.6273540000,6948.0640130000,1075.2576200000,9453.0358000000,7826.2698470000,1200.0000000000,0.9076060000,76981.8526660000,77313.7844230000,6207.1256570000,959.0129150000,9954.1632010000,9149.5885120000,1200.0000000000,-504.8429310000,True,True
2025-12-02,79127.5130910000,78920.0317890000,3237.4869690000,485.3654910000,7826.2698470000,8329.1870910000,1200.0000000000,0.9153140000,78846.3134960000,78792.2805860000,3712.6227640000,581.2414790000,9149.5885120000,9280.5597470000,1200.0000000000,-127.7512030000,True,True
2025-12-03,77797.7868160000,78884.0031520000,1682.4976100000,269.0855160000,8329.1870910000,5696.2899670000,1200.0000000000,0.9120330000,76354.6828290000,77256.3492910000,22.4741110000,3.1433830000,9280.5597470000,7094.9960110000,1250.2264920000,-1627.6538610000,True,True
2025-12-04,81968.2690620000,81777.9150030000,7432.3960900000,1172.4143640000,5696.2899670000,6157.6922090000,1200.0000000000,0.9050850000,81602.6596850000,81419.3512820000,7227.4469720000,1136.2716760000,7094.9960110000,7539.3201760000,1200.0000000000,-358.5637210000,True,True
2025-12-05,23784.4749840000,24180.5576630000,1639.5092930000,334.1406500000,6157.6922090000,5197.6210780000,1200.0000000000,0.7171770000,24249.1029870000,23866.2479020000,2004.7491370000,410.5666480000,7539.3201760000,8467.3287330000,1200.0000000000,-314.3097610000,False,False
2025-12-06,25942.9484530000,25289.3207490000,615.5182160000,124.2887810000,5197.6210780000,6781.9597080000,1200.0000000000,0.7271970000,25762.3999220000,25824.9306440000,892.3394240000,178.5621280000,8467.3287330000,8315.7595160000,1200.0000000000,535.6098950000,False,False
2025-12-07,79038.1863870000,78264.9047220000,4340.2910160000,633.5220390000,6781.9597080000,8656.3294860000,1200.0000000000,0.9101080000,76641.8502160000,76200.5659240000,3004.7129800000,447.0053300000,8315.7595160000,9385.3955580000,1200.0000000000,-2064.3387980000,True,True
2025-12-08,72135.8986370000,72204.1929400000,0.0000000000,0.0000000000,8656.3294860000,8490.7898350000,1211.7256280000,0.9085150000,71850.9448300000,71752.3955700000,0.0000000000,0.0000000000,9385.3955580000,9624.2706850000,1211.3703790000,-451.7973700000,True,True
2025-12-09,71178.1825960000,71069.1266060000,721.5097670000,98.1607430000,8490.7898350000,8755.1323920000,1295.5162150000,0.9057770000,71101.9182210000,71079.1078090000,1267.2162950000,186.8685380000,9624.2706850000,9679.5612080000,1200.0000000000,9.9812030000,False,False
2025-12-10,73703.4694560000,73838.1397500000,2299.9088110000,333.2919050000,8755.1323920000,8428.7029140000,1200.0000000000,0.9161590000,71997.3020340000,72475.0662950000,1238.2434660000,184.8475980000,9679.5612080000,8521.5007870000,1200.0000000000,-1363.0734550000,True,True
2025-12-11,67815.4246510000,68320.8227800000,0.0000000000,0.0000000000,8428.7029140000,7203.6603200000,1261.3486920000,0.8976340000,67747.4485000000,67773.8687410000,0.0000000000,0.0000000000,8521.5007870000,8457.4603420000,1252.9436120000,-546.9540390000,False,False
2025-12-12,22101.0223670000,23483.6100270000,0.0000000000,0.0000000000,7203.6603200000,3852.3840110000,1388.8153970000,0.7237800000,22183.5097210000,23120.6836990000,0.0000000000,0.0000000000,8457.4603420000,6185.8293670000,1454.3919930000,-362.9263280000,False,False
2025-12-13,24741.7210040000,23213.0354050000,0.0000000000,0.0000000000,3852.3840110000,7557.7894490000,1398.1080060000,0.7296970000,23773.9100960000,22799.9467230000,0.0000000000,0.0000000000,6185.8293670000,8546.6347420000,1492.7012890000,-413.0886820000,False,False
2025-12-14,79607.9137290000,78679.7404090000,6628.9781900000,972.1337050000,7557.7894490000,9807.6035830000,1200.0000000000,0.9207380000,77265.8084370000,76582.5661100000,3841.9012260000,564.1701790000,8546.6347420000,10202.7567290000,1200.0000000000,-2097.1742990000,True,True
2025-12-15,73157.4581380000,73983.5088300000,49.3964910000,7.0016290000,9807.6035830000,7805.3261180000,1200.0000000000,0.9144400000,73936.0782900000,74410.5225300000,0.0000000000,0.0000000000,10202.7567290000,9052.7437600000,1531.8008630000,427.0137000000,True,True
2025-12-16,74033.6062960000,73637.3219900000,0.0000000000,0.0000000000,7805.3261180000,8765.8859750000,1506.7192380000,0.9109140000,72891.5727690000,72664.8492340000,0.0000000000,0.0000000000,9052.7437600000,9602.3025580000,1489.4834840000,-972.4727560000,True,True
2025-12-17,72604.6416880000,72723.6585840000,0.0000000000,0.0000000000,8765.8859750000,8477.3990190000,1241.9905970000,0.9088100000,72082.7345020000,72096.5692890000,218.6347410000,36.9440300000,9602.3025580000,9568.7681970000,1200.0000000000,-627.0892950000,True,True
2025-12-18,68311.1706780000,69283.4577100000,0.0000000000,0.0000000000,8477.3990190000,6120.6569540000,1305.9762160000,0.9094780000,68867.6685260000,69325.3595940000,0.0000000000,0.0000000000,9568.7681970000,8459.3635080000,1318.9303250000,41.9018840000,False,False
2025-12-19,24326.9492040000,22898.9256180000,0.0000000000,0.0000000000,6120.6569540000,9582.0661310000,1236.1205290000,0.7250940000,23206.3030480000,22548.8971380000,0.0000000000,0.0000000000,8459.3635080000,10052.8601930000,1264.5057890000,-350.0284800000,False,False
2025-12-20,22062.2253190000,22524.1135470000,0.0000000000,0.0000000000,9582.0661310000,8462.4878770000,1536.3895580000,0.7189710000,21483.7610550000,21921.7538440000,0.0000000000,0.0000000000,10052.8601930000,8991.2024760000,1560.4639800000,-602.3597030000,False,False
2025-12-21,75532.8020160000,75400.9313170000,2030.6064840000,297.0414600000,8462.4878770000,8782.1313710000,1200.0000000000,0.9100760000,72922.3387340000,72703.5183600000,3.5798690000,0.5091190000,8991.2024760000,9521.6046740000,1203.4825870000,-2697.4129570000,True,True
2025-12-22,71666.6819870000,72239.9409440000,0.0000000000,0.0000000000,8782.1313710000,7392.5998310000,1298.1650230000,0.9192850000,71734.7492740000,72129.3144900000,0.0000000000,0.0000000000,9521.6046740000,8565.2117450000,1250.0198110000,-110.6264540000,False,False
2025-12-23,73340.4204340000,72399.4383710000,0.0000000000,0.0000000000,7392.5998310000,9673.4612810000,1211.1518040000,0.9126890000,72107.4140460000,71607.7071270000,0.0000000000,0.0000000000,8565.2117450000,9776.4593270000,1306.6997630000,-791.7312440000,True,True
2025-12-24,71401.7647300000,71817.9893760000,248.8595840000,32.2984540000,9673.4612810000,8664.5677140000,1330.3026230000,0.9082650000,70801.4525290000,70926.8290760000,231.5463620000,30.0514420000,9776.4593270000,9472.5571120000,1273.3037230000,-891.1603000000,False,False
2025-12-25,69967.0506050000,70927.3315900000,0.0000000000,0.0000000000,8664.5677140000,6336.9272970000,1217.3504220000,0.9102520000,70652.1609480000,71200.2163020000,0.0000000000,0.0000000000,9472.5571120000,8144.1169870000,1367.5542330000,272.8847120000,False,False
2025-12-26,22646.7420730000,22137.9409460000,0.0000000000,0.0000000000,6336.9272970000,7570.2184750000,1441.8988200000,0.7237750000,22526.6444140000,22197.6360620000,0.0000000000,0.0000000000,8144.1169870000,8941.6055870000,1456.0380520000,59.6951160000,False,False
2025-12-27,22802.7032730000,22632.7367880000,0.0000000000,0.0000000000,7570.2184750000,7982.2029510000,1475.3392220000,0.7212280000,22551.7767060000,22523.0633800000,0.0000000000,0.0000000000,8941.6055870000,9011.2042760000,1651.4559450000,-109.6734080000,False,False
2025-12-28,71282.7525040000,70806.1711810000,432.4576160000,57.8356420000,7982.2029510000,9137.3960320000,1320.5792130000,0.9058920000,70038.2736960000,69704.9173040000,160.9484650000,21.5671470000,9011.2042760000,9819.2321580000,1323.7689440000,-1101.2538770000,False,False
2025-12-29,71123.5491540000,71435.3185380000,1281.2163640000,200.0066240000,9137.3960320000,8381.6932440000,1200.0000000000,0.9065310000,70165.0024680000,70077.6918690000,743.3174220000,113.1755510000,9819.2321580000,10030.8657130000,1200.0000000000,-1357.6266690000,False,False
2025-12-30,71953.2280160000,71465.3777160000,1352.2749250000,221.6305620000,8381.6932440000,9564.2013780000,1200.0000000000,0.9004580000,69731.0106660000,69709.4679910000,1057.4506810000,187.8980000000,10030.8657130000,10083.0833450000,1200.0000000000,-1755.9097250000,True,False
2025-12-31,71961.3010960000,72665.9272240000,562.4219080000,101.8665330000,9564.2013780000,7856.2468510000,1200.0000000000,0.9102440000,70973.6380670000,71600.2339860000,558.4013390000,107.3166910000,10083.0833450000,8564.2674880000,1200.0000000000,-1065.6932380000,True,False
