date,plan_cost,up_cost,down_net_cost,emergency_cost,total_cost,inventory_adjusted_cost,plan_kwh,final_kwh,emergency_kwh,up_kwh,down_kwh,spill_kwh,soc_start,soc_end,balance_error,dynamics_error,soc_min,soc_max
2025-02-01,23766.5401679577,0.0000000000,-1157.1989925008,0.0000000000,22609.3411754569,22504.3198332343,44945.8823612059,41484.4215410636,0.0000000000,0.0000000000,3461.4608201424,3093.9582579070,1520.6548179639,1775.2177266638,0.0000000000,0.0000000000,1356.4442453005,10800.0000000000
2025-02-02,57234.1399407689,0.0000000000,-2089.5484034151,1452.5860590486,56597.1775964024,56631.3670121570,90626.2985174645,84979.2931161935,212.0278861370,0.0000000000,5647.0054012710,2541.3851703818,1775.2177266638,1692.3454557799,0.0000000000,0.0000000000,1200.0000000000,10800.0000000000
2025-02-03,58122.8416162208,297.3862948675,-2057.6856554853,211.9904796750,56574.5327352780,56504.7658980425,92134.9763027580,86497.9664842936,50.7465818620,154.3286351098,5791.3384535742,1596.6199365377,1692.3454557799,1861.4544067951,0.0000000000,0.0000000000,1200.0000000000,10800.0000000000
2025-02-04,60012.1233376229,0.0000000000,-2557.5381375372,400.5560035063,57855.1412035920,58003.7664913089,94257.4469412594,87720.5617703829,99.1666240955,0.0000000000,6536.8851708765,2328.6159505679,1861.4544067951,1501.1991982166,0.0000000000,0.0000000000,1200.0000000000,10800.0000000000
2025-02-05,56002.0975358461,88.2254357132,-911.1003378125,451.1888421835,55630.4114759303,55587.8781803448,88856.1564909600,86642.3174964568,65.6876337139,73.6132129439,2287.4522074470,1274.1254425404,1501.1991982166,1604.2963326818,0.0000000000,0.0000000000,1200.0000000000,10800.0000000000
2025-02-06,60164.0437393090,583.5798191079,-3140.8878573116,318.4134599897,57925.1491610950,57866.2189827843,94686.9678185210,86356.1720472004,58.7483602470,302.0364977398,8632.8322690604,1550.1691663311,1604.2963326818,1747.1381330579,0.0000000000,0.0000000000,1493.3411943241,10800.0000000000
2025-02-07,22880.9401275779,0.0000000000,-1133.9861423524,351.3956869256,22098.3496721511,22220.2696893617,43951.8322358928,40019.6575543411,76.3560205557,0.0000000000,3932.1746815517,4878.7024309900,1747.1381330579,1451.6142561671,0.0000000000,0.0000000000,1200.0000000000,10800.0000000000
2025-02-08,19197.3870686453,712.5664744316,-6.8782142211,179.0204791379,20082.0958079937,20001.8346099999,37239.1058278586,37675.3906230321,29.2852084309,451.2434515341,14.9586563606,2318.9513446348,1451.6142561671,1646.1606558288,0.0000000000,0.0000000000,1200.0000000000,10800.0000000000
2025-02-09,55540.1819108331,280.3935427512,-902.2518502991,113.0614426058,55031.3850458910,55137.8359357623,88185.0857984543,86115.4611822480,23.4739393969,244.2276574471,2313.8522736534,2428.4579524493,1646.1606558288,1388.1326437520,0.0000000000,0.0000000000,1200.0000000000,10800.0000000000
2025-02-10,52517.3698082056,4.5099965531,-1578.6644709325,609.9333363651,51553.1486701913,51601.7801006891,84110.9989728888,79670.5541662214,127.5388467009,3.2095050905,4443.6543117578,1090.6544711387,1388.1326437520,1270.2541426802,0.0000000000,0.0000000000,1200.0000000000,10800.0000000000
2025-02-11,53555.5261345269,0.0000000000,-2273.8562271420,6215.7211961517,57497.3911035366,57427.9115556616,85307.5142025036,79484.3060266919,1161.4693192066,0.0000000000,5823.2081758117,764.3551515313,1270.2541426802,1438.6667284261,0.0000000000,0.0000000000,1200.0000000000,10800.0000000000
2025-02-12,53317.9639034264,766.5177632648,-2020.5377928521,3008.1640407074,55072.1079145464,55112.0026178741,85172.4740136200,79981.6680267165,593.0214510490,396.7175236212,5587.5235105247,855.0735344606,1438.6667284261,1341.9653198752,0.0000000000,0.0000000000,1200.0000000000,10800.0000000000
2025-02-13,49308.0092234154,5.1597270829,-1204.3614988614,1687.4780970383,49796.2855486752,49769.8966009560,79870.0350400066,76492.7974641138,281.5368879899,3.9271812481,3381.1647571409,945.9116367078,1341.9653198752,1405.9299117075,0.0000000000,0.0000000000,1200.0000000000,10800.0000000000
2025-02-14,18609.6110332078,1954.3419628422,0.0000000000,0.0000000000,20563.9529960500,20314.9841392311,36245.8823922755,37617.4767722597,0.0000000000,1371.5943799842,0.0000000000,3703.4769438681,1405.9299117075,2009.4095000108,0.0000000000,0.0000000000,1405.9299117075,10800.0000000000
2025-02-15,18291.9503035207,469.4189119226,-165.7649817651,107.1722605191,18702.7764941973,19026.2093818270,34816.3660813391,34728.1014665909,41.1185729965,343.9000830508,432.1646977991,2884.7272447711,2009.4095000108,1225.4353581667,0.0000000000,0.0000000000,1200.0000000000,10800.0000000000
2025-02-16,52680.8660356470,3096.7005243937,-2415.0777643052,2549.1788676101,55911.6676633455,55867.3387822623,84479.6932548033,79433.5874208809,538.3381045414,1619.1188428188,6665.2246767413,151.1196441733,1225.4353581667,1332.8848409970,0.0000000000,0.0000000000,1200.0000000000,10777.7207307635
2025-02-17,51431.7167497504,1227.0177744190,-2917.2042863037,1975.2952482237,51716.8254860894,51762.2942206375,83302.3652894813,75196.1504806449,355.5273381394,636.4026242488,8742.6174330851,242.6537174200,1332.8848409970,1222.6724491486,0.0000000000,0.0000000000,1200.0000000000,10797.9967163821
2025-02-18,45848.0648279785,2819.3036408608,0.0000000000,421.7602723879,49089.1287412272,49037.7877225533,74284.4534854131,76555.0465741263,75.1529854715,2270.5930887132,0.0000000000,236.4615517511,1222.6724491486,1347.1187642753,0.0000000000,0.0000000000,1200.0000000000,10800.0000000000
2025-02-19,46209.0392274530,2525.3115761796,-115.6504778112,4667.8665422865,53286.5668681079,53347.2615316362,74771.2319905437,77017.5634410466,995.8526250338,2518.1152200369,271.7837695341,794.9424671900,1347.1187642753,1200.0000000000,0.0000000000,0.0000000000,1200.0000000000,10800.0000000000
2025-02-20,48040.1750282058,659.7637440765,-862.5781433015,2340.1229039719,50177.4835329527,50154.8444637110,78430.9240545855,76225.4363100897,492.8394017966,446.1297800727,2651.6175245685,1312.3109920430,1200.0000000000,1254.8752015015,0.0000000000,0.0000000000,1200.0000000000,10800.0000000000
2025-02-21,17386.8246847688,726.3287982637,0.0000000000,66.2271557656,18179.3806387981,18202.0197080398,33982.8467652547,34516.7647783880,30.9762187865,533.9180131333,0.0000000000,5633.0105391963,1254.8752015015,1200.0000000000,0.0000000000,0.0000000000,1200.0000000000,10800.0000000000
2025-02-22,17547.6484183866,2494.7078903952,-103.3912810854,0.0000000000,19938.9650276964,19539.5268242176,33862.9429822210,35354.5521287539,0.0000000000,1760.0022752150,268.3931286821,3235.0488956933,1200.0000000000,2168.2046408051,0.0000000000,0.0000000000,1200.0000000000,10800.0000000000
2025-02-23,46231.2624944759,3066.4561642912,-870.8701525419,622.4500975740,49049.2986037992,49448.7368072781,75172.5189574260,74831.9114840827,181.8012684659,2143.2499640939,2483.8574374373,240.3389660163,2168.2046408051,1200.0000000000,0.0000000000,0.0000000000,1200.0000000000,10487.9268301331
2025-02-24,44967.5518006877,1582.8749496425,-241.2083538575,321.0065758932,46630.2249723659,46439.8639975031,72635.9792250273,73136.8355151825,70.2381873705,1079.2845334896,578.4282433344,331.9456842875,1200.0000000000,1661.4190072085,0.0000000000,0.0000000000,1200.0000000000,10800.0000000000
2025-02-25,46068.9886706758,1035.7386706740,-1695.3521739822,1007.2880212332,46416.6631886007,46605.6201432978,75073.6922586296,70242.8262742009,304.1843386653,543.2537787169,5374.1197631456,1086.6188654354,1661.4190072085,1203.4032269030,0.0000000000,0.0000000000,1200.0000000000,10705.4925056081
2025-02-26,41715.6818188844,5364.2024613183,0.0000000000,931.5531530530,48011.4374332556,47882.0453396081,68466.4712724343,73748.0272850007,197.4251899619,5281.5560125664,0.0000000000,505.3069105861,1203.4032269030,1517.0387892051,0.0000000000,0.0000000000,1200.0000000000,10800.0000000000
2025-02-27,42570.0044111707,2619.4806067429,-122.0426395532,2321.5938195454,47389.0361979058,47466.2803291577,69488.7737720142,70913.3345660546,477.5463932079,1939.2843488303,514.7235547899,316.1857300904,1517.0387892051,1329.8055058042,0.0000000000,0.0000000000,1200.0000000000,10800.0000000000
2025-02-28,16802.9122116858,635.2438281637,-11.7762079897,327.9050878018,17754.2849196617,17803.1633241625,32533.9236068256,33070.6311818907,96.2780751163,562.0878045021,25.3802294370,6750.6452015226,1329.8055058042,1211.3283605019,0.0000000000,0.0000000000,1200.0000000000,10800.0000000000
2025-03-01,17667.5506903667,0.0000000000,-315.7917484705,1199.8324435974,18551.5913854936,18543.5101554256,34158.9607875256,33181.9024867981,260.4984210407,0.0000000000,977.0583007275,6604.3505544319,1211.3283605019,1230.9165831285,0.0000000000,0.0000000000,1200.0000000000,10800.0000000000
2025-03-02,48173.2715988284,2868.7980812549,-758.5985911453,0.0000000000,50283.4710889380,50048.6460277229,78334.0323807665,78139.3372187921,0.0000000000,1853.9830812841,2048.6782432585,753.9729260162,1230.9165831285,1800.1127993784,0.0000000000,0.0000000000,1230.9165831285,10800.0000000000
2025-03-03,49076.5000256803,2594.8161519324,-1633.5599404302,852.3505905061,50890.1068276885,51119.2236741886,79530.2098663151,76255.6087260642,223.7369675888,1587.3233081174,4861.9244483683,573.2892504105,1800.1127993784,1244.7528159416,0.0000000000,0.0000000000,1200.0000000000,10800.0000000000
2025-03-04,44012.5671107484,2614.6249368759,-32.0134794488,390.2712876520,46985.4498558274,47003.9128786709,71700.8292326675,73359.8113697089,176.6612671760,1727.4965424753,68.5144054340,221.0616332894,1244.7528159416,1200.0000000000,0.0000000000,0.0000000000,1200.0000000000,10800.0000000000
2025-03-05,46476.0816855583,3912.8457163798,-2226.6085469736,20.0421646426,48182.3610196070,48098.1223786738,75963.4217210484,71135.7081046221,4.3068600856,2015.4701341214,6843.1837505476,850.2285149788,1200.0000000000,1404.1873871260,0.0000000000,0.0000000000,1200.0000000000,10800.0000000000
2025-03-06,43027.6596574158,2016.9852632584,-300.5180134602,0.0000000000,44744.1269072140,44605.3740379045,70466.2980084898,70858.1951693533,0.0000000000,1241.9240062763,850.0268454128,425.3253550580,1404.1873871260,1740.5126830554,0.0000000000,0.0000000000,1404.1873871260,10800.0000000000
2025-03-07,17154.4149255282,362.7971691059,-488.6942264336,0.0000000000,17028.5178682005,17199.8869931984,32612.9876216470,31646.2098537150,0.0000000000,200.9312294047,1167.7089973368,8160.6583231469,1740.5126830554,1325.1283240517,0.0000000000,0.0000000000,1211.3114997451,10800.0000000000
2025-03-08,16117.8310678588,67.7256277895,-53.1641084656,0.0000000000,16132.3925871826,16137.4890477035,31079.2544002179,31034.0388034652,0.0000000000,65.4448739329,110.6604706856,8910.9276284536,1325.1283240517,1312.7749320001,0.0000000000,0.0000000000,1229.0157693480,10800.0000000000
2025-03-09,44623.6943684523,0.0000000000,-1808.8904547918,2071.7617023677,44886.5656160283,44903.3571603470,73413.5538252399,67525.6254749641,362.6154663379,0.0000000000,5887.9283502757,360.5929682234,1312.7749320001,1272.0736395495,0.0000000000,0.0000000000,1200.0000000000,10800.0000000000
2025-03-10,41995.6411284232,3332.5490858100,0.0000000000,0.0000000000,45328.1902142332,45299.4826611287,69746.5524608704,72656.8117926242,0.0000000000,2910.2593317537,0.0000000000,298.6919851033,1272.0736395495,1341.6583360054,0.0000000000,0.0000000000,1268.7695588119,10800.0000000000
2025-03-11,37990.8259788387,6287.6798139753,0.0000000000,0.0000000000,44278.5057928139,44184.6558204331,61948.6116154863,69259.8223383863,0.0000000000,7311.2107229000,0.0000000000,955.8722524132,1341.6583360054,1569.1427829291,0.0000000000,0.0000000000,1341.6583360054,10800.0000000000
2025-03-12,43630.2969914239,217.3046339930,-1499.4038338917,1.4950740463,42349.6928655715,42491.0319750183,71606.2595398587,66646.7168346583,0.7085658987,127.1646766207,5086.7073818211,429.3416208812,1569.1427829291,1226.5486582264,0.0000000000,0.0000000000,1200.0000000000,10800.0000000000
2025-03-13,43520.3939604931,1094.6725151401,-66.6954013811,856.2260733880,45404.5971476400,45406.3746272982,71740.8290799400,72439.3503065364,124.7743903419,953.2778298665,254.7566032701,878.0672947994,1226.5486582264,1222.2401968949,0.0000000000,0.0000000000,1200.0000000000,10800.0000000000
2025-03-14,15604.2451000379,656.8924622898,0.0000000000,0.0000000000,16261.1375623278,16098.0417580129,30469.0201838749,30946.3722020823,0.0000000000,477.3520182075,0.0000000000,11502.8458006486,1222.2401968949,1617.5707217627,0.0000000000,0.0000000000,1222.2401968949,10800.0000000000
2025-03-15,15134.4796341679,691.6451629352,-3.3699599786,890.2456879435,16713.0005250680,16885.2716461685,29574.3118281396,30130.5104982529,234.3496262094,563.3619644530,7.1632943397,6922.2983763430,1617.5707217627,1200.0000000000,0.0000000000,0.0000000000,1200.0000000000,10800.0000000000
2025-03-16,41795.0141402036,1418.7778627229,-362.2495738866,7.4611800000,42859.0036090399,42700.4613361494,68424.2344001292,69060.8150834158,1.6400000000,1633.0846484487,996.5039651622,1170.7936110126,1200.0000000000,1584.2931473240,0.0000000000,0.0000000000,1200.0000000000,10800.0000000000
2025-03-17,37956.7063571748,2897.8842623763,-1075.4557521588,1678.3496915779,41457.4845589702,41490.8614652236,63495.2906404494,61921.7722885438,307.3455605446,2814.6537013682,4388.1720532739,339.3269034892,1584.2931473240,1503.3903311967,0.0000000000,0.0000000000,1200.0000000000,10800.0000000000
2025-03-18,44336.4476616119,133.7399155435,-2168.1429635344,345.9144665229,42647.9590801438,42674.7712701572,72778.4820647951,66117.9459031280,69.7373250126,83.0046055068,6743.5407671740,955.9668319032,1503.3903311967,1438.3998356082,0.0000000000,0.0000000000,1200.0000000000,10800.0000000000
2025-03-19,36397.0380533145,5561.6711806989,0.0000000000,0.0000000000,41958.7092340133,41863.4414241594,59238.8776583986,65799.7236585705,0.0000000000,6560.8460001719,0.0000000000,1999.0803578337,1438.3998356082,1669.3210014270,0.0000000000,0.0000000000,1405.1734851080,10800.0000000000
2025-03-20,41060.8273133098,1195.9453677410,-681.2967853454,3456.7553433939,45032.2312390993,45160.8781432528,67327.1779619719,65635.2041229702,595.0052386394,999.0035023718,2690.9773413734,280.0808214351,1669.3210014270,1357.4917158409,0.0000000000,0.0000000000,1200.0000000000,10519.4340199396
2025-03-21,14786.3315777483,983.9196459232,-77.0406815090,92.5859239280,15785.7964660904,15830.4203121017,28783.4673185999,29390.7748213736,43.9147262476,783.6538418765,176.3463391028,14687.5711590110,1357.4917158409,1249.3272628107,0.0000000000,0.0000000000,1200.0000000000,10800.0000000000
2025-03-22,15605.1348641919,360.8287928753,-128.1334389868,0.0000000000,15837.8302180805,15666.4560975883,29978.4425570106,30003.1606666584,0.0000000000,307.7913835433,283.0732738955,10884.1127233656,1249.3272628107,1664.7237304729,0.0000000000,0.0000000000,1249.3272628107,10800.0000000000
2025-03-23,41458.1887413460,639.8570306249,-1427.3435733989,0.0000000000,40670.7021985720,40702.5443855259,68194.9406686198,64108.7536108731,0.0000000000,396.1593596841,4482.3464174308,1468.4272675903,1664.7237304729,1587.5409449664,0.0000000000,0.0000000000,1317.2235095990,10800.0000000000
2025-03-24,38230.1841410518,2274.6625312734,-425.2796565511,0.0000000000,40079.5670157741,40042.6166667499,63583.7178227480,63595.8586376141,0.0000000000,1840.2762724669,1828.1354576007,1378.6909053008,1587.5409449664,1677.1054860970,0.0000000000,0.0000000000,1251.9027408460,10800.0000000000
2025-03-25,42828.1209218834,1242.9773373521,-2105.1093700127,1062.3965769570,43028.3854661798,43213.7886397622,70866.2789580219,64392.5750097246,198.7425566011,643.6652926499,7117.3692409472,124.4986246948,1677.1054860970,1227.7037725927,0.0000000000,0.0000000000,1200.0000000000,10429.6419536853
2025-03-26,37212.5043164979,1833.6488924509,-894.7237564496,9.9432939489,38161.3727464481,38144.0658662006,61102.8978614174,60190.5026875083,1.4253575041,1766.5009087812,2678.8960826903,512.1088688354,1227.7037725927,1269.6541960314,0.0000000000,0.0000000000,1200.0000000000,10800.0000000000
2025-03-27,39268.4684979554,84.6459041501,-711.2043645876,2392.4066424040,41034.3166799218,41045.5958108549,64822.7859726280,62936.1303350357,518.0672893856,57.6751795659,1944.3308171582,658.7120872119,1269.6541960314,1242.3145304246,0.0000000000,0.0000000000,1200.0000000000,10800.0000000000
2025-03-28,14816.3180048895,0.0000000000,-65.0853035086,0.0000000000,14751.2327013809,14678.9017923836,29126.4636709292,28988.6394904225,0.0000000000,0.0000000000,137.8241805067,15067.0457789840,1242.3145304246,1417.6385759338,0.0000000000,0.0000000000,1242.3145304246,10800.0000000000
2025-03-29,14012.0058991905,864.3836034379,-2.6478225982,159.1409466052,15032.8826266355,15036.4218879485,27828.7014236763,28481.8691234319,40.6240740191,658.9262675957,5.7585678401,18056.8223501031,1417.6385759338,1409.0597039119,0.0000000000,0.0000000000,1200.0000000000,10800.0000000000
2025-03-30,38015.9861632007,500.5908987757,-1281.2895926971,1778.8314172969,39014.1188865763,39068.3297418264,63573.9397785094,59249.9303299413,254.9930357364,409.0676836122,4733.0771321804,279.9746961479,1409.0597039119,1277.6571460743,0.0000000000,0.0000000000,1200.0000000000,10604.6986983365
2025-03-31,33394.2635483218,5808.4694699417,-10.9197694620,393.6436294896,39585.4568782911,39525.4189607366,54377.0921640112,61047.4245383207,70.1418622519,6692.8024582724,22.4700839629,241.8226856532,1277.6571460743,1423.1840132948,0.0000000000,0.0000000000,1200.0000000000,10800.0000000000
2025-04-01,39999.2531574619,1214.9134794136,-965.2642491136,0.0000000000,40248.9023877620,40249.6903418069,67791.4092089888,64755.8445138833,0.0000000000,991.9575278891,4027.5222229946,705.2911385744,1423.1840132948,1421.2740789009,0.0000000000,0.0000000000,1200.0271931131,10800.0000000000
2025-04-02,38199.4028501446,2092.1583308211,-265.2441627768,1455.4417235048,41481.7587416937,41519.5037263930,63920.2236466302,65017.7473351706,209.0936037110,2258.2610063605,1160.7373178202,878.7616225534,1421.2740789009,1329.7834076664,0.0000000000,0.0000000000,1200.0000000000,10800.0000000000
2025-04-03,39929.3437427278,297.2659840404,-1460.9614734114,0.0000000000,38765.6482533568,38697.6997368308,65611.6019112122,61116.7433658118,0.0000000000,198.3956124475,4693.2541578479,1105.9862339414,1329.7834076664,1494.4849020736,0.0000000000,0.0000000000,1317.9759131797,10800.0000000000
2025-04-04,13611.4011431500,351.5372366306,0.0000000000,602.4756447132,14565.4140244939,14556.0468087479,27174.6923643662,27444.3258528206,153.1651657706,269.6334884545,0.0000000000,18425.3933036637,1494.4849020736,1517.1902459232,0.0000000000,0.0000000000,1200.0000000000,10800.0000000000
2025-04-05,13417.8621900081,1645.9815623135,-6.1740734856,0.0000000000,15057.6696788361,14976.7535140369,26823.3331658966,27981.7371534962,0.0000000000,1171.0280948358,12.6241072362,13148.5466076901,1517.1902459232,1713.3242300850,0.0000000000,0.0000000000,1251.5740779255,10800.0000000000
2025-04-06,36592.6176269114,1023.5909565314,-995.3829408470,2564.4363199883,39185.2619625842,39328.5911258437,61912.2828671984,58924.6806297496,403.4032674425,762.9980021484,3750.6002395972,1263.9829103419,1713.3242300850,1365.9063821626,0.0000000000,0.0000000000,1200.0000000000,10800.0000000000
2025-04-07,32249.4900334700,2911.8819890090,-79.3373263044,884.9781140711,35967.0128102457,36023.2777225964,53810.6352254907,57178.3598557659,211.9784516443,3499.6878310277,131.9632007525,251.1886538644,1365.9063821626,1229.5249625138,0.0000000000,0.0000000000,1200.0000000000,10800.0000000000
2025-04-08,38143.3268710331,871.7723616249,-1562.4654116168,271.8582342136,37724.4920552549,37736.6727425675,63488.3190524459,58700.5725962706,81.3165662358,468.6094677454,5256.3559239208,368.7660627898,1229.5249625138,1200.0000000000,0.0000000000,0.0000000000,1200.0000000000,10800.0000000000
2025-04-09,36868.8570841331,2366.9488914894,-2.4541442577,0.0000000000,39233.3518313648,39161.2391863426,61491.0397542204,64339.5361999747,0.0000000000,2855.9332465353,7.4368007810,916.5326599664,1200.0000000000,1374.7949919740,0.0000000000,0.0000000000,1200.0000000000,10800.0000000000
2025-04-10,36541.1879542475,1619.1609123081,-1033.0736410842,1370.7884797405,38498.0637052119,38479.9216925652,59919.8345283929,59279.0616809874,246.1587702013,2131.2785235653,2772.0513709709,916.1123597853,1374.7949919740,1418.7697061726,0.0000000000,0.0000000000,1200.0000000000,10800.0000000000
2025-04-11,12713.3791384442,1207.4587656989,-19.2618540690,574.5861457005,14476.1621957746,14559.8249221582,25825.5072603064,26686.4098299247,151.5604443678,901.5057283555,40.6031587371,19137.6098127995,1418.7697061726,1215.9782875214,0.0000000000,0.0000000000,1200.0000000000,10800.0000000000
2025-04-12,14012.2264315071,0.0000000000,-274.6903860996,0.0000000000,13737.5360454074,13660.2605520777,27598.2638753908,26986.4465478020,0.0000000000,0.0000000000,611.8173275888,15192.8368818911,1215.9782875214,1403.2875899635,0.0000000000,0.0000000000,1215.9782875214,10800.0000000000
2025-04-13,34061.3166203714,2044.1134258994,-5.5549951895,0.0000000000,36099.8750510813,36091.9116483864,57060.2505650561,58638.3988594828,0.0000000000,1603.2954011234,25.1471066967,367.9322383187,1403.2875899635,1422.5902089383,0.0000000000,0.0000000000,1240.0693237081,10800.0000000000
2025-04-14,35975.3503269671,3063.9868681619,-1918.4193211446,1626.2484102273,38747.1662842118,38802.9958766053,59886.4211830993,55906.4413513062,234.9825594227,1560.4748699249,5540.4547017180,98.3506981451,1422.5902089383,1287.2639682860,0.0000000000,0.0000000000,1200.0000000000,10449.3809191470
2025-04-15,31575.1833548093,2146.3811580848,0.0000000000,588.6460001443,34310.2105130384,34247.2552479899,52625.7057448281,54421.6214604417,102.6475213040,1795.9157156136,0.0000000000,443.1057724284,1287.2639682860,1439.8622406902,0.0000000000,0.0000000000,1200.0000000000,10800.0000000000
2025-04-16,34726.7843257532,1365.0203412806,-234.2369919225,1395.4557866810,37253.0234617924,37351.9799617571,59020.8240496109,59298.4926030265,253.1742521594,1273.3798770748,995.7113236592,208.4316086764,1439.8622406902,1200.0000000000,0.0000000000,0.0000000000,1200.0000000000,10691.9465838553
2025-04-17,32827.2112876099,3198.3881731942,-83.6157660670,1897.9589366215,37839.9426313587,37723.1382247710,53572.5755025866,56789.5482589161,334.6863403185,3383.8156625111,166.8429061816,323.9137724495,1200.0000000000,1483.1240666009,0.0000000000,0.0000000000,1200.0000000000,10253.4275866926
2025-04-18,12860.6154317601,120.7505297876,-25.4354794323,0.0000000000,12955.9304821153,12881.1712926962,26106.3143040246,26151.0900367495,0.0000000000,99.8259152301,55.0501825052,17059.2034019369,1483.1240666009,1664.3340598064,0.0000000000,0.0000000000,1311.7806382365,10800.0000000000
2025-04-19,12334.4575500280,702.1219244601,-18.0280258263,50.4559058587,13069.0073545205,13194.0531245282,25500.4017788615,25967.1200686758,23.5848361240,505.5375289445,38.8192391303,16977.6423703613,1664.3340598064,1361.2336207894,0.0000000000,0.0000000000,1200.0000000000,10800.0000000000
2025-04-20,32746.8530679957,2093.9725096974,-129.3065975374,44.6257723812,34756.1447525370,34775.4793564486,54335.7875037825,56694.0974473512,9.2011901817,2570.6390337438,212.3290901751,786.5318948728,1361.2336207894,1314.3681655769,0.0000000000,0.0000000000,1200.0000000000,10800.0000000000
2025-04-21,34392.1573511588,0.0000000000,-1273.8537041329,1835.9300055133,34954.2336525393,34968.4961569968,57866.5609740421,53557.8490089396,360.5436749156,0.0000000000,4308.7119651025,1677.5996389861,1314.3681655769,1279.7970532371,0.0000000000,0.0000000000,1200.0000000000,10800.0000000000
2025-04-22,31781.0905231597,2577.8362408462,-14.2889625947,352.2027459577,34696.8405473689,34729.7612649988,53224.1062692173,55920.4401948180,108.9450311872,2725.0384340949,28.7045084942,135.8786026782,1279.7970532371,1200.0000000000,0.0000000000,0.0000000000,1200.0000000000,10542.5159917913
2025-04-23,30787.1283716865,4246.1763903047,0.0000000000,0.0000000000,35033.3047619912,34840.1401598297,51265.1786248281,55976.1069722990,0.0000000000,4710.9283474709,0.0000000000,555.2724774972,1200.0000000000,1668.2147641944,0.0000000000,0.0000000000,1200.0000000000,10800.0000000000
2025-04-24,31232.4299728096,1612.2067481954,0.0000000000,0.0000000000,32844.6367210050,32882.5187455396,51730.0356882628,52951.8196623673,0.0000000000,1221.7839741045,0.0000000000,2336.5268003683,1668.2147641944,1576.3919199146,0.0000000000,0.0000000000,1388.7947976063,10800.0000000000
2025-04-25,12540.0212216417,457.9352536705,-222.4344744932,0.0000000000,12775.5220008190,12757.6953129299,25310.9515096446,25206.3186007348,0.0000000000,369.7569786700,474.3898875799,20752.3982839029,1576.3919199146,1619.6023133975,0.0000000000,0.0000000000,1507.0619510978,10800.0000000000
2025-04-26,12367.3190103622,292.0822880273,-0.9065934635,36.4974952906,12694.9922002166,12863.4212657716,25084.9000276407,25305.3231258376,17.1657440361,222.3755607850,1.9524625882,23241.0022581748,1619.6023133975,1211.3444114327,0.0000000000,0.0000000000,1200.0000000000,10800.0000000000
2025-04-27,30774.5979906497,3383.5753379987,-108.2427813922,453.8865763313,34503.8171235875,34378.3095964776,51129.6624394992,53187.7162313067,88.3418186112,2353.2523407269,295.1985489194,746.0997443020,1211.3444114327,1515.5641108643,0.0000000000,0.0000000000,1200.0000000000,10800.0000000000
2025-04-28,36476.9615315873,1138.7187363636,-338.9758515209,0.0000000000,37276.7044164300,37336.9444609744,62026.7280196915,62142.6636030129,0.0000000000,1208.5346472514,1092.5990639301,1878.2851076805,1515.5641108643,1369.5473048046,0.0000000000,0.0000000000,1222.0157271487,10800.0000000000
2025-04-29,31506.9020440632,1121.0107916726,-435.6523683095,3098.2179569169,35290.4784243432,35263.3730672049,52159.7460324752,51833.7584973799,444.1252805213,842.7659705612,1168.7535056565,1313.1140493371,1369.5473048046,1435.2484128695,0.0000000000,0.0000000000,1200.0000000000,10800.0000000000
2025-04-30,30528.2943036244,1102.9561130428,-92.2788545326,3262.1882595725,34801.1598217071,34857.6320886816,49877.7642415160,51228.7875356340,600.0625472153,1501.6779654366,150.6546713186,346.8019650138,1435.2484128695,1298.3643830364,0.0000000000,0.0000000000,1200.0000000000,10800.0000000000
2025-05-01,31906.7449955942,4614.8814176581,-219.1646918826,4301.0901703380,40603.5518917077,40643.4609629188,52314.7213743583,54915.1700246601,996.6040161187,3155.1547009436,554.7060506418,1418.1594122660,1298.3643830364,1201.6281479436,0.0000000000,0.0000000000,1200.0000000000,10800.0000000000
2025-05-02,13682.6796932678,1725.2396395171,-110.5173252598,4537.2238582957,19834.6258658208,19835.2975673002,27121.9439559280,28007.4113088240,1016.1888111790,1119.7058966016,234.2385437055,12175.0676899209,1201.6281479436,1200.0000000000,0.0000000000,0.0000000000,1200.0000000000,10800.0000000000
2025-05-03,12924.5301880398,1872.8821538698,-52.6690200742,4454.8984858811,19199.6418077165,19195.3591663224,26314.9050392255,27504.2565143089,804.2842954856,1301.4390321600,112.0875570766,16926.3099957650,1200.0000000000,1210.3807628729,0.0000000000,0.0000000000,1200.0000000000,10800.0000000000
2025-05-04,33764.2743382381,3450.3735671284,-1092.0799638373,4924.8916973518,41047.4596388810,41038.7373327895,56831.2094422626,55143.2947338637,1013.3069247029,1985.6672024105,3673.5819108094,952.3288819845,1210.3807628729,1231.5228999112,0.0000000000,0.0000000000,1200.0000000000,10800.0000000000
2025-05-05,35112.1198345744,3994.9852167412,-894.9562676821,1944.3646107477,40156.5133943812,40162.1740682322,58367.1575192973,58675.9773202458,411.2530395206,2325.4025167466,2016.5827157981,185.5948742236,1231.5228999112,1217.8019021578,0.0000000000,0.0000000000,1200.0000000000,10751.5228718905
2025-05-06,30613.5128097192,6196.6730674057,0.0000000000,5821.9969183805,42632.1827955054,42639.5270691400,50518.4963431589,55777.8426504196,1326.2952443358,5259.3463072608,0.0000000000,758.8958594231,1217.8019021578,1200.0000000000,0.0000000000,0.0000000000,1200.0000000000,10800.0000000000
2025-05-07,32869.0259436395,5092.3455200509,0.0000000000,2820.5549795652,40781.9264432555,40748.4084691615,53870.2524555144,58439.8679446007,602.0519505210,4569.6154890864,0.0000000000,223.4339703837,1200.0000000000,1281.2447527192,0.0000000000,0.0000000000,1200.0000000000,10729.9418916507
2025-05-08,36467.5295359534,2132.3296022509,-814.3612844758,496.1094343551,38281.6072880836,38306.2697082825,61707.9170630136,59492.3050797521,138.9216726305,1275.3174952457,3490.9294785072,154.4571579301,1281.2447527192,1221.4651185177,0.0000000000,0.0000000000,1200.0000000000,10800.0000000000
2025-05-09,13645.6684465516,534.7569640701,-32.4408423997,3062.3143628521,17210.2989310741,17103.6183410307,27040.4631544956,27313.1324265785,545.6549029431,343.5865367629,70.9172646800,16550.6901986844,1221.4651185177,1480.0499045104,0.0000000000,0.0000000000,1200.0000000000,10800.0000000000
2025-05-10,13458.3409550222,230.8581904305,-43.5542463717,5006.0616999312,18651.7065990122,18727.6325766302,26606.1181834818,26643.5827208589,1074.5057272177,130.2173832594,92.7528458823,13335.9137892059,1480.0499045104,1296.0117147550,0.0000000000,0.0000000000,1200.0000000000,10800.0000000000
2025-05-11,35272.6532380849,2344.0360837393,-420.3769595189,1050.2803548863,38246.5927171916,38228.9408868181,59346.8469510443,59162.5344391116,151.9776368828,1530.2631551429,1714.5756670756,140.3097018532,1296.0117147550,1338.7982683131,0.0000000000,0.0000000000,1200.0000000000,10797.2907651213
2025-05-12,31522.4683062227,4875.7602288217,0.0000000000,0.0000000000,36398.2285350444,36244.0541090032,51545.7614500011,56068.2706026998,0.0000000000,4522.5091526987,0.0000000000,433.9932863050,1338.7982683131,1712.5041219006,0.0000000000,0.0000000000,1338.7982683131,10800.0000000000
2025-05-13,36419.9379375745,2428.8639509031,-1270.8992609237,0.0000000000,37577.9026275539,37510.1232056324,61871.0213220560,58211.0129326926,0.0000000000,1642.8781198808,5302.8865092442,1365.6583579240,1712.5041219006,1876.7957451955,0.0000000000,0.0000000000,1437.9544098490,10800.0000000000
2025-05-14,36283.0403236644,1329.6378782194,-1147.2633328377,0.0000000000,36465.4148690461,36614.8765633588,59326.0237442887,56630.8432139207,0.0000000000,810.1363249739,3505.3168553420,428.5776825048,1876.7957451955,1514.5131573113,0.0000000000,0.0000000000,1444.8852493751,10778.2712871652
2025-05-15,36924.4131401706,402.4334927047,-1269.9125088541,997.2510587884,37054.1851828095,37080.8027984077,58604.5335492437,56678.5470652049,225.6366913402,594.2324702592,2520.2189542980,483.7279910406,1514.5131573113,1449.9942937551,0.0000000000,0.0000000000,1200.0000000000,10800.0000000000
2025-05-16,14589.2029067430,0.0000000000,-711.3466527076,1687.4910444948,15565.3472985303,15668.4838332761,27186.4338991442,25866.2906365681,437.6446228621,0.0000000000,1320.1432625761,21498.7150338327,1449.9942937551,1200.0000000000,0.0000000000,0.0000000000,1200.0000000000,10800.0000000000
2025-05-17,14584.5806782027,47.4001431389,-383.4813363769,3051.2795624876,17299.7790474524,17258.2326672070,27552.2615479562,26885.3129942456,515.6276300093,37.2106525560,704.1592062666,14458.8094627591,1200.0000000000,1300.7049346103,0.0000000000,0.0000000000,1200.0000000000,10800.0000000000
2025-05-18,38271.6992473840,0.0000000000,-1595.6860578623,35.3186983333,36711.3318878551,36648.5419518033,63825.9630623725,58295.7788096159,5.2366666667,0.0000000000,5530.1842527567,824.9751823435,1300.7049346103,1452.9024634187,0.0000000000,0.0000000000,1262.8383530740,10800.0000000000
2025-05-19,34091.0866378865,555.4141776483,-635.3752131983,3189.0430854842,37200.1686878207,37234.1810499387,56301.1817990496,55049.2929151535,486.4999399413,473.7286869725,1725.6175708686,4613.0564797906,1452.9024634187,1370.4593556724,0.0000000000,0.0000000000,1200.0000000000,10800.0000000000
2025-05-20,34411.4173200937,1603.4945812350,-37.7135147917,932.5172812873,36909.7156678243,36937.9927804006,56386.0049099399,58220.5376793768,136.4408142124,1911.2918461667,76.7590767299,339.9473301301,1370.4593556724,1301.9180108875,0.0000000000,0.0000000000,1200.0000000000,10800.0000000000
2025-05-21,32881.4310219723,3084.5560390684,-518.4383289479,2430.7203748397,37878.2691069325,37886.1677521925,52416.3674859219,54830.6581985067,389.6243033955,3456.5907246534,1042.3000120686,585.5334534043,1301.9180108875,1282.7723584932,0.0000000000,0.0000000000,1200.0000000000,10800.0000000000
2025-05-22,34827.1126094178,243.6142182103,-445.0816054321,958.2614532572,35583.9066754532,35334.7444914197,55575.9233766976,55251.0888008931,137.4507465965,394.8686574444,719.7032332489,391.1912441353,1282.7723584932,1886.7205557196,0.0000000000,0.0000000000,1200.0000000000,10800.0000000000
2025-05-23,14103.9426519033,838.8738229520,-407.8523699400,918.7690866477,15453.7331915629,15527.8750700172,26662.6473440725,26574.5998305565,151.0776803535,612.8984922667,700.9460057827,18126.8923952179,1886.7205557196,1707.0068724207,0.0000000000,0.0000000000,1200.0000000000,10800.0000000000
2025-05-24,14975.9985415024,0.0000000000,-414.2050600220,303.5634681137,14865.3569495941,14661.6385632198,27575.8669325400,26808.0801881594,71.0730758664,0.0000000000,767.7867443807,20350.9346659481,1707.0068724207,2200.8031227221,0.0000000000,0.0000000000,1200.0000000000,10800.0000000000
2025-05-25,34711.2855309689,466.4985100704,-332.7336499598,0.0000000000,34845.0503910795,34902.9296564774,56752.6231889627,55738.8008975177,0.0000000000,376.9445140732,1390.7668055182,4051.0471344300,2200.8031227221,2060.5086469394,0.0000000000,0.0000000000,1498.7077690446,10800.0000000000
2025-05-26,33737.5685137554,3847.2504394872,-195.9019210211,0.0000000000,37388.9170322216,37466.3112599838,53838.7647133386,58464.8301685387,0.0000000000,4942.1327863925,316.0673311924,569.5830625220,2060.5086469394,1872.9115422099,0.0000000000,0.0000000000,1453.6558345319,10800.0000000000
2025-05-27,32626.7042020229,2093.5447858433,-430.1191196835,3323.1725652953,37613.3024334780,37738.8678256482,51363.5784021715,53548.2001457789,596.3467745673,2876.9615620171,692.3398184097,1837.6328785056,1872.9115422099,1568.5515827345,0.0000000000,0.0000000000,1200.0000000000,10800.0000000000
2025-05-28,36543.8788546339,651.1555829747,-978.7446346861,0.0000000000,36216.2898029225,36076.8849543997,60328.6625627365,57432.3938466731,0.0000000000,505.0112311473,3401.2799472108,1307.9648436852,1568.5515827345,1906.4572214916,0.0000000000,0.0000000000,1285.5147042310,10800.0000000000
2025-05-29,35748.2026314187,2185.3016969157,-414.8466285704,119.7776955833,37638.4353953474,37534.3045421394,58320.8071916370,59345.5420544863,17.8174333333,2820.6419064346,1795.9070435852,1305.7758544867,1906.4572214916,2158.8616596472,0.0000000000,0.0000000000,1442.8533415538,10800.0000000000
2025-05-30,14788.5478225401,107.4701414624,-428.9015197816,0.0000000000,14467.1164442209,14526.1921243766,27086.1359211758,26426.4320358388,0.0000000000,80.4697544259,740.1736397628,17640.9585618279,2158.8616596472,2015.6671750251,0.0000000000,0.0000000000,1379.8492506287,10800.0000000000
2025-05-31,16292.4115231624,0.0000000000,-985.1289944622,0.0000000000,15307.2825287002,15310.0225257038,29468.1623102616,27491.5175555275,0.0000000000,0.0000000000,1976.6447547341,16697.9478526428,2015.6671750251,2009.0256525279,0.0000000000,0.0000000000,1442.6176745531,10800.0000000000
2025-06-01,45190.7873080978,8251.4800736015,-2015.6697239633,5348.8558757703,56775.4535335063,57109.2215610437,74116.5879627371,73349.3984172112,1369.6272325171,4875.5560296896,5642.7455752155,573.3513513446,2009.0256525279,1200.0000000000,0.0000000000,0.0000000000,1200.0000000000,10297.7573748407
2025-06-02,46350.5627572235,6689.3147810445,-2334.5407195628,4321.3897470645,55026.7265657697,55026.7265657697,75693.1633200647,71527.9969003705,1216.4885088815,3677.5206276275,7842.6870473217,60.7388857335,1200.0000000000,1200.0000000000,0.0000000000,0.0000000000,1200.0000000000,10081.1119491315
2025-06-03,42418.9234722960,9401.5139189821,-778.5765480891,617.7669363358,51659.6277795248,51659.6277795248,69703.2050993697,72475.3955393975,175.6181959128,5912.8001877962,3140.6097477683,698.4885992707,1200.0000000000,1200.0000000000,0.0000000000,0.0000000000,1200.0000000000,10458.9665013293
2025-06-04,49214.0870575504,3026.6485942678,-2862.2369083969,3012.0969539232,52390.5956973445,52390.5956973445,80010.3687274258,72896.1858941949,879.4988000807,1832.2999898883,8946.4828231192,217.4438018988,1200.0000000000,1200.0000000000,0.0000000000,0.0000000000,1200.0000000000,10549.3645997599
2025-06-05,41109.4992460696,10085.6000026761,-212.5773876376,2609.9214399662,53592.4433010743,53592.4433010743,68538.6890515409,74352.4326389486,891.4909960597,6686.7289644152,872.9853770075,120.1610946054,1200.0000000000,1200.0000000000,0.0000000000,0.0000000000,1200.0000000000,10630.0673719097
2025-06-06,17633.6496499203,8282.7496441572,-640.0846205239,503.3051798082,25779.6198533618,25779.6198533618,31527.4358239477,35367.8824981162,237.4974091793,5201.8921749259,1361.4455007574,2215.1587951561,1200.0000000000,1200.0000000000,0.0000000000,0.0000000000,1200.0000000000,10800.0000000000
2025-06-07,18276.6462112057,5223.0603590979,-259.9846233065,0.0000000000,23239.7219469970,23144.4139494487,34455.2809701828,36825.7493738927,0.0000000000,3303.1672214655,932.6988177556,2769.1178115063,1200.0000000000,1431.0185774131,0.0000000000,0.0000000000,1200.0000000000,10800.0000000000
2025-06-08,42944.2943467022,5643.9348983706,-1129.6613125262,157.6546442035,47616.2225767500,47476.3926826818,70302.5869353242,69214.8438568429,23.3376534102,3618.8228233133,4706.5659017946,242.3140708759,1431.0185774131,1769.9544908561,0.0000000000,0.0000000000,1431.0185774131,10640.2719200960
2025-06-09,48724.7932242877,2251.0372453280,-1436.2624035206,550.1658772247,50089.7339433197,50178.6996698640,78139.0100609873,75252.8558369295,81.4214103610,1328.4338165344,4214.5880405922,349.7474777291,1769.9544908561,1554.3090454214,0.0000000000,0.0000000000,1239.9410767945,10572.1921535968
2025-06-10,44870.7142564335,3329.9075468184,-164.3403069245,2661.2915806198,50697.5730769472,50843.7452420194,72557.5919387802,74981.9313871226,679.7846182823,3051.2970403899,626.9575920474,148.8058226840,1554.3090454214,1200.0000000000,0.0000000000,0.0000000000,1200.0000000000,10500.6032956699
2025-06-11,49503.7432163505,3651.1407635968,-339.2852018197,1863.5552643122,54679.1540424398,54527.5683362959,79026.6853202545,80722.7153492337,372.5748882016,2471.4597690334,775.4297400542,162.6873426257,1200.0000000000,1567.4310140842,0.0000000000,0.0000000000,1200.0000000000,10715.7986595181
2025-06-12,47741.8137061463,2377.9292160139,-424.2472909747,69.4974850921,49764.9931162777,49884.1858810828,76787.4875561912,76993.5033016492,10.3120163578,1215.6648497980,1009.6491043400,523.8615495964,1567.4310140842,1278.5177678558,0.0000000000,0.0000000000,1233.2637349525,10724.8244581928
2025-06-13,19437.7838800688,1875.5767467550,-96.3761451642,0.0000000000,21216.9844816595,20956.1028219759,34223.5978603983,35159.6580034596,0.0000000000,1164.1867368950,228.1265938337,3576.0263001160,1278.5177678558,1910.8729892812,0.0000000000,0.0000000000,1278.5177678558,10800.0000000000
2025-06-14,19326.9757241662,1637.0760374982,-457.5783694914,449.2485798183,20955.7219719912,21204.4814651050,33303.1331820857,33187.7221225010,178.9064559106,894.6675014116,1010.0785609963,5318.8795515779,1910.8729892812,1307.9008810064,0.0000000000,0.0000000000,1200.0000000000,10800.0000000000
2025-06-15,46210.5705818883,3035.6200569113,-357.8178243541,196.5305130627,49084.9033275082,48799.7998678984,73809.4147534065,77133.8187122969,29.1472459201,4004.9341339942,680.5301751038,1423.4086636366,1307.9008810064,1998.9677101170,0.0000000000,0.0000000000,1307.9008810064,10800.0000000000
2025-06-16,47791.2290857472,1886.4176059083,-239.2638856807,302.1729538132,49740.5557597880,49802.7452778763,76243.1202185092,77875.8432452669,55.0556161324,2200.9560164816,568.2329897238,953.4709412404,1998.9677101170,1848.2255439992,0.0000000000,0.0000000000,1200.0000000000,10800.0000000000
2025-06-17,49376.1466772947,1641.7916745732,-452.5082484919,1313.2054526372,51878.6355560131,52039.9883752727,78606.0083604440,79698.9466790396,204.7199374004,1962.4627024473,869.5243838517,1192.7897081681,1848.2255439992,1457.1198684442,0.0000000000,0.0000000000,1200.0000000000,10800.0000000000
2025-06-18,49703.4413466980,889.0488654637,-1465.1989183180,992.9913918818,50120.2826857255,50058.3995958406,79911.1713628430,77437.1227629873,146.0728936223,948.9637596896,3423.0123595452,2350.5460432571,1457.1198684442,1607.1192783459,0.0000000000,0.0000000000,1200.0000000000,10800.0000000000
2025-06-19,46478.4703128843,4446.9186039364,-1388.2768702782,1012.1001655758,50549.2122121184,50509.7723950427,75045.1045158558,75236.4987054632,150.2494150270,4114.9513853661,3923.5571957587,2789.1401482419,1607.1192783459,1702.7180808454,0.0000000000,0.0000000000,1231.9665936205,10800.0000000000
2025-06-20,20832.0218372842,0.0000000000,-1021.1276000249,1740.0275552994,21550.9217925587,21657.8801857839,35177.0972526760,33339.9208388322,311.3108038775,0.0000000000,1837.1764138438,9137.7441516829,1702.7180808454,1443.4599232837,0.0000000000,0.0000000000,1200.0000000000,10800.0000000000
2025-06-21,20535.1367827401,0.0000000000,-572.5183257680,0.0000000000,19962.6184569721,19678.6660783964,35488.1809917344,34453.8159639470,0.0000000000,0.0000000000,1034.3650277875,11928.9305910283,1443.4599232837,2131.7366286921,0.0000000000,0.0000000000,1443.4599232837,10800.0000000000
2025-06-22,45299.9689058119,3555.7489160246,-891.4076526151,250.3600949552,48214.6702641766,48197.6946478683,73123.7211788864,73693.7705218449,36.5717469095,3280.0844633044,2710.0351203459,2248.1425227445,2131.7366286921,2172.8840961781,0.0000000000,0.0000000000,1416.3126368429,10800.0000000000
2025-06-23,46774.8198345073,0.0000000000,-895.8847001902,269.9947866097,46148.9299209268,46337.5058015804,74158.3404022668,72053.5795495224,39.3453371891,0.0000000000,2104.7608527444,1393.1590589527,2172.8840961781,1715.7920073329,0.0000000000,0.0000000000,1254.5705171548,10800.0000000000
2025-06-24,54494.7255532887,748.6413758963,-1191.1064243656,0.0000000000,54052.2605048194,53789.2408541483,86115.2868371358,83728.3640845750,0.0000000000,692.8850331641,3079.8077857249,2226.6969485196,1715.7920073329,2353.3295392584,0.0000000000,0.0000000000,1355.4873717953,10800.0000000000
2025-06-25,47149.3766126184,2754.3493019872,-953.3655068046,414.0896784964,49364.4500862974,49598.9490416278,76135.0563484054,76556.2601290667,60.8363331948,2445.4679343457,2024.2641536844,2690.4265296711,2353.3295392584,1784.9237762707,0.0000000000,0.0000000000,1200.0000000000,10800.0000000000
2025-06-26,46501.5560942506,1230.1778147624,-592.2435276086,782.5182902478,47922.0086716523,47896.4333851418,73719.8756611270,74287.1148268504,115.9881173159,1516.9231335376,949.6839678143,2858.9829091117,1784.9237762707,1846.9161217042,0.0000000000,0.0000000000,1345.8255385160,10800.0000000000
2025-06-27,21678.1415083264,0.0000000000,-1474.6531956455,483.1780415647,20686.6663542456,20616.6246034195,36808.0003128520,33826.4267097710,69.2629073344,0.0000000000,2981.5736030811,11481.0712934543,1846.9161217042,2016.6914401621,0.0000000000,0.0000000000,1200.0000000000,10800.0000000000
2025-06-28,20799.6612232506,0.0000000000,-907.0895450941,274.8235402928,20167.3952184493,20240.8681651212,35400.2914903368,33843.4933595710,59.6127518501,0.0000000000,1556.7981307659,9879.7953924726,2016.6914401621,1838.5991912940,0.0000000000,0.0000000000,1200.0000000000,10800.0000000000
2025-06-29,45136.0722486941,5836.2101566700,-945.3183963332,2333.8461465622,52360.8101555931,52223.2337188660,72833.2418542700,76771.0752971586,338.1388290150,5614.2888090295,1676.4553661408,3474.2255073246,1838.5991912940,2172.0729134980,0.0000000000,0.0000000000,1200.0000000000,10800.0000000000
2025-06-30,48974.8823932287,213.5821379100,-1019.6139110744,1096.0729179167,49264.9235379810,49403.9060222286,78212.7490838974,76237.7879728227,162.4089327110,144.7291958029,2119.6903068776,2720.8965355498,2172.0729134980,1835.1910502530,0.0000000000,0.0000000000,1432.6392404077,10800.0000000000
2025-07-01,42928.6218922257,16055.9902271937,0.0000000000,932.2797941209,59916.8919135403,60178.9435101613,69018.1001234760,82062.8296915750,253.3800333340,13044.7295680990,0.0000000000,86.5092624231,1835.1910502530,1200.0000000000,0.0000000000,0.0000000000,1200.0000000000,9873.2235015081
2025-07-02,41592.5403438339,10997.9616933822,0.0000000000,4998.5261667469,57589.0282039630,57589.0282039630,65712.9067734599,75783.7345835339,1153.8221492586,10070.8278100740,0.0000000000,146.5245343731,1200.0000000000,1200.0000000000,0.0000000000,0.0000000000,1200.0000000000,10388.5018678282
2025-07-03,46746.7422221128,11902.9828046039,-57.9263655851,1431.9116918142,60023.7103529457,60023.4099421233,75200.8363249932,83816.9676876961,431.9346219448,8864.5963524790,248.4649897762,407.8008118604,1200.0000000000,1200.7281705903,0.0000000000,0.0000000000,1200.0000000000,10800.0000000000
2025-07-04,19079.1963038740,6463.6659345517,0.0000000000,8484.5124433478,34027.3746817734,34027.6750925958,33577.8134404906,37959.6005864405,3103.6223232304,4381.7871459500,0.0000000000,9801.9044095476,1200.7281705903,1200.0000000000,0.0000000000,0.0000000000,1200.0000000000,10800.0000000000
2025-07-05,19658.0027688508,7700.9256681846,0.0000000000,4026.3026988989,31385.2311359343,31385.2311359343,34724.6953250089,39960.7148955192,1765.4249889508,5236.0195705103,0.0000000000,10473.4115649860,1200.0000000000,1200.0000000000,0.0000000000,0.0000000000,1200.0000000000,10800.0000000000
2025-07-06,43945.5839965377,15053.0133790123,0.0000000000,3846.0484093685,62844.6457849184,62844.6457849184,69514.8180410099,83726.9302391661,942.0372393645,14212.1121981562,0.0000000000,405.1417214744,1200.0000000000,1200.0000000000,0.0000000000,0.0000000000,1200.0000000000,10800.0000000000
2025-07-07,44120.2030579250,6393.6434214385,-44.1612625336,11545.0907785630,62014.7759953929,62014.7759953929,70364.7018005807,75685.7304351994,2430.5357088713,5510.3401636143,189.3115289955,799.0319667254,1200.0000000000,1200.0000000000,0.0000000000,0.0000000000,1200.0000000000,10800.0000000000
2025-07-08,51582.2595120753,2394.9793727819,-824.4145303445,596.4338458157,53749.2582003283,53596.5978000693,82111.0041527328,80388.2873306934,87.5076635307,1637.7978121798,3360.5146342192,315.6745503607,1200.0000000000,1570.0359823137,0.0000000000,0.0000000000,1200.0000000000,10800.0000000000
2025-07-09,51053.0341916364,1372.3754880900,-1317.3968056771,1586.4897315703,52694.5026056195,52827.8689023849,81870.2372647173,78462.0836392777,265.0581614597,890.5006967316,4298.6543221712,814.2343196417,1570.0359823137,1246.7672856025,0.0000000000,0.0000000000,1200.0000000000,10800.0000000000
2025-07-10,47713.8879071910,2725.8124656088,-99.5574611107,1589.4821848386,51929.6250965277,51901.6874167767,75013.5777798940,77117.6527659590,363.2153831212,2526.7389373738,422.6639513088,391.7527324234,1246.7672856025,1314.4858737412,0.0000000000,0.0000000000,1200.0000000000,10800.0000000000
2025-07-11,24570.9512390407,1087.8660045036,-565.9911661139,2317.7736294025,27410.5997068328,27457.8314900774,41242.2121583944,40855.2721251844,515.8118428866,873.0324939403,1259.9725271504,6327.4602214432,1314.4858737412,1200.0000000000,0.0000000000,0.0000000000,1200.0000000000,10800.0000000000
2025-07-12,23456.8521251917,2972.7743810049,0.0000000000,0.0000000000,26429.6265061966,26368.0556596392,40181.9043766307,42308.0470097647,0.0000000000,2126.1426331340,0.0000000000,8476.2569800868,1200.0000000000,1349.2425583131,0.0000000000,0.0000000000,1200.0000000000,10800.0000000000
2025-07-13,52132.4031024444,1387.8095298222,-3078.0273944697,2362.2076845708,52804.3929223677,52862.8800442247,81564.9526357446,73036.8902038006,396.7567312286,696.5514349068,9224.6138668509,374.0329258187,1349.2425583131,1207.4746895511,0.0000000000,0.0000000000,1200.0000000000,10693.8937382234
2025-07-14,47689.9554525798,3842.6673399607,-730.5311009246,199.7448323545,51001.8365239704,50803.5553016241,76965.6852047408,76662.7733818855,29.6603704111,2762.4907904946,3065.4026133499,554.6555508153,1207.4746895511,1688.0917111286,0.0000000000,0.0000000000,1207.4746895511,10800.0000000000
2025-07-15,53202.1921307909,868.7657832049,-2183.9228522656,1340.8610858991,53227.8961476293,53147.5756671053,84656.2664409337,77479.6078021390,192.2105914420,431.7014618122,7608.3601006068,1038.4420886955,1688.0917111286,1882.7818066620,0.0000000000,0.0000000000,1200.0000000000,10800.0000000000
2025-07-16,51647.0065555548,133.1115176975,-848.9141796067,62.3429231746,50993.5468168202,50840.9814568843,80680.7643383499,77826.7112238205,9.2271032598,89.3831538255,2943.4362683548,1557.2178112762,1882.7818066620,2252.5874192188,0.0000000000,0.0000000000,1600.5503715436,10800.0000000000
2025-07-17,49925.4298136644,1067.6853246323,-792.4366405706,438.1738706984,50638.8523684245,50929.6957658742,78705.3977891306,77238.9188525974,64.2845928550,998.7953049892,2465.2742415225,1225.5945185146,2252.5874192188,1547.6074631057,0.0000000000,0.0000000000,1224.4631920683,10800.0000000000
2025-07-18,27492.3508156649,0.0000000000,-1223.1548349253,0.0000000000,26269.1959807396,26006.5424103064,45364.9635081663,42290.3221243000,0.0000000000,0.0000000000,3074.6413838663,7850.0175714222,1547.6074631057,2184.2576472961,0.0000000000,0.0000000000,1547.6074631057,10800.0000000000
2025-07-19,27518.8912704943,0.0000000000,-1192.2499356080,0.0000000000,26326.6413348862,26495.3322755377,44755.0575634768,41938.4776702041,0.0000000000,0.0000000000,2816.5798932726,12800.3680730808,2184.2576472961,1775.3649821026,0.0000000000,0.0000000000,1364.1093591560,10800.0000000000
2025-07-20,53401.5555903800,358.1334696159,-1667.3664027424,31.0567210839,52123.3793783374,51904.7915894103,85188.6471544539,79549.7678999502,4.4519382288,238.8715438356,5877.7507983393,3103.3222886400,1775.3649821026,2305.2034147297,0.0000000000,0.0000000000,1775.3649821026,10800.0000000000
2025-07-21,54026.7450105648,527.4578110389,-1141.8309747867,0.0000000000,53412.3718468169,53221.3049906405,85322.5618012516,81734.3516558147,0.0000000000,291.8712563408,3880.0814017777,3369.8906035285,2305.2034147297,2768.3334189280,0.0000000000,0.0000000000,1963.7213474972,10800.0000000000
2025-07-22,53109.2722319970,1138.7315942205,-1429.5843440446,1341.2042590450,54159.6237412178,54544.2326882203,83060.9636868597,81406.6402615535,198.5998457469,1539.3428640670,3193.6662893731,4891.9188754483,2768.3334189280,1836.0736497325,0.0000000000,0.0000000000,1200.0000000000,10800.0000000000
2025-07-23,60629.5001021178,0.0000000000,-4582.1827041433,867.4716550939,56914.7890530683,56854.1539230010,94402.0050872673,81391.0083735985,128.6019831140,0.0000000000,13010.9967136687,2987.2126625971,1836.0736497325,1983.0481099010,0.0000000000,0.0000000000,1241.5917999151,10800.0000000000
2025-07-24,59781.6451474167,0.0000000000,-4372.4365558684,141.8857725164,55551.0943640647,55377.8641637562,93015.3039346751,80635.4799999048,21.0470306907,0.0000000000,12379.8239347702,2760.5106448703,1983.0481099010,2402.9435590732,0.0000000000,0.0000000000,1462.3329962405,10800.0000000000
2025-07-25,26511.7812539273,0.0000000000,-1025.0085493269,0.0000000000,25486.7727046004,25597.9598022054,43611.0746451289,41636.4414458262,0.0000000000,0.0000000000,1974.6331993027,12953.0948657790,2402.9435590732,2133.4353774290,0.0000000000,0.0000000000,1287.8255063350,10800.0000000000
2025-07-26,26533.1310617341,0.0000000000,-929.6069348709,1106.6138973814,26710.1380242445,26734.2371017597,44218.0651010854,42528.1869807688,164.1057263350,0.0000000000,1689.8781203165,11750.2515622814,2133.4353774290,2075.0212385556,0.0000000000,0.0000000000,1200.0000000000,10800.0000000000
2025-07-27,53634.8906779237,83.9229795864,-1598.3903624838,0.0000000000,52120.4232950262,52150.8044169804,84531.6864633750,79545.2763508742,0.0000000000,41.7527261624,5028.1628386632,1857.5290607611,2075.0212385556,2001.3799518368,0.0000000000,0.0000000000,1222.2769846252,10800.0000000000
2025-07-28,55354.2652683209,120.4397429326,-755.4437135834,0.0000000000,54719.2612976701,54472.3728964775,87323.2162673989,85494.4315951944,0.0000000000,93.1549261494,1921.9395983538,2744.3245763619,2001.3799518368,2599.8166905207,0.0000000000,0.0000000000,1365.5077314520,10800.0000000000
2025-07-29,54389.3927486590,2110.0623816688,-1380.4586462058,1394.3258078157,56513.3222919377,56664.1443637000,85450.9929096816,84566.4799670225,208.7878128645,2200.6956126421,3085.2085553012,5207.3167500025,2599.8166905207,2234.2366620100,0.0000000000,0.0000000000,1200.0000000000,10800.0000000000
2025-07-30,50025.0724522125,4357.1720946204,-685.3958373282,0.0000000000,53696.8487095047,53612.7424143356,78249.7057091795,81994.1277796755,0.0000000000,4856.3770093065,1111.9549388106,3709.3361564039,2234.2366620100,2438.1032541247,0.0000000000,0.0000000000,1392.9745809137,10800.0000000000
2025-07-31,51795.9875673287,894.1263153846,-584.8820206100,206.6950171160,52311.9268792193,52365.8686316401,81852.5697026250,81651.1744503067,30.7150036659,869.1953450093,1070.5905973275,2926.8560517011,2438.1032541247,2307.3529789329,0.0000000000,0.0000000000,1260.7021689612,10800.0000000000
2025-08-01,26283.7897673139,0.0000000000,-1050.3153952604,0.0000000000,25233.4743720535,25083.9007853943,43155.2365819419,40988.7883567373,0.0000000000,0.0000000000,2166.4482252046,16963.1664572446,2307.3529789329,2669.9067844628,0.0000000000,0.0000000000,1475.5476109158,10800.0000000000
2025-08-02,26656.7461821156,0.0000000000,-1260.8074714320,177.2396576881,25573.1783683716,25720.9514530200,43644.3564410924,41035.1527011927,31.5219249949,0.0000000000,2609.2037398997,18085.2058846969,2669.9067844628,2311.7172445125,0.0000000000,0.0000000000,1200.0000000000,10800.0000000000
2025-08-03,44534.4226020727,0.0000000000,-463.0561806105,384.7868114367,44456.1532328989,44708.1499937731,68737.5404201445,67495.8329351220,57.0985275016,0.0000000000,1241.7074850225,1701.2607418792,2311.7172445125,1700.8982712113,0.0000000000,0.0000000000,1296.5836579339,10800.0000000000
2025-08-04,47804.6043338777,1333.1354912524,-1209.8894402279,0.0000000000,47927.8503849022,47576.5983695264,73916.4687223819,71604.9813053433,0.0000000000,1017.9333551356,3329.4207721742,1673.8666939256,1700.8982712113,2552.3036410962,0.0000000000,0.0000000000,1700.8982712113,10800.0000000000
2025-08-05,45964.8547234763,794.7825373361,-436.6910019352,0.0000000000,46322.9462588772,46472.2368512133,71208.9421156806,71145.0120788999,0.0000000000,1132.4643582276,1196.3943950083,2724.7588247119,2552.3036410962,2190.4357900257,0.0000000000,0.0000000000,1756.1798042487,10800.0000000000
2025-08-06,51417.4560362130,0.0000000000,-2364.6124997747,89.9947562950,49142.8382927333,49383.4528374430,79029.0755990700,73140.3364196828,13.3197300814,0.0000000000,5888.7391793871,1893.8233571150,2190.4357900257,1607.2063522699,0.0000000000,0.0000000000,1297.5324264115,10800.0000000000
2025-08-07,50470.9154006910,547.4826372067,-3020.9200103031,1038.0337659970,49035.5117935916,49052.3295361507,81013.0495783587,70307.6456787825,151.3964987653,422.9942290547,11128.3981286309,3442.6041591303,1607.2063522699,1566.4415574860,0.0000000000,0.0000000000,1200.0000000000,10800.0000000000
2025-08-08,24210.9302331662,0.0000000000,-360.1250412326,0.0000000000,23850.8051919336,23718.8662796802,41165.0371631490,40522.7293111914,0.0000000000,0.0000000000,642.3078519576,21845.6660157843,1566.4415574860,1886.2503940820,0.0000000000,0.0000000000,1307.6161435571,10800.0000000000
2025-08-09,24071.7963413214,0.0000000000,-333.2735934297,0.0000000000,23738.5227478917,23815.1094935655,40480.3809731940,39912.3453437817,0.0000000000,0.0000000000,568.0356294123,18694.4139021187,1886.2503940820,1700.6105580831,0.0000000000,0.0000000000,1408.4656074311,10800.0000000000
2025-08-10,46785.0382613092,0.0000000000,-803.2005141413,341.8346155153,46323.6723626832,46334.0059890612,72715.5599085862,70731.0560816966,50.1498446473,0.0000000000,1984.5038268896,1901.4283788237,1700.6105580831,1675.5627160681,0.0000000000,0.0000000000,1323.0154821904,10800.0000000000
2025-08-11,44554.9283719190,1522.4281280362,-990.2002297547,5192.2563372568,50279.4126074573,50404.1946699028,70646.1884305169,69118.8454732164,768.4758642921,1311.7981813255,2839.1411386259,1898.1186713151,1675.5627160681,1373.1014820228,0.0000000000,0.0000000000,1200.0000000000,10800.0000000000
2025-08-12,48049.9784799510,1458.8498300070,-1117.3237734521,358.8685293964,48750.3730659023,48558.0330899982,76806.2738704961,73075.1791249385,53.2833081371,1007.1427063411,4738.2374518987,1318.0613735368,1373.1014820228,1839.3174214618,0.0000000000,0.0000000000,1373.1014820228,10800.0000000000
2025-08-13,43505.6263661054,2763.3631223571,-87.9026375338,840.8190197953,47021.9058707240,47066.3642368080,68841.3955207484,71682.1881477359,123.6394348232,3039.4633499623,198.6707229748,2099.7629768117,1839.3174214618,1731.5540778700,0.0000000000,0.0000000000,1259.1024397044,10800.0000000000
2025-08-14,45270.0021588605,2309.7306804124,-581.1576186369,769.7247784119,47768.2999990479,47774.4439969103,70410.7284462945,71644.5107700323,112.8411963233,2937.7086987289,1703.9263749912,1849.3408663770,1731.5540778700,1716.6615433262,0.0000000000,0.0000000000,1336.5733219359,10800.0000000000
2025-08-15,24034.7124677872,0.0000000000,-1038.4000403911,2766.4118802173,25762.7243076134,25914.4533600342,40241.1445370022,38232.1080215697,450.2110778635,0.0000000000,2009.0365154325,19246.2755393106,1716.6615433262,1348.8830699120,0.0000000000,0.0000000000,1200.0000000000,10800.0000000000
2025-08-16,25285.6239112430,172.8870053635,-1505.1418671176,3344.9190014259,27298.2880509147,27260.1821759980,41576.3973630314,38523.4274671576,506.6131235670,139.7152852948,3192.6851811686,19460.7701781478,1348.8830699120,1441.2485087081,0.0000000000,0.0000000000,1200.0000000000,10800.0000000000
2025-08-17,46089.6264698608,615.7850867453,-1065.9952612967,899.0738499049,46538.4901452143,46492.5811484825,73647.1426843824,69429.4888709849,133.4311852194,413.0109356976,4630.6647490952,2539.4173328614,1441.2485087081,1552.5280590949,0.0000000000,0.0000000000,1205.8555589868,10800.0000000000
2025-08-18,44975.4513258025,786.5672241725,-766.2488096337,2744.1035843739,47739.8733247152,47735.7988781096,70329.4194546344,68963.7406223468,435.3529376347,936.4057220346,2302.0845543222,1037.6529749584,1552.5280590949,1562.4041752949,0.0000000000,0.0000000000,1200.0000000000,10800.0000000000
2025-08-19,44340.7930757418,0.0000000000,-369.9377103367,2334.5537849857,46305.4091503908,46367.0803393502,69299.1673449218,68160.7661028334,387.9258607854,0.0000000000,1138.4012420884,665.1792622973,1562.4041752949,1412.9183954309,0.0000000000,0.0000000000,1200.0000000000,10800.0000000000
2025-08-20,48564.5659603370,5368.7210790725,-1553.8040308209,367.8520311433,52747.3350397320,52503.5001868953,78292.6274581607,75573.6333192633,54.5089467687,3147.9503207700,5866.9444596674,498.8201651314,1412.9183954309,2003.9535894869,0.0000000000,0.0000000000,1412.9183954309,10800.0000000000
2025-08-21,46159.8371258972,165.7247879212,-1431.1968349562,3602.3631679351,48496.7282467972,48783.0452646812,73293.9844236895,68275.5849346097,548.9653310780,140.2015769118,5158.6010659915,143.7978374505,2003.9535894869,1309.9451970937,0.0000000000,0.0000000000,1200.0000000000,10800.0000000000
2025-08-22,23527.0398992565,815.0451468841,-389.5706565454,2072.1861488222,26024.7005384175,25991.3026199833,39665.3856469169,39329.7419763251,426.8252309300,523.4862714318,859.1299420236,15841.6123189738,1309.9451970937,1390.8989449817,0.0000000000,0.0000000000,1200.0000000000,10800.0000000000
2025-08-23,22508.7109500681,902.1769186873,-10.7793877860,236.6839234011,23636.7924043704,23685.0012008001,38848.1391721571,39479.7242465724,60.9695835655,654.4617650572,22.8766906419,14500.2096926762,1390.8989449817,1274.0448733772,0.0000000000,0.0000000000,1200.0000000000,10800.0000000000
2025-08-24,44955.7698583622,305.5937228107,-201.5862762754,31.7801469684,45091.5574518659,45045.0958198551,69416.1607627099,69174.7014358539,4.7187691617,260.6705825984,502.1299094543,1316.8486765888,1274.0448733772,1386.6639652427,0.0000000000,0.0000000000,1213.9035952064,10800.0000000000
2025-08-25,57460.7602358691,495.6289062222,-5042.0869514724,590.3872177790,53504.6894083979,53527.9664158749,90998.9129501219,75232.7418485334,88.5911970586,246.5400140522,16012.7111156407,640.2614264908,1386.6639652427,1330.2424550639,0.0000000000,0.0000000000,1200.0000000000,10800.0000000000
2025-08-26,45312.0136272249,1280.0950944025,-13.6939902468,134.4782476276,46712.8929790082,46472.0200437234,69727.3920585962,71494.7118423128,19.6032669281,1789.1976471296,21.8778634130,1419.6973087451,1330.2424550639,1914.0982098616,0.0000000000,0.0000000000,1330.2424550639,10800.0000000000
2025-08-27,45135.4478250316,4612.9633857366,-528.4744526224,2540.7977192550,51760.7344774008,52026.4945851560,70221.8117097317,74014.2137643104,386.8711064402,5301.0546212750,1508.6525666963,3292.8360288087,1914.0982098616,1269.9180402421,0.0000000000,0.0000000000,1200.0000000000,10800.0000000000
2025-08-28,43939.9494230410,5571.1028889732,-39.7939160941,1206.9829941688,50678.2413900889,50641.6344771595,69645.2034616837,75484.7894216037,210.9271320904,5915.5360988687,75.9501389487,689.7213532054,1269.9180402421,1358.6501211376,0.0000000000,0.0000000000,1200.0000000000,10800.0000000000
2025-08-29,24894.2670416288,0.0000000000,-494.2049152718,1052.5992715654,25452.6613979225,25480.7572535562,41770.8205126333,40791.8668691188,159.4447952865,0.0000000000,978.9536435145,15667.5388295151,1358.6501211376,1290.5481279507,0.0000000000,0.0000000000,1200.0000000000,10800.0000000000
2025-08-30,23856.4223782592,0.0000000000,-198.4504872192,379.0588782051,24037.0307692452,24074.3869024764,40288.3062536989,39805.0515981643,131.7763493247,0.0000000000,483.2546555346,18854.7892518738,1290.5481279507,1200.0000000000,0.0000000000,0.0000000000,1200.0000000000,10800.0000000000
2025-08-31,44801.1446788938,2105.5823599014,-58.5183785579,2259.7761981569,49107.9848583941,48904.8371995539,69200.0719452374,71069.4861751140,329.5119454049,1989.2155573354,119.8013274588,378.5944861888,1200.0000000000,1692.4128547164,0.0000000000,0.0000000000,1200.0000000000,10257.4648267780
2025-09-01,48663.1477469406,0.0000000000,-4006.5633638409,95.4161639250,44752.0005470247,44041.5581952321,78101.7349640402,65511.3363534962,14.1246500000,0.0000000000,12590.3986105440,6656.4847661283,1692.4128547164,3414.4654176395,0.0000000000,0.0000000000,1460.0871159415,10800.0000000000
2025-09-02,42511.8949232193,1826.6530756961,-1371.3377103270,18.8588227371,42986.0691113254,42777.8759964310,66390.0015894928,65689.9515537247,2.7891477833,2420.0336751500,3120.0837109181,7337.0437120450,3414.4654176395,3919.1080338662,0.0000000000,0.0000000000,1792.2424772026,10800.0000000000
2025-09-03,44958.5309703437,0.0000000000,-1940.9946989358,74.2088816667,43091.7451530746,43205.5787384316,69878.8199203533,64489.3894845262,11.0216666667,0.0000000000,5389.4304358271,5958.2021745312,3919.1080338662,3643.1849882930,0.0000000000,0.0000000000,1847.8877731975,10800.0000000000
2025-09-04,44705.1484345739,0.0000000000,-1806.8684896131,37.8917013571,42936.1716463178,42922.0957039587,68177.6354026460,64237.8729332669,5.6248350563,0.0000000000,3939.7624693791,6544.5977699070,3643.1849882930,3677.3038897830,0.0000000000,0.0000000000,1692.1297766502,10800.0000000000
2025-09-05,22614.0828001975,0.0000000000,-1967.2357755983,0.0000000000,20646.8470245992,20888.5757651339,37155.7866960589,33592.4176019612,0.0000000000,0.0000000000,3563.3690940977,24879.7890476550,3677.3038897830,3091.3737349723,0.0000000000,0.0000000000,1393.5454074995,10800.0000000000
2025-09-06,22688.0658112265,0.0000000000,-1464.8516975493,0.0000000000,21223.2141136772,20900.7087607291,37829.0827695462,35198.0366699559,0.0000000000,0.0000000000,2631.0460995903,24134.3422652033,3091.3737349723,3873.0996106882,0.0000000000,0.0000000000,1952.4581976302,10800.0000000000
2025-09-07,41970.9340545095,1964.9378596661,-1316.8659132447,0.0000000000,42619.0060009309,42751.7561697965,64091.1109690605,64442.5550622219,0.0000000000,2799.2140329495,2447.7699397881,6034.7729223454,3873.0996106882,3551.3243562337,0.0000000000,0.0000000000,1666.0358012835,10800.0000000000
2025-09-08,42006.7305651734,1654.9568315961,-870.5610266833,0.0000000000,42791.1263700861,43057.3718843375,66848.7102480893,65328.4305355518,0.0000000000,1596.8809833469,3117.1606958844,3038.6315046129,3551.3243562337,2905.9676020559,0.0000000000,0.0000000000,2023.8184868994,10800.0000000000
2025-09-09,38044.5831870688,1299.7565971510,-312.1981562295,0.0000000000,39032.1416279904,39120.7621334059,59101.6249584043,59784.8174501406,0.0000000000,1202.5915284066,519.3990366702,3158.7231508134,2905.9676020559,2691.1589436288,0.0000000000,0.0000000000,1711.1673655333,10800.0000000000
2025-09-10,43189.1485440576,2737.6328774509,-1655.5516086459,1462.1306876417,45733.3605005042,45859.0686564521,69571.7288236520,66818.4633487112,296.3760166667,2639.7596988366,5393.0251737774,2025.3253011981,2691.1589436288,2386.4529367527,0.0000000000,0.0000000000,1200.0000000000,10800.0000000000
2025-09-11,43346.6882383563,0.0000000000,-2570.9796081444,0.0000000000,40775.7086302119,40891.4878313535,68422.5015940382,60692.7484205024,0.0000000000,0.0000000000,7729.7531735358,3618.7415440765,2386.4529367527,2105.8138820059,0.0000000000,0.0000000000,1260.5706689392,10800.0000000000
2025-09-12,19660.6942151689,0.0000000000,-333.3574472177,0.0000000000,19327.3367679512,19074.4978705343,34262.8181028209,33700.7836654917,0.0000000000,0.0000000000,562.0344373291,18879.9850472434,2105.8138820059,2718.6741235229,0.0000000000,0.0000000000,2014.5498123916,10800.0000000000
2025-09-13,19246.6449470560,0.0000000000,-274.4449984172,0.0000000000,18972.1999486388,18847.6346779027,33444.0441214732,32981.0109189093,0.0000000000,0.0000000000,463.0332025639,22074.5442813541,2718.6741235229,3020.6098726812,0.0000000000,0.0000000000,2147.9308820107,10800.0000000000
2025-09-14,45816.2578897763,0.0000000000,-2705.4334717499,0.0000000000,43110.8244180264,43562.4328884852,72224.9495952411,64546.8119747770,0.0000000000,0.0000000000,7678.1376204642,1759.0593572492,3020.6098726812,1925.9488885366,0.0000000000,0.0000000000,1521.9486150003,10800.0000000000
2025-09-15,36622.8924302285,1188.6290092352,-62.5563635830,2778.4613772362,40527.4264531169,40736.8090721213,58086.2137136143,59041.3717226428,507.8427065710,1072.3739173160,117.2159082874,926.7406131710,1925.9488885366,1418.4230143001,0.0000000000,0.0000000000,1200.0000000000,10800.0000000000
2025-09-16,43012.6482816646,1242.7679344735,-1834.3913229144,55.3817476667,42476.4066408904,42564.9386722924,70121.5637986680,64242.0760205846,8.2382666667,699.9013285114,6579.3891065947,934.7131280557,1418.4230143001,1203.8288094473,0.0000000000,0.0000000000,1203.8288094473,10800.0000000000
2025-09-17,41106.8407722508,1326.4805360734,-957.5061450587,512.7147056806,41988.5298689461,41990.1094655548,65627.9116944017,63988.8428203406,147.7220371127,953.1685852910,2592.2374593521,150.4348770301,1203.8288094473,1200.0000000000,0.0000000000,0.0000000000,1200.0000000000,10691.2840648180
2025-09-18,37180.0416758133,4399.4703160161,-27.4806547443,1513.1898839871,43065.2212210722,43036.9495148812,59120.3443447556,64252.2808206350,295.4592944067,5188.2359254638,56.2994495844,1437.9611175478,1200.0000000000,1268.5282401615,0.0000000000,0.0000000000,1200.0000000000,10800.0000000000
2025-09-19,17658.7169545483,1623.5767887284,-291.1542205198,193.5553316981,19184.6948544549,19018.7768480953,31798.0928598963,32281.4535435906,46.4495636424,1062.3231951405,578.9625114462,13016.0701378349,1268.5282401615,1670.6995456385,0.0000000000,0.0000000000,1200.0000000000,10800.0000000000
2025-09-20,17559.9300865802,1030.8027154929,-279.6590098590,1518.5728631874,19829.6466554015,19851.2485646729,31637.0466157758,31649.8781183098,388.0430142902,620.6002486960,607.7687461620,13617.0984348186,1670.6995456385,1618.3383327533,0.0000000000,0.0000000000,1200.0000000000,10800.0000000000
2025-09-21,40025.3626948492,812.1764575806,-466.2520435818,785.4866763048,41156.7737851529,41266.3312983500,64867.2170222705,63380.1205814764,190.5445949782,535.8365362285,2022.9329770226,1697.5861779682,1618.3383327533,1352.7801267813,0.0000000000,0.0000000000,1200.0000000000,10800.0000000000
2025-09-22,41196.4778278743,4840.2400017293,-1700.4076372944,1227.5206955533,45563.8308878625,45615.9998933253,66703.4537886743,64092.6711009848,387.2349222847,2994.3555370105,5605.1382247000,14.5578646476,1352.7801267813,1226.3268412533,0.0000000000,0.0000000000,1200.0000000000,10451.2451197777
2025-09-23,40763.5252581018,3205.4265947102,-626.0726209386,3369.4534231383,46712.3326550116,46694.4337923355,66073.5317257081,65803.3655317742,691.8880176589,1840.4255626680,2110.5917566019,290.5555963235,1226.3268412533,1269.7121803553,0.0000000000,0.0000000000,1200.0000000000,10430.3766012240
2025-09-24,36198.3624084614,7184.8244513645,0.0000000000,1133.0238431515,44516.2107029774,44544.9708502729,58120.4150342371,64779.5570854070,279.9720242340,6659.1420511699,0.0000000000,35.6517796489,1269.7121803553,1200.0000000000,0.0000000000,0.0000000000,1200.0000000000,10594.7893507259
2025-09-25,38662.9471803286,5091.7008676872,-413.6328949433,1038.6282304450,44379.6433835175,44379.6433835175,62151.2284033545,64951.2278986188,422.4520922450,4684.0466803965,1884.0471851322,1106.2969335475,1200.0000000000,1200.0000000000,0.0000000000,0.0000000000,1200.0000000000,10800.0000000000
2025-09-26,16750.0344333787,1200.4546819660,-370.7557432105,3522.9807974990,21102.7141696332,21102.7141696332,30874.4537564077,30874.3858432645,832.5279322958,851.1912381242,851.2591512674,11187.0101075085,1200.0000000000,1200.0000000000,0.0000000000,0.0000000000,1200.0000000000,10800.0000000000
2025-09-27,16055.8866796517,2580.5848233694,-18.9929004969,7378.2277953999,25995.7063979241,25995.7063979241,30056.1062859594,31942.8945145996,1546.0475641071,1927.1736610212,40.3854323809,12848.2571146561,1200.0000000000,1200.0000000000,0.0000000000,0.0000000000,1200.0000000000,10800.0000000000
2025-09-28,38698.9182533977,7212.6633821627,-19.6102671837,102.4492466155,45994.4206149923,45994.4206149923,62728.5696612287,68547.5482507150,35.2826819998,5905.1586254506,86.1800359642,1044.1003719786,1200.0000000000,1200.0000000000,0.0000000000,0.0000000000,1200.0000000000,10758.6325368747
2025-09-29,40214.8807034063,3914.4832715000,-642.7463382079,9573.2038302893,53059.8214669877,53059.8214669877,65033.4562400554,64578.2929067181,1968.5401333879,2279.4342259560,2734.5975592934,33.1870226247,1200.0000000000,1200.0000000000,0.0000000000,0.0000000000,1200.0000000000,9664.5958561699
2025-09-30,40433.6152212691,5002.4701060408,-7.1361284679,4740.1973592342,50169.1465580763,50169.1465580763,64623.6493311270,68979.8237569806,1105.0156139139,4377.7990575746,21.6246317210,508.1843509175,1200.0000000000,1200.0000000000,0.0000000000,0.0000000000,1200.0000000000,10800.0000000000
2025-10-01,37426.5131792017,555.9679202176,-802.3106461583,0.0000000000,37180.1704532610,36858.3460451093,61137.9721422626,58424.7147395112,0.0000000000,476.2687535236,3189.5261562750,3970.8876054515,1200.0000000000,1980.0753227487,0.0000000000,0.0000000000,1200.0000000000,10800.0000000000
2025-10-02,41670.3825047025,361.3745701395,-2677.3607323757,0.0000000000,39354.3963424663,39117.4731822990,67135.2338114195,58226.8120680557,0.0000000000,191.2548184652,9099.6765618290,2009.7676664648,1980.0753227487,2554.3571545575,0.0000000000,0.0000000000,1650.6577436900,10800.0000000000
2025-10-03,14561.3088188987,1171.4431037764,-62.0423535840,153.3155045690,15824.0250736602,15958.5445871481,27670.0401519094,28479.2695695099,36.7927776744,923.0402171739,113.8107995734,18313.9838256340,2554.3571545575,2228.2931574148,0.0000000000,0.0000000000,1200.0000000000,10800.0000000000
2025-10-04,16301.1627680556,178.5832198081,-332.6373382513,678.2399688249,16825.3486184374,17012.6938008250,30310.5295306919,29816.3749306526,175.1003858490,162.1723380434,656.3269380827,14497.2698134122,2228.2931574148,1774.1841777518,0.0000000000,0.0000000000,1200.0000000000,10800.0000000000
2025-10-05,41013.7046465635,298.2079057828,-2378.9635848665,283.6971700069,39216.6461374867,39183.2989260452,66805.3242757221,58788.9673001521,56.4331610342,242.0025638514,8258.3595394213,44.3250059275,1774.1841777518,1855.0150161502,0.0000000000,0.0000000000,1200.0000000000,10797.6028280931
2025-10-06,36206.9263650926,3449.2364967320,-41.5397623299,0.0000000000,39614.6230994948,39696.1758706243,57984.0930131278,61650.6280171895,0.0000000000,3748.6535842760,82.1185802144,157.3344517400,1855.0150161502,1657.3379517373,0.0000000000,0.0000000000,1310.7801469413,10436.3995072553
2025-10-07,37894.4953706756,2652.9557460731,-363.6778618863,0.0000000000,40183.7732548623,40089.5070845013,61451.7553360130,62804.5660811594,0.0000000000,2220.6265755434,867.8158303970,833.5643955135,1657.3379517373,1885.8312275923,0.0000000000,0.0000000000,1599.9143616496,10800.0000000000
2025-10-08,35167.0071753147,2979.0867231865,0.0000000000,2073.2777518986,40219.3716503998,40315.3292940669,57492.1496580844,59897.3505467637,401.2165636463,2405.2008886794,0.0000000000,91.6137987690,1885.8312275923,1653.2379625765,0.0000000000,0.0000000000,1200.0000000000,10543.0029102128
2025-10-09,41513.2214927631,2100.9130134985,-2963.5493115321,3260.6582580606,43911.2434527900,43950.3223345925,67911.2841337465,59065.8882648999,629.1080769498,1162.4944146015,10007.8902834481,38.7111849585,1653.2379625765,1558.5140368502,0.0000000000,0.0000000000,1200.0000000000,10604.2150406201
2025-10-10,15487.0857790226,1935.4785845108,-175.0698285426,431.7953321158,17679.2898671066,17588.5138721930,29911.5018821714,30775.9630934834,111.4304308395,1277.1118130503,412.6506017382,18379.7668302972,1558.5140368502,1778.5474206968,0.0000000000,0.0000000000,1200.0000000000,10800.0000000000
2025-10-11,15810.6824836695,397.7272153639,-29.9115139052,3.5580355135,16182.0562206417,16367.4733311925,30570.3775367667,30741.0647928486,0.5820440886,238.9091980611,68.2219419792,14045.3586342033,1778.5474206968,1329.1119251522,0.0000000000,0.0000000000,1200.0000000000,10800.0000000000
2025-10-12,37523.6563587834,2008.4444790181,-160.2606020365,1444.9866993521,40816.8269351172,40870.0927771272,61786.8826790959,62513.4834355099,336.3074272462,1389.1498736707,662.5491172567,500.1276304533,1329.1119251522,1200.0000000000,0.0000000000,0.0000000000,1200.0000000000,10800.0000000000
2025-10-13,39123.1696340400,3688.6634260964,-1429.4688422077,0.0000000000,41382.3642179287,41296.9428907892,64321.7309760118,61268.9754580699,0.0000000000,2197.2629429057,5250.0184608475,57.2038452999,1200.0000000000,1407.0541191102,0.0000000000,0.0000000000,1200.0000000000,10784.9674115214
2025-10-14,41057.3246939934,1559.8742731512,-1000.5042700660,2585.6523464260,44202.3470435045,44287.7683706441,67075.8232080465,64745.7980166679,562.1787908632,1481.0203597022,3811.0455510807,664.3359408490,1407.0541191102,1200.0000000000,0.0000000000,0.0000000000,1200.0000000000,10800.0000000000
2025-10-15,42168.0763326664,853.7254702451,-1267.6131405339,3860.2667097866,45614.4553721641,45595.8081662034,69324.5787429649,65507.1385693035,754.3355708931,466.6757502081,4284.1159238695,180.5536970621,1200.0000000000,1245.1992603411,0.0000000000,0.0000000000,1200.0000000000,10651.8550682128
2025-10-16,40121.7554903390,1729.4605965555,-22.8907979396,3460.3477647835,45288.6730537383,45291.8011121296,65442.2955891590,66744.7966265408,549.6657736858,1354.3084883552,51.8074509733,166.6788556281,1245.1992603411,1237.6171096484,0.0000000000,0.0000000000,1200.0000000000,10800.0000000000
2025-10-17,14701.4808495344,1517.3518127140,0.0000000000,2636.3401032415,18855.1727654899,18862.2154860645,29277.4382082125,30446.9091109485,630.5893999095,1169.4709027360,0.0000000000,12083.6879315837,1237.6171096484,1220.5461467690,0.0000000000,0.0000000000,1200.0000000000,10800.0000000000
2025-10-18,16590.2283372958,570.1824045577,-330.0808443833,292.3003453321,17122.6302428022,17121.8988512198,31607.9867713082,31209.3387827883,138.0782702790,383.0247420379,781.6727305578,12237.4222630357,1220.5461467690,1222.3189785065,0.0000000000,0.0000000000,1200.0000000000,10800.0000000000
2025-10-19,41389.2052870990,2015.4336212957,-370.1268372499,3467.9530132001,46502.4650843449,46509.0321629769,67202.4378450622,67579.5119525526,565.4463827868,1507.1828011690,1130.1086936786,130.7584127046,1222.3189785065,1206.4009317282,0.0000000000,0.0000000000,1200.0000000000,10703.9683566429
2025-10-20,44257.1117748732,162.9026091925,-930.9401168525,2331.7397163845,45820.8139835977,45823.4547235429,71476.6918787704,69130.2392912181,506.9463558187,95.2683533359,2441.7209408882,966.4034377411,1206.4009317282,1200.0000000000,0.0000000000,0.0000000000,1200.0000000000,10800.0000000000
2025-10-21,43363.4790740313,2939.6695770892,-659.1901125704,0.0000000000,45643.9585385501,45575.7742933772,70857.6929039886,71607.6993025565,0.0000000000,2627.5302059765,1877.5238074086,711.8923145886,1200.0000000000,1365.2728808391,0.0000000000,0.0000000000,1200.0000000000,10800.0000000000
2025-10-22,41218.7019734720,2321.7997580061,-12.2863200825,3788.5098326820,47316.7252440776,47384.9094892505,67140.6620749634,69407.9849259408,692.5435663283,2298.2360340707,30.9131830932,435.5398773768,1365.2728808391,1200.0000000000,0.0000000000,0.0000000000,1200.0000000000,10800.0000000000
2025-10-23,47922.7395891546,2749.3358848224,-3785.6471716126,968.1265817809,47854.5548841454,47837.5905614721,78164.3652967249,67585.3429211986,209.8934993231,1731.3496637144,12310.3720392408,172.2527741037,1200.0000000000,1241.1200926636,0.0000000000,0.0000000000,1200.0000000000,10800.0000000000
2025-10-24,15896.0550894193,1427.5286565587,0.0000000000,2478.6627184110,19802.2464643890,19788.0998702926,31161.3901392829,32259.4085158176,504.0882344478,1098.0183765347,0.0000000000,11135.1775510006,1241.1200926636,1275.4102480280,0.0000000000,0.0000000000,1200.0000000000,10800.0000000000
2025-10-25,15982.4082138762,1413.4139677728,0.0000000000,1196.6092748490,18592.4314564980,18580.6943547054,31303.0433412107,32280.5635348587,292.9105476498,977.5201936481,0.0000000000,10029.2173774904,1275.4102480280,1303.8599965155,0.0000000000,0.0000000000,1200.0000000000,10800.0000000000
2025-10-26,44235.6698959384,4161.9295511369,-2130.4580516847,1374.5481561922,47641.6895515828,47515.9408803646,72076.7844937663,68801.0819626640,282.5720494357,3309.1276406608,6584.8301717632,87.9699842611,1303.8599965155,1608.6642090022,0.0000000000,0.0000000000,1200.0000000000,10772.5870862555
2025-10-27,39944.5483998716,5134.1117973497,-205.3223364669,880.8128935661,45754.1507543205,45894.5812151603,64512.2184549900,69011.2774158906,235.8422975132,5414.5679952744,915.5090343738,1911.7932648682,1608.6642090022,1268.2725721700,0.0000000000,0.0000000000,1200.0000000000,10800.0000000000
2025-10-28,40461.9543757631,4552.0575345437,-24.4988241274,2938.0284981441,47927.5415843234,47919.4901884141,65409.4555493438,69944.5737480534,529.6734723531,4592.8116232080,57.6934244984,375.1014628074,1268.2725721700,1287.7884793028,0.0000000000,0.0000000000,1200.0000000000,10800.0000000000
2025-10-29,44921.3609053652,2343.0384684006,-384.0182690784,1978.0478374271,48858.4289421145,48885.7443499231,73509.4980132077,73936.6510970735,368.5125603892,1647.4281005655,1220.2750166997,713.8268979469,1287.7884793028,1221.5782260638,0.0000000000,0.0000000000,1200.0000000000,10800.0000000000
2025-10-30,39932.6458839076,4749.9192889270,0.0000000000,1033.0295011623,45715.5946739969,45721.9747052524,64726.7358917862,69024.3034144485,284.6670320442,4297.5675226623,0.0000000000,359.8130005336,1221.5782260638,1206.1135664085,0.0000000000,0.0000000000,1200.0000000000,10800.0000000000
2025-10-31,17576.1507723078,0.0000000000,-310.3981247281,3249.4579770984,20515.2106246781,20464.2343501665,33339.9688833893,32571.9769106905,704.6281548494,0.0000000000,767.9919726988,5974.6514363068,1206.1135664085,1329.6757723348,0.0000000000,0.0000000000,1200.0000000000,10800.0000000000
2025-11-01,16877.1691234932,643.8344778664,0.0000000000,196.0908969965,17717.0944983560,17767.7707729739,32443.3557956667,32975.3060207639,84.4712187288,531.9502250972,0.0000000000,7398.8204294073,1329.6757723348,1206.8407409422,0.0000000000,0.0000000000,1200.0000000000,10800.0000000000
2025-11-02,44567.3419165432,2462.6900636545,-359.7718262524,4648.4034475842,51318.6636015294,51299.7706445912,72020.7508073617,73737.1437806718,741.4630342209,2565.8473292851,849.4543559750,1262.9562775562,1206.8407409422,1252.6356810026,0.0000000000,0.0000000000,1200.0000000000,10800.0000000000
2025-11-03,47266.4850942218,1246.6538625365,-1018.7582540839,701.0971830922,48195.4778857665,48099.9712892933,76968.9906207203,74561.7808865046,141.7513607031,761.1682387833,3168.3779729990,612.6566787874,1252.6356810026,1484.1356455217,0.0000000000,0.0000000000,1200.0000000000,10800.0000000000
2025-11-04,43676.7390860945,2990.4943859037,-247.3159684504,828.7528044561,47248.6703080039,47293.6080001352,70837.0215273815,71793.9962138542,142.9900536236,2031.6303436682,1074.6556571955,365.2639375443,1484.1356455217,1375.2104558686,0.0000000000,0.0000000000,1200.0000000000,10800.0000000000
2025-11-05,49274.2220119107,430.4628927068,-1853.3597299245,1597.0877305486,49448.4129052416,49488.6162219206,79400.3085692825,74111.6640659988,335.8694302941,262.1507820160,5550.7952852997,411.4014902341,1375.2104558686,1277.7609944867,0.0000000000,0.0000000000,1200.0000000000,10800.0000000000
2025-11-06,45509.8829004643,3359.9478609341,-3.0043244943,1967.9086561327,50834.7350930368,50847.8101829682,73875.6361212864,76706.7387343397,459.8545173778,2841.6774968769,10.5748838235,1556.3660030024,1277.7609944867,1246.0680751807,0.0000000000,0.0000000000,1200.0000000000,10800.0000000000
2025-11-07,17487.7057144310,1607.2864455006,0.0000000000,0.0000000000,19094.9921599317,18836.5737436555,33713.0672036395,34796.3497963948,0.0000000000,1083.2825927553,0.0000000000,7390.6115562610,1246.0680751807,1872.4526015705,0.0000000000,0.0000000000,1246.0680751807,10800.0000000000
2025-11-08,17425.7410264485,26.7869093238,-5.3363009775,513.6540960732,17960.8457308679,18196.9780914785,33250.9286240365,33263.0556105155,112.4977592865,23.7031318678,11.5761453888,6903.0344461397,1872.4526015705,1300.0876014371,0.0000000000,0.0000000000,1200.0000000000,10800.0000000000
2025-11-09,47855.0377380568,1089.2904392483,-487.4493502878,65.1950110290,48522.0738380463,48504.8876897172,77049.5594361339,76188.4554781569,13.9948700464,684.5483205983,1545.6522785753,421.6019357104,1300.0876014371,1341.7453808504,0.0000000000,0.0000000000,1200.0000000000,10800.0000000000
2025-11-10,48178.3112353810,3013.6923387460,-291.8764374525,153.2330156482,51053.3601523228,51027.7894118251,77481.6789593053,79530.1928423439,43.1989556607,2829.6032824701,781.0893994316,1220.4538604570,1341.7453808504,1403.7267071307,0.0000000000,0.0000000000,1200.0000000000,10800.0000000000
2025-11-11,50228.6836466967,470.0448774510,-1341.2404626103,0.0000000000,49357.4880615374,49397.7193991888,80038.9215070291,76651.8789836957,0.0000000000,291.1203339144,3678.1628572477,808.5199535569,1403.7267071307,1306.2093252662,0.0000000000,0.0000000000,1281.7995432326,10800.0000000000
2025-11-12,47688.4948255832,2023.2421608085,-548.0457469438,565.4334803203,49729.1247197682,49725.2447294843,76828.6772041942,76518.3853178579,85.4362013074,1578.3705278718,1888.6624142081,1306.6636509279,1306.2093252662,1315.6140956824,0.0000000000,0.0000000000,1200.0000000000,10800.0000000000
2025-11-13,46469.9195534228,4061.0651353681,-165.9571600558,9.4173381333,50374.4448668684,50216.2252634556,74449.9053845116,77175.4242164980,2.0105333333,3214.1333660885,488.6145341020,184.7167355594,1315.6140956824,1699.1251193061,0.0000000000,0.0000000000,1315.6140956824,10761.9727313824
2025-11-14,18369.2454505229,0.0000000000,-124.5018903740,676.2619346905,18921.0054948393,19033.9686375872,34420.9411101663,34154.5776467311,120.8929137725,0.0000000000,266.3634634352,3585.5024631891,1699.1251193061,1425.3119534751,0.0000000000,0.0000000000,1200.0000000000,10800.0000000000
2025-11-15,19240.1591837825,0.0000000000,-343.0446172415,398.9043054976,19296.0188720387,19341.8534052315,36413.6891345303,35388.2300582800,83.8731687215,0.0000000000,1025.4590762503,3880.5799350593,1425.3119534751,1314.2128964497,0.0000000000,0.0000000000,1200.0000000000,10800.0000000000
2025-11-16,48189.6709956412,3853.3711276553,-186.5422991230,3.6254369633,51860.1252611369,51907.2444260833,77248.3923567839,79772.7933190215,1.6957142018,3185.9715046811,661.5705424435,1119.4318286714,1314.2128964497,1200.0000000000,0.0000000000,0.0000000000,1200.0000000000,10800.0000000000
2025-11-17,46319.2435781141,4604.4811305922,-65.7267133796,37.9613961433,50895.9593914699,50840.8763073899,74095.5634699688,78705.1233380168,17.7035332430,4721.2201780909,111.6603100430,1546.3567461992,1200.0000000000,1333.5167672287,0.0000000000,0.0000000000,1200.0000000000,10800.0000000000
2025-11-18,48962.4320605427,918.4069477274,-116.2468786197,2965.5794313669,52730.1715610172,52724.8123589580,78495.7114720132,79078.3213253838,638.6117517663,913.3310991645,330.7212457939,164.4061276689,1333.5167672287,1346.5070226915,0.0000000000,0.0000000000,1200.0000000000,10800.0000000000
2025-11-19,48433.0741339117,4555.7419799190,-269.5378499624,1316.3878796572,54035.6661435255,54096.1084296648,77620.2634783966,80857.4147591914,245.3678519444,4006.0618389616,768.9105581668,1516.7612529228,1346.5070226915,1200.0000000000,0.0000000000,0.0000000000,1200.0000000000,10800.0000000000
2025-11-20,48398.4373163275,2547.9210972364,-26.2624403546,600.8244223710,51520.9203955802,51490.3346010469,77693.6597983367,79718.5059692739,120.1156124130,2100.1788113034,75.3326403662,398.9799942749,1200.0000000000,1274.1373958524,0.0000000000,0.0000000000,1200.0000000000,10761.0511128108
2025-11-21,18991.2795635310,322.3090891262,-34.6353359402,0.0000000000,19278.9533167170,19150.3267412688,35608.0932492273,35819.1829467535,0.0000000000,283.6648963218,72.5751987957,3173.8083201514,1274.1373958524,1585.9174063650,0.0000000000,0.0000000000,1274.1373958524,10800.0000000000
2025-11-22,20373.0053627976,1.5652735249,-169.1926550599,0.0000000000,20205.3779812626,20331.2019455106,38915.6557660878,38254.4702069365,0.0000000000,0.9834414487,662.1690006000,4782.5444824212,1585.9174063650,1280.9306899008,0.0000000000,0.0000000000,1232.1586476932,10800.0000000000
2025-11-23,49465.3943737810,2487.5018859642,-240.0574295855,0.0000000000,51712.8388301597,51691.9553654386,78978.9432309557,80204.7415792522,0.0000000000,2009.6663548036,783.8680065072,503.9151179152,1280.9306899008,1331.5504535662,0.0000000000,0.0000000000,1214.6419018477,10800.0000000000
2025-11-24,48396.8033907461,1299.4622532022,-87.5632489968,2628.1516015710,52236.8539965225,52291.1258669771,77439.0278866295,78264.1877014843,506.7224971523,1095.1516085273,269.9917936725,208.3449904689,1331.5504535662,1200.0000000000,0.0000000000,0.0000000000,1200.0000000000,10800.0000000000
2025-11-25,56832.5202100693,20.7287955769,-2712.3964628771,293.6515556593,54434.5040984285,54430.0576698611,89429.6609485341,81691.7276257864,61.7765216495,12.5963231654,7750.5296459130,1114.1435369441,1200.0000000000,1210.7777692181,0.0000000000,0.0000000000,1200.0000000000,10800.0000000000
2025-11-26,52924.3167574414,1203.1242111497,-1020.3567651239,1895.9804949493,55003.0646984165,54968.6048367293,84314.4227557091,82484.4910072292,276.1065643083,926.9970844341,2756.9288329140,1351.3208461400,1210.7777692181,1294.3055783173,0.0000000000,0.0000000000,1200.0000000000,10800.0000000000
2025-11-27,51336.8977963387,1199.9006896603,-467.0788447036,646.6095941979,52716.3292354932,52665.8726797155,81645.9017369213,81018.4519941313,92.6905954985,971.3896742050,1598.8394169951,814.1236729987,1294.3055783173,1416.6080297043,0.0000000000,0.0000000000,1200.0000000000,10800.0000000000
2025-11-28,19431.2227370513,0.0000000000,-64.7271799088,1061.1758088549,20427.6713659974,20404.9862136249,36618.0706487943,36478.1052643231,173.5932944307,0.0000000000,139.9653844713,2043.7488869990,1416.6080297043,1471.5949328428,0.0000000000,0.0000000000,1200.0000000000,10800.0000000000
2025-11-29,23962.5428189057,0.0000000000,-1603.4236242964,0.0000000000,22359.1191946093,22464.0805605998,46121.9137282163,39478.9852032138,0.0000000000,0.0000000000,6642.9285250025,1300.6191323430,1471.5949328428,1217.1774014893,0.0000000000,0.0000000000,1217.1774014893,10800.0000000000
2025-11-30,53142.8869615016,2241.1949368712,-341.0699697354,1368.2782891229,56411.2902177604,56415.8106897616,84601.0842835636,85651.9577389979,247.2554813149,1991.1246783426,940.2512229083,894.0482879613,1217.1774014893,1206.2201572095,0.0000000000,0.0000000000,1200.0000000000,10800.0000000000
2025-12-01,55742.2410216755,4417.1486762284,-161.2956871038,6257.1567815361,66255.2507923363,66257.8169527495,87564.8041986867,90390.2477926484,1365.2752921610,3360.5636869949,535.1200930331,627.5275965476,1206.2201572095,1200.0000000000,0.0000000000,0.0000000000,1200.0000000000,10800.0000000000
2025-12-02,58067.4455593035,5288.7978398120,-619.9647250956,3428.1632456809,66164.4419197008,66162.1895455429,91380.1429422966,93258.1305055431,718.4712656003,3949.0639901126,2071.0764268660,485.9843493490,1200.0000000000,1205.4595656939,0.0000000000,0.0000000000,1200.0000000000,10800.0000000000
2025-12-03,51369.1343881838,12515.9193774819,-10.3415694791,2192.2673253709,66066.9795215575,66069.2318957154,81448.6632840330,92650.2446814720,489.8939446835,11220.7720606243,19.1906631853,1134.0635335627,1205.4595656939,1200.0000000000,0.0000000000,0.0000000000,1200.0000000000,10800.0000000000
2025-12-04,57188.7879751349,6204.4831969513,-704.4933944514,6291.6364076752,68980.4141853099,68788.3061340332,89390.3887244486,92078.0045843112,1279.9756285290,4520.6818782834,1833.0660184209,1332.5736037548,1200.0000000000,1665.6537736307,0.0000000000,0.0000000000,1200.0000000000,10800.0000000000
2025-12-05,21589.1506675250,3991.8282026015,-0.5306718299,2099.8375613574,27680.2857596540,27767.3626528550,41086.5281136893,45107.1987155559,416.8227584377,4023.0486965558,2.3780946892,459.4487286493,1665.6537736307,1454.5867015033,0.0000000000,0.0000000000,1200.0000000000,10800.0000000000
2025-12-06,23294.8126268776,4215.1803823940,-2.9245149949,1134.3132190718,28641.3817133484,28651.9134352348,44406.0599780128,48261.2856260900,235.1707592566,3861.6067322803,6.3810842031,915.9417429626,1454.5867015033,1429.0586926219,0.0000000000,0.0000000000,1200.0000000000,10800.0000000000
2025-12-07,59292.8464719632,2773.7959353953,-645.4433123647,4017.4348515422,65438.6339465360,65523.7792252021,92712.9931705602,92226.1393592628,842.6390928654,2023.8158556389,2510.6696669363,875.5852279029,1429.0586926219,1222.6736918154,0.0000000000,0.0000000000,1200.0000000000,10800.0000000000
2025-12-08,60954.3841923085,753.3502263109,-613.4471644466,99.4118136355,61193.6990678083,61127.1286993834,95365.4323989646,93975.1920963856,16.2623611378,612.2799602141,2002.5202627931,1222.1697825641,1222.6736918154,1384.0346710301,0.0000000000,0.0000000000,1200.0000000000,10800.0000000000
2025-12-09,60633.1574745179,1242.0547470466,-872.9566366222,1008.7234753602,62010.9790603026,61875.5460196331,94684.5667146549,92669.1827636531,185.7736464392,741.2556799587,2756.6396309605,335.3162028702,1384.0346710301,1712.3129812982,0.0000000000,0.0000000000,1200.0000000000,10587.9706499505
2025-12-10,57649.3655914980,2598.4504651235,-105.9527800728,2328.5497340388,62470.4130105874,62662.7856237977,90371.4673808322,92677.6749646985,524.0443402705,2552.2950675685,246.0874837023,520.3263229396,1712.3129812982,1246.0179317714,0.0000000000,0.0000000000,1200.0000000000,10800.0000000000
2025-12-11,60494.3259029791,191.6047919639,-1290.9529181782,197.9019073973,59592.8796841620,59550.4901029994,94706.9013174567,91167.3137461362,93.1433176801,115.2828279583,3654.8703992788,428.9006652737,1246.0179317714,1348.7667145518,0.0000000000,0.0000000000,1200.0000000000,10794.8896282316
2025-12-12,24484.6112591383,2200.7838231474,-118.0033804061,0.0000000000,26567.3917018796,26542.4024224702,47259.3368104119,49186.2706331810,0.0000000000,2339.9364369090,413.0026141399,1388.6981699762,1348.7667145518,1409.3386280137,0.0000000000,0.0000000000,1262.5062649533,10800.0000000000
2025-12-13,25365.7828135000,1382.2281155701,-367.6963934281,0.0000000000,26380.3145356420,26301.2580006274,48782.8978386204,48932.6056984907,0.0000000000,1347.7114642783,1198.0036044080,868.8786720251,1409.3386280137,1600.9650258407,0.0000000000,0.0000000000,1237.0044836083,10800.0000000000
2025-12-14,57429.9142716917,2848.3787340790,-6.6816345132,5155.5620493620,65427.1734206195,65495.4167071217,90179.4822120840,93004.1780183617,1075.2200949343,2842.1111846340,17.4153783563,672.8599982340,1600.9650258407,1435.5490337803,0.0000000000,0.0000000000,1200.0000000000,10800.0000000000
2025-12-15,58346.2950988345,4525.4922763784,-88.1727065481,549.2695409578,63332.8842096227,63125.9112442192,91813.8796270071,95619.4924064278,111.6514972981,4013.9981111200,208.3853316993,996.0413679825,1435.5490337803,1937.2341101690,0.0000000000,0.0000000000,1200.0000000000,10800.0000000000
2025-12-16,62726.0382451195,493.6676625355,-718.4225852579,0.0000000000,62501.2833223972,62637.6477316931,96971.2646723817,95511.3195711598,0.0000000000,303.1987685230,1763.1438697449,1806.5951600595,1937.2341101690,1606.6982406126,0.0000000000,0.0000000000,1483.5387755651,10800.0000000000
2025-12-17,62569.5737632393,1438.9176425009,-1877.1230155385,97.4898334813,62228.8582236829,62329.7864265760,97619.0022475731,93193.4322243872,20.3135424014,742.3320012209,5167.9020244069,692.4484359511,1606.6982406126,1362.0567577045,0.0000000000,0.0000000000,1200.0000000000,10800.0000000000
2025-12-18,59782.3204140155,77.8376622003,-149.9686209887,0.0000000000,59710.1894552271,59715.1186771006,93063.6517567097,92840.7501211779,0.0000000000,107.4884252601,330.3900607919,686.1245184596,1362.0567577045,1350.1087380812,0.0000000000,0.0000000000,1255.9354172987,10800.0000000000
2025-12-19,24899.2624807627,2331.5136270886,-549.9009520794,40.5541655868,26721.4293213587,26771.9957384076,47236.7921257932,47631.2070565329,8.3200954878,2015.8040680425,1621.3891373028,995.5767181945,1350.1087380812,1227.5399922046,0.0000000000,0.0000000000,1200.0000000000,10800.0000000000
2025-12-20,26561.7787516689,961.7605463709,-962.7279778541,0.0000000000,26560.8113201857,26356.8138838895,50384.2960609016,48043.9201739103,0.0000000000,562.3761266647,2902.7520136560,657.7513183381,1227.5399922046,1722.0126360683,0.0000000000,0.0000000000,1227.5399922046,10800.0000000000
2025-12-21,61459.5866536455,1500.4750517025,-868.6932080901,2315.3542557016,64406.7227529596,64524.4739719897,95857.0092408475,94933.4472863230,433.3989352620,1290.1098035790,2213.6717581035,1902.1911611717,1722.0126360683,1436.5935756666,0.0000000000,0.0000000000,1200.0000000000,10800.0000000000
2025-12-22,60719.0430695167,1223.8595742647,-318.0639429032,20.0588451644,61644.8975460425,61612.8035578131,94697.7558171212,94659.2201516189,3.6617095955,682.7837219866,721.3193874889,984.6330719307,1436.5935756666,1514.3867063062,0.0000000000,0.0000000000,1248.8430951581,10800.0000000000
2025-12-23,62607.1149762613,1141.6538556442,-1878.7117970105,459.4120183251,62329.4690532201,62335.2419696427,97489.9506565468,93248.6799447407,102.3643824757,590.0235208914,4831.2942326975,1366.2994090650,1514.3867063062,1500.3936419907,0.0000000000,0.0000000000,1200.0000000000,10800.0000000000
2025-12-24,61943.2728654483,901.3825961871,-1175.1452097684,204.6087494841,61874.1190013512,61858.4122178546,96256.1250047884,93880.0817084995,35.2257466616,482.5162079310,2858.5595042200,1302.4442526995,1500.3936419907,1538.4655653597,0.0000000000,0.0000000000,1234.0447076131,10800.0000000000
2025-12-25,59075.7884767097,1817.1626491352,-309.4023898207,1198.6701826624,61782.2189186866,61765.8354808213,92695.6856332932,93622.0831438414,257.0671965231,1627.6498491728,701.2523386246,1254.2604547449,1538.4655653597,1578.1776420598,0.0000000000,0.0000000000,1200.0000000000,10800.0000000000
2025-12-26,25619.6370501746,801.7617202434,-420.9366964342,0.0000000000,26000.4620739838,25996.9351558601,48742.7004742485,47913.6407695980,0.0000000000,437.1894433957,1266.2491480463,983.2070000249,1578.1776420598,1586.7265952280,0.0000000000,0.0000000000,1369.9494613211,10800.0000000000
2025-12-27,26398.9114249648,1692.5418940369,-791.9384481476,0.0000000000,27299.5148708541,27104.7731921826,50564.2108771818,49039.8716609350,0.0000000000,955.5728492768,2479.9120655236,1261.1073212461,1586.7265952280,2058.7640603624,0.0000000000,0.0000000000,1475.3392222222,10800.0000000000
2025-12-28,61317.4490207617,255.8519350301,-1116.1444343019,395.7060350198,60852.8625565097,60937.6189879510,95330.7598689568,92786.3241370349,69.3905518121,135.5034411086,2679.9391730305,1658.7587202205,2058.7640603624,1853.3215925543,0.0000000000,0.0000000000,1200.0000000000,10800.0000000000
2025-12-29,60242.1606107476,354.1369153665,-675.2705691231,1677.2456447025,61598.2726016935,61829.1409305066,94703.4081664635,93573.8233684515,288.4268845433,482.9817669334,1612.5665649454,2226.4834375528,1853.3215925543,1293.7161631663,0.0000000000,0.0000000000,1200.0000000000,10800.0000000000
2025-12-30,61703.6588931186,385.6995942276,-1390.0343272979,1802.9470927295,62502.2712527778,62459.3088377363,96513.4663257065,93164.4965509336,287.4773147612,263.6286038519,3612.5983786248,2513.6246763246,1293.7161631663,1397.8534471346,0.0000000000,0.0000000000,1200.0000000000,10800.0000000000
2025-12-31,62515.0363554678,320.0494714813,-1137.2707795672,1004.3571668072,62702.1722141890,62733.2201918818,97908.9947157764,94860.1984171127,200.1969421190,165.6828592511,3214.4791579147,1718.7960338113,1397.8534471346,1322.5957581405,0.0000000000,0.0000000000,1200.0000000000,10800.0000000000
