date,balance_max_abs,soc_equation_max_abs,soc_min,soc_max,charge_max,discharge_max,negative_min,simultaneous_max,pass,lp_eq_residual,lp_dual_gap_relative,lp_stationarity
2025-02-01,0.0000000000,0.0000000000,2007.6775621987,10800.0000000000,833.3333333333,552.0416666667,0.0000000000,0.0000000000,True,0.0000000000,0.0000000000,0.0000000000
2025-02-02,0.0000000000,0.0000000000,1663.7745218116,10800.0000000000,833.3333333333,819.4034552381,0.0000000000,0.0000000000,True,0.0000000000,0.0000000000,0.0000000000
2025-02-03,0.0000000000,0.0000000000,1599.4599472369,10800.0000000000,833.3333333333,738.1150000000,0.0000000000,0.0000000000,True,0.0000000000,0.0000000000,0.0000000000
2025-02-04,0.0000000000,0.0000000000,1723.5441268959,10800.0000000000,833.3333333333,780.6157833333,0.0000000000,0.0000000000,True,0.0000000000,0.0000000000,0.0000000000
2025-02-05,0.0000000000,0.0000000000,1618.1627846267,10800.0000000000,833.3333333333,819.7361534392,0.0000000000,0.0000000000,True,0.0000000000,0.0000000000,0.0000000000
2025-02-06,0.0000000000,0.0000000000,1660.0826456202,10800.0000000000,833.3333333333,833.3333333333,0.0000000000,0.0000000000,True,0.0000000000,0.0000000000,0.0000000000
2025-02-07,0.0000000000,0.0000000000,1566.8418827454,10800.0000000000,833.3333333333,536.0374500000,0.0000000000,0.0000000000,True,0.0000000000,0.0000000000,0.0000000000
2025-02-08,0.0000000000,0.0000000000,1560.7489934195,10800.0000000000,833.3333333333,519.1618833333,0.0000000000,0.0000000000,True,0.0000000000,0.0000000000,0.0000000000
2025-02-09,0.0000000000,0.0000000000,1500.9015751255,10800.0000000000,833.3333333333,807.8812940476,0.0000000000,0.0000000000,True,0.0000000000,0.0000000000,0.0000000000
2025-02-10,0.0000000000,0.0000000000,1469.1657883010,10800.0000000000,833.3333333333,788.4665819048,0.0000000000,0.0000000000,True,0.0000000000,0.0000000000,0.0000000000
2025-02-11,0.0000000000,0.0000000000,1305.6064963895,10800.0000000000,833.3333333333,813.3278123810,0.0000000000,0.0000000000,True,0.0000000000,0.0000000000,0.0000000000
2025-02-12,0.0000000000,0.0000000000,1421.8658720062,10800.0000000000,833.3333333333,817.6442918519,0.0000000000,0.0000000000,True,0.0000000000,0.0000000000,0.0000000000
2025-02-13,0.0000000000,0.0000000000,1398.3984996179,10800.0000000000,833.3333333333,792.8046666667,0.0000000000,0.0000000000,True,0.0000000000,0.0000000000,0.0000000000
2025-02-14,0.0000000000,0.0000000000,1403.7218139330,10800.0000000000,833.3333333333,559.7672500000,0.0000000000,0.0000000000,True,0.0000000000,0.0000000000,0.0000000000
2025-02-15,0.0000000000,0.0000000000,1241.8168164430,10800.0000000000,833.3333333333,547.3166666667,0.0000000000,0.0000000000,True,0.0000000000,0.0000000000,0.0000000000
2025-02-16,0.0000000000,0.0000000000,1236.8228919459,10800.0000000000,833.3333333333,833.3333333333,0.0000000000,0.0000000000,True,0.0000000000,0.0000000000,0.0000000000
2025-02-17,0.0000000000,0.0000000000,1233.6123986772,10800.0000000000,833.3333333333,821.2258333333,0.0000000000,0.0000000000,True,0.0000000000,0.0000000000,0.0000000000
2025-02-18,0.0000000000,0.0000000000,1331.4046624339,10800.0000000000,833.3333333333,833.3333333333,0.0000000000,0.0000000000,True,0.0000000000,0.0000000000,0.0000000000
2025-02-19,0.0000000000,0.0000000000,1234.8793079365,10800.0000000000,833.3333333333,833.3333333333,0.0000000000,0.0000000000,True,0.0000000000,0.0000000000,0.0000000000
2025-02-20,0.0000000000,0.0000000000,1473.1969103545,10800.0000000000,833.3333333333,833.3333333333,0.0000000000,0.0000000000,True,0.0000000000,0.0000000000,0.0000000000
2025-02-21,0.0000000000,0.0000000000,1568.9953476190,10800.0000000000,833.3333333333,535.0380000000,0.0000000000,0.0000000000,True,0.0000000000,0.0000000000,0.0000000000
2025-02-22,0.0000000000,0.0000000000,1339.8063226270,10800.0000000000,833.3333333333,530.3050000000,0.0000000000,0.0000000000,True,0.0000000000,0.0000000000,0.0000000000
2025-02-23,0.0000000000,0.0000000000,1280.1949265159,10800.0000000000,833.3333333333,833.3333333333,0.0000000000,0.0000000000,True,0.0000000000,0.0000000000,0.0000000000
2025-02-24,0.0000000000,0.0000000000,1200.0000000000,10800.0000000000,833.3333333333,833.3333333333,0.0000000000,0.0000000000,True,0.0000000000,0.0000000000,0.0000000000
2025-02-25,0.0000000000,0.0000000000,1363.4964828042,10800.0000000000,833.3333333333,833.3333333333,0.0000000000,0.0000000000,True,0.0000000000,0.0000000000,0.0000000000
2025-02-26,0.0000000000,0.0000000000,1252.7270814418,10800.0000000000,833.3333333333,827.2818452381,0.0000000000,0.0000000000,True,0.0000000000,0.0000000000,0.0000000000
2025-02-27,0.0000000000,0.0000000000,1271.2540116402,10800.0000000000,833.3333333333,827.1176547619,0.0000000000,0.0000000000,True,0.0000000000,0.0000000000,0.0000000000
2025-02-28,0.0000000000,0.0000000000,1545.7942793651,10800.0000000000,833.3333333333,520.9738000000,0.0000000000,0.0000000000,True,0.0000000000,0.0000000000,0.0000000000
2025-03-01,0.0000000000,0.0000000000,1509.8851089180,10800.0000000000,833.3333333333,478.9468333333,0.0000000000,0.0000000000,True,0.0000000000,0.0000000000,0.0000000000
2025-03-02,0.0000000000,0.0000000000,1200.0000000000,10800.0000000000,833.3333333333,769.4118197619,0.0000000000,0.0000000000,True,0.0000000000,0.0000000000,0.0000000000
2025-03-03,0.0000000000,0.0000000000,1200.0000000000,10800.0000000000,833.3333333333,795.5520833333,0.0000000000,0.0000000000,True,0.0000000000,0.0000000000,0.0000000000
2025-03-04,0.0000000000,0.0000000000,1398.4022785714,10800.0000000000,833.3333333333,799.4484485714,0.0000000000,0.0000000000,True,0.0000000000,0.0000000000,0.0000000000
2025-03-05,0.0000000000,0.0000000000,1310.8680185185,10800.0000000000,833.3333333333,819.6916666667,0.0000000000,0.0000000000,True,0.0000000000,0.0000000000,0.0000000000
2025-03-06,0.0000000000,0.0000000000,1447.8931563492,10800.0000000000,833.3333333333,765.1950000000,0.0000000000,0.0000000000,True,0.0000000000,0.0000000000,0.0000000000
2025-03-07,0.0000000000,0.0000000000,1705.2797433862,10800.0000000000,833.3333333333,463.2970666667,0.0000000000,0.0000000000,True,0.0000000000,0.0000000000,0.0000000000
2025-03-08,0.0000000000,0.0000000000,1683.7980611111,10800.0000000000,833.3333333333,464.6276666667,0.0000000000,0.0000000000,True,0.0000000000,0.0000000000,0.0000000000
2025-03-09,0.0000000000,0.0000000000,1361.7731920423,10800.0000000000,833.3333333333,774.8166666667,0.0000000000,0.0000000000,True,0.0000000000,0.0000000000,0.0000000000
2025-03-10,0.0000000000,0.0000000000,1310.8575798942,10800.0000000000,833.3333333333,808.7938638095,0.0000000000,0.0000000000,True,0.0000000000,0.0000000000,0.0000000000
2025-03-11,0.0000000000,0.0000000000,1461.9268894153,10800.0000000000,833.3333333333,778.8940990476,0.0000000000,0.0000000000,True,0.0000000000,0.0000000000,0.0000000000
2025-03-12,0.0000000000,0.0000000000,1318.8581554815,10800.0000000000,833.3333333333,795.5516666667,0.0000000000,0.0000000000,True,0.0000000000,0.0000000000,0.0000000000
2025-03-13,0.0000000000,0.0000000000,1200.0000000000,10800.0000000000,833.3333333333,829.3766666667,0.0000000000,0.0000000000,True,0.0000000000,0.0000000000,0.0000000000
2025-03-14,0.0000000000,0.0000000000,1472.4260980608,10800.0000000000,833.3333333333,496.7150000000,0.0000000000,0.0000000000,True,0.0000000000,0.0000000000,0.0000000000
2025-03-15,0.0000000000,0.0000000000,1426.5124915344,10800.0000000000,833.3333333333,508.6490333333,0.0000000000,0.0000000000,True,0.0000000000,0.0000000000,0.0000000000
2025-03-16,0.0000000000,0.0000000000,1692.2545505291,10800.0000000000,833.3333333333,833.3333333333,0.0000000000,0.0000000000,True,0.0000000000,0.0000000000,0.0000000000
2025-03-17,0.0000000000,0.0000000000,1422.4901193122,10800.0000000000,833.3333333333,792.1298500000,0.0000000000,0.0000000000,True,0.0000000000,0.0000000000,0.0000000000
2025-03-18,0.0000000000,0.0000000000,1351.3356044974,10800.0000000000,833.3333333333,801.5304166667,0.0000000000,0.0000000000,True,0.0000000000,0.0000000000,0.0000000000
2025-03-19,0.0000000000,0.0000000000,1589.6806005291,10800.0000000000,833.3333333333,823.4450000000,0.0000000000,0.0000000000,True,0.0000000000,0.0000000000,0.0000000000
2025-03-20,0.0000000000,0.0000000000,1284.3049841534,10800.0000000000,833.3333333333,827.0150000000,0.0000000000,0.0000000000,True,0.0000000000,0.0000000000,0.0000000000
2025-03-21,0.0000000000,0.0000000000,1388.1660994709,10800.0000000000,833.3333333333,494.8250000000,0.0000000000,0.0000000000,True,0.0000000000,0.0000000000,0.0000000000
2025-03-22,0.0000000000,0.0000000000,1750.3951396825,10800.0000000000,833.3333333333,471.8125166667,0.0000000000,0.0000000000,True,0.0000000000,0.0000000000,0.0000000000
2025-03-23,0.0000000000,0.0000000000,1316.3108476190,10800.0000000000,833.3333333333,817.6898666667,0.0000000000,0.0000000000,True,0.0000000000,0.0000000000,0.0000000000
2025-03-24,0.0000000000,0.0000000000,1698.7515624339,10800.0000000000,833.3333333333,805.6850000000,0.0000000000,0.0000000000,True,0.0000000000,0.0000000000,0.0000000000
2025-03-25,0.0000000000,0.0000000000,1260.9786703704,10800.0000000000,833.3333333333,800.1925000000,0.0000000000,0.0000000000,True,0.0000000000,0.0000000000,0.0000000000
2025-03-26,0.0000000000,0.0000000000,1362.3210455026,10800.0000000000,833.3333333333,787.9337500000,0.0000000000,0.0000000000,True,0.0000000000,0.0000000000,0.0000000000
2025-03-27,0.0000000000,0.0000000000,1472.0159397222,10800.0000000000,833.3333333333,766.7254166667,0.0000000000,0.0000000000,True,0.0000000000,0.0000000000,0.0000000000
2025-03-28,0.0000000000,0.0000000000,1632.1118349206,10800.0000000000,833.3333333333,483.8733333333,0.0000000000,0.0000000000,True,0.0000000000,0.0000000000,0.0000000000
2025-03-29,0.0000000000,0.0000000000,1478.0208157011,10800.0000000000,833.3333333333,482.2450000000,0.0000000000,0.0000000000,True,0.0000000000,0.0000000000,0.0000000000
2025-03-30,0.0000000000,0.0000000000,1487.3021210265,10800.0000000000,833.3333333333,761.5791333333,0.0000000000,0.0000000000,True,0.0000000000,0.0000000000,0.0000000000
2025-03-31,0.0000000000,0.0000000000,1252.5374001720,10800.0000000000,833.3333333333,796.0470833333,0.0000000000,0.0000000000,True,0.0000000000,0.0000000000,0.0000000000
2025-04-01,0.0000000000,0.0000000000,1200.0000000000,10207.0836720712,833.3333333333,747.4150000000,0.0000000000,0.0000000000,True,0.0000000000,0.0000000000,0.0000000000
2025-04-02,0.0000000000,0.0000000000,1266.1946903439,10800.0000000000,833.3333333333,788.4129166667,0.0000000000,0.0000000000,True,0.0000000000,0.0000000000,0.0000000000
2025-04-03,0.0000000000,0.0000000000,1390.5926847355,10800.0000000000,833.3333333333,779.5462500000,0.0000000000,0.0000000000,True,0.0000000000,0.0000000000,0.0000000000
2025-04-04,0.0000000000,0.0000000000,1258.9862119320,10800.0000000000,833.3333333333,503.5033333333,0.0000000000,0.0000000000,True,0.0000000000,0.0000000000,0.0000000000
2025-04-05,0.0000000000,0.0000000000,1552.5395234656,10800.0000000000,833.3333333333,487.7073833333,0.0000000000,0.0000000000,True,0.0000000000,0.0000000000,0.0000000000
2025-04-06,0.0000000000,0.0000000000,1464.8835325661,10800.0000000000,833.3333333333,772.5316666667,0.0000000000,0.0000000000,True,0.0000000000,0.0000000000,0.0000000000
2025-04-07,0.0000000000,0.0000000000,1611.3626323810,10800.0000000000,833.3333333333,735.0190166667,0.0000000000,0.0000000000,True,0.0000000000,0.0000000000,0.0000000000
2025-04-08,0.0000000000,0.0000000000,1200.0000000000,10800.0000000000,833.3333333333,746.5050000000,0.0000000000,0.0000000000,True,0.0000000000,0.0000000000,0.0000000000
2025-04-09,0.0000000000,0.0000000000,1200.0000000000,10800.0000000000,833.3333333333,725.3350000000,0.0000000000,0.0000000000,True,0.0000000000,0.0000000000,0.0000000000
2025-04-10,0.0000000000,0.0000000000,1402.6083589870,10800.0000000000,833.3333333333,766.9669166667,0.0000000000,0.0000000000,True,0.0000000000,0.0000000000,0.0000000000
2025-04-11,0.0000000000,0.0000000000,1529.0662158201,10800.0000000000,833.3333333333,493.1533333333,0.0000000000,0.0000000000,True,0.0000000000,0.0000000000,0.0000000000
2025-04-12,0.0000000000,0.0000000000,1737.1272788095,10800.0000000000,833.3333333333,476.1539333333,0.0000000000,0.0000000000,True,0.0000000000,0.0000000000,0.0000000000
2025-04-13,0.0000000000,0.0000000000,1487.7878282611,10800.0000000000,833.3333333333,748.9800000000,0.0000000000,0.0000000000,True,0.0000000000,0.0000000000,0.0000000000
2025-04-14,0.0000000000,0.0000000000,1220.7955515344,10800.0000000000,833.3333333333,759.3166666667,0.0000000000,0.0000000000,True,0.0000000000,0.0000000000,0.0000000000
2025-04-15,0.0000000000,0.0000000000,1370.8749290542,10800.0000000000,833.3333333333,751.0735833333,0.0000000000,0.0000000000,True,0.0000000000,0.0000000000,0.0000000000
2025-04-16,0.0000000000,0.0000000000,1378.6430798233,10800.0000000000,833.3333333333,730.5316666667,0.0000000000,0.0000000000,True,0.0000000000,0.0000000000,0.0000000000
2025-04-17,0.0000000000,0.0000000000,1432.7773924074,10800.0000000000,833.3333333333,750.8766666667,0.0000000000,0.0000000000,True,0.0000000000,0.0000000000,0.0000000000
2025-04-18,0.0000000000,0.0000000000,1625.5752524868,10800.0000000000,833.3333333333,475.2600000000,0.0000000000,0.0000000000,True,0.0000000000,0.0000000000,0.0000000000
2025-04-19,0.0000000000,0.0000000000,1826.6601864815,10800.0000000000,833.3333333333,475.2686500000,0.0000000000,0.0000000000,True,0.0000000000,0.0000000000,0.0000000000
2025-04-20,0.0000000000,0.0000000000,1715.0195322222,10800.0000000000,833.3333333333,721.5449000000,0.0000000000,0.0000000000,True,0.0000000000,0.0000000000,0.0000000000
2025-04-21,0.0000000000,0.0000000000,1287.5196885185,10800.0000000000,833.3333333333,741.0165500000,0.0000000000,0.0000000000,True,0.0000000000,0.0000000000,0.0000000000
2025-04-22,0.0000000000,0.0000000000,1579.1792822907,10800.0000000000,833.3333333333,736.1570333333,0.0000000000,0.0000000000,True,0.0000000000,0.0000000000,0.0000000000
2025-04-23,0.0000000000,0.0000000000,1508.7126811111,10800.0000000000,833.3333333333,748.3694500000,0.0000000000,0.0000000000,True,0.0000000000,0.0000000000,0.0000000000
2025-04-24,0.0000000000,0.0000000000,1501.4337258519,10800.0000000000,833.3333333333,745.5016666667,0.0000000000,0.0000000000,True,0.0000000000,0.0000000000,0.0000000000
2025-04-25,0.0000000000,0.0000000000,1601.8453075889,10800.0000000000,833.3333333333,490.2083333333,0.0000000000,0.0000000000,True,0.0000000000,0.0000000000,0.0000000000
2025-04-26,0.0000000000,0.0000000000,1636.0309107407,10800.0000000000,833.3333333333,484.1332333333,0.0000000000,0.0000000000,True,0.0000000000,0.0000000000,0.0000000000
2025-04-27,0.0000000000,0.0000000000,1200.0000000000,10800.0000000000,833.3333333333,733.8631166667,0.0000000000,0.0000000000,True,0.0000000000,0.0000000000,0.0000000000
2025-04-28,0.0000000000,0.0000000000,1200.0000000000,10800.0000000000,833.3333333333,730.8916666667,0.0000000000,0.0000000000,True,0.0000000000,0.0000000000,0.0000000000
2025-04-29,0.0000000000,0.0000000000,1242.3805076222,10800.0000000000,833.3333333333,748.9916666667,0.0000000000,0.0000000000,True,0.0000000000,0.0000000000,0.0000000000
2025-04-30,0.0000000000,0.0000000000,1265.9617694444,10800.0000000000,833.3333333333,746.8378333333,0.0000000000,0.0000000000,True,0.0000000000,0.0000000000,0.0000000000
2025-05-01,0.0000000000,0.0000000000,1200.0000000000,10800.0000000000,833.3333333333,819.6148166667,0.0000000000,0.0000000000,True,0.0000000000,0.0000000000,0.0000000000
2025-05-02,0.0000000000,0.0000000000,1200.0000000000,10800.0000000000,833.3333333333,546.4155500000,0.0000000000,0.0000000000,True,0.0000000000,0.0000000000,0.0000000000
2025-05-03,0.0000000000,0.0000000000,1200.0000000000,10800.0000000000,833.3333333333,572.5083333333,0.0000000000,0.0000000000,True,0.0000000000,0.0000000000,0.0000000000
2025-05-04,0.0000000000,0.0000000000,1200.0000000000,10800.0000000000,833.3333333333,803.8746000000,0.0000000000,0.0000000000,True,0.0000000000,0.0000000000,0.0000000000
2025-05-05,0.0000000000,0.0000000000,1200.0000000000,10800.0000000000,833.3333333333,813.5731666667,0.0000000000,0.0000000000,True,0.0000000000,0.0000000000,0.0000000000
2025-05-06,0.0000000000,0.0000000000,1200.0000000000,10800.0000000000,833.3333333333,814.2691666667,0.0000000000,0.0000000000,True,0.0000000000,0.0000000000,0.0000000000
2025-05-07,0.0000000000,0.0000000000,1200.0000000000,10800.0000000000,833.3333333333,812.3016666667,0.0000000000,0.0000000000,True,0.0000000000,0.0000000000,0.0000000000
2025-05-08,0.0000000000,0.0000000000,1321.3388096296,10800.0000000000,833.3333333333,833.3333333333,0.0000000000,0.0000000000,True,0.0000000000,0.0000000000,0.0000000000
2025-05-09,0.0000000000,0.0000000000,1650.4965694444,10800.0000000000,833.3333333333,560.7918000000,0.0000000000,0.0000000000,True,0.0000000000,0.0000000000,0.0000000000
2025-05-10,0.0000000000,0.0000000000,1769.1641362667,10800.0000000000,833.3333333333,554.0049500000,0.0000000000,0.0000000000,True,0.0000000000,0.0000000000,0.0000000000
2025-05-11,0.0000000000,0.0000000000,1271.0828775926,10800.0000000000,833.3333333333,833.3333333333,0.0000000000,0.0000000000,True,0.0000000000,0.0000000000,0.0000000000
2025-05-12,0.0000000000,0.0000000000,1576.4711244444,10800.0000000000,833.3333333333,819.3645333333,0.0000000000,0.0000000000,True,0.0000000000,0.0000000000,0.0000000000
2025-05-13,0.0000000000,0.0000000000,1403.1092220370,10800.0000000000,833.3333333333,825.4812333333,0.0000000000,0.0000000000,True,0.0000000000,0.0000000000,0.0000000000
2025-05-14,0.0000000000,0.0000000000,1665.0622974074,10800.0000000000,833.3333333333,823.0083333333,0.0000000000,0.0000000000,True,0.0000000000,0.0000000000,0.0000000000
2025-05-15,0.0000000000,0.0000000000,2058.8537940741,10800.0000000000,833.3333333333,805.6216666667,0.0000000000,0.0000000000,True,0.0000000000,0.0000000000,0.0000000000
2025-05-16,0.0000000000,0.0000000000,2043.4554796296,10800.0000000000,833.3333333333,566.1133333333,0.0000000000,0.0000000000,True,0.0000000000,0.0000000000,0.0000000000
2025-05-17,0.0000000000,0.0000000000,1635.0048692593,10800.0000000000,833.3333333333,593.3274333333,0.0000000000,0.0000000000,True,0.0000000000,0.0000000000,0.0000000000
2025-05-18,0.0000000000,0.0000000000,1875.2813529630,10800.0000000000,833.3333333333,833.3333333333,0.0000000000,0.0000000000,True,0.0000000000,0.0000000000,0.0000000000
2025-05-19,0.0000000000,0.0000000000,1535.2624564815,10800.0000000000,833.3333333333,833.3333333333,0.0000000000,0.0000000000,True,0.0000000000,0.0000000000,0.0000000000
2025-05-20,0.0000000000,0.0000000000,1526.7756512963,10800.0000000000,833.3333333333,831.5733333333,0.0000000000,0.0000000000,True,0.0000000000,0.0000000000,0.0000000000
2025-05-21,0.0000000000,0.0000000000,1819.2253529630,10800.0000000000,833.3333333333,811.0043333333,0.0000000000,0.0000000000,True,0.0000000000,0.0000000000,0.0000000000
2025-05-22,0.0000000000,0.0000000000,1929.8787825926,10800.0000000000,833.3333333333,794.9013821667,0.0000000000,0.0000000000,True,0.0000000000,0.0000000000,0.0000000000
2025-05-23,0.0000000000,0.0000000000,1475.4824636519,10800.0000000000,833.3333333333,551.3140666667,0.0000000000,0.0000000000,True,0.0000000000,0.0000000000,0.0000000000
2025-05-24,0.0000000000,0.0000000000,1964.8620910704,10800.0000000000,833.3333333333,551.4284333333,0.0000000000,0.0000000000,True,0.0000000000,0.0000000000,0.0000000000
2025-05-25,0.0000000000,0.0000000000,1814.7416270370,10800.0000000000,833.3333333333,810.7893500000,0.0000000000,0.0000000000,True,0.0000000000,0.0000000000,0.0000000000
2025-05-26,0.0000000000,0.0000000000,1816.7499377778,10800.0000000000,833.3333333333,824.9333333333,0.0000000000,0.0000000000,True,0.0000000000,0.0000000000,0.0000000000
2025-05-27,0.0000000000,0.0000000000,1591.5989081482,10800.0000000000,833.3333333333,814.7522000000,0.0000000000,0.0000000000,True,0.0000000000,0.0000000000,0.0000000000
2025-05-28,0.0000000000,0.0000000000,1716.5152914815,10800.0000000000,833.3333333333,825.7825333333,0.0000000000,0.0000000000,True,0.0000000000,0.0000000000,0.0000000000
2025-05-29,0.0000000000,0.0000000000,1703.6661331481,10800.0000000000,833.3333333333,833.3333333333,0.0000000000,0.0000000000,True,0.0000000000,0.0000000000,0.0000000000
2025-05-30,0.0000000000,0.0000000000,1793.2572861759,10800.0000000000,833.3333333333,532.5197666667,0.0000000000,0.0000000000,True,0.0000000000,0.0000000000,0.0000000000
2025-05-31,0.0000000000,0.0000000000,1635.0260279315,10800.0000000000,833.3333333333,551.2803500000,0.0000000000,0.0000000000,True,0.0000000000,0.0000000000,0.0000000000
2025-06-01,0.0000000000,0.0000000000,1200.0000000000,10187.4833245426,833.3333333333,620.8420833333,0.0000000000,0.0000000000,True,0.0000000000,0.0000000000,0.0000000000
2025-06-02,0.0000000000,0.0000000000,1200.0000000000,10800.0000000000,833.3333333333,833.3333333333,0.0000000000,0.0000000000,True,0.0000000000,0.0000000000,0.0000000000
2025-06-03,0.0000000000,0.0000000000,1200.0000000000,10800.0000000000,833.3333333333,833.3333333333,0.0000000000,0.0000000000,True,0.0000000000,0.0000000000,0.0000000000
2025-06-04,0.0000000000,0.0000000000,1200.0000000000,10800.0000000000,833.3333333333,833.3333333333,0.0000000000,0.0000000000,True,0.0000000000,0.0000000000,0.0000000000
2025-06-05,0.0000000000,0.0000000000,1200.0000000000,10800.0000000000,833.3333333333,833.3333333333,0.0000000000,0.0000000000,True,0.0000000000,0.0000000000,0.0000000000
2025-06-06,0.0000000000,0.0000000000,1200.0000000000,10800.0000000000,833.3333333333,633.1102333333,0.0000000000,0.0000000000,True,0.0000000000,0.0000000000,0.0000000000
2025-06-07,0.0000000000,0.0000000000,1200.0000000000,10800.0000000000,833.3333333333,659.9410833333,0.0000000000,0.0000000000,True,0.0000000000,0.0000000000,0.0000000000
2025-06-08,0.0000000000,0.0000000000,1707.2316846296,10800.0000000000,833.3333333333,822.1391356667,0.0000000000,0.0000000000,True,0.0000000000,0.0000000000,0.0000000000
2025-06-09,0.0000000000,0.0000000000,1408.5614563556,10800.0000000000,833.3333333333,833.3333333333,0.0000000000,0.0000000000,True,0.0000000000,0.0000000000,0.0000000000
2025-06-10,0.0000000000,0.0000000000,1723.3579140241,10800.0000000000,833.3333333333,809.1577910000,0.0000000000,0.0000000000,True,0.0000000000,0.0000000000,0.0000000000
2025-06-11,0.0000000000,0.0000000000,1446.9879433852,10800.0000000000,833.3333333333,833.3333333333,0.0000000000,0.0000000000,True,0.0000000000,0.0000000000,0.0000000000
2025-06-12,0.0000000000,0.0000000000,1716.7678305556,10800.0000000000,833.3333333333,813.4312818333,0.0000000000,0.0000000000,True,0.0000000000,0.0000000000,0.0000000000
2025-06-13,0.0000000000,0.0000000000,1655.8087926333,10800.0000000000,833.3333333333,637.9376166667,0.0000000000,0.0000000000,True,0.0000000000,0.0000000000,0.0000000000
2025-06-14,0.0000000000,0.0000000000,1859.6230789722,10800.0000000000,833.3333333333,655.4149666667,0.0000000000,0.0000000000,True,0.0000000000,0.0000000000,0.0000000000
2025-06-15,0.0000000000,0.0000000000,2055.5355587037,10800.0000000000,833.3333333333,822.0582310000,0.0000000000,0.0000000000,True,0.0000000000,0.0000000000,0.0000000000
2025-06-16,0.0000000000,0.0000000000,1830.4140140741,10800.0000000000,833.3333333333,830.3105060000,0.0000000000,0.0000000000,True,0.0000000000,0.0000000000,0.0000000000
2025-06-17,0.0000000000,0.0000000000,1785.4661531482,10800.0000000000,833.3333333333,833.3333333333,0.0000000000,0.0000000000,True,0.0000000000,0.0000000000,0.0000000000
2025-06-18,0.0000000000,0.0000000000,1905.5202664815,10800.0000000000,833.3333333333,805.9109536667,0.0000000000,0.0000000000,True,0.0000000000,0.0000000000,0.0000000000
2025-06-19,0.0000000000,0.0000000000,1787.6740533333,10800.0000000000,833.3333333333,833.3333333333,0.0000000000,0.0000000000,True,0.0000000000,0.0000000000,0.0000000000
2025-06-20,0.0000000000,0.0000000000,2325.5036401241,10800.0000000000,833.3333333333,636.1150000000,0.0000000000,0.0000000000,True,0.0000000000,0.0000000000,0.0000000000
2025-06-21,0.0000000000,0.0000000000,2340.9609331889,10800.0000000000,833.3333333333,667.4907000000,0.0000000000,0.0000000000,True,0.0000000000,0.0000000000,0.0000000000
2025-06-22,0.0000000000,0.0000000000,2070.0229846296,10800.0000000000,833.3333333333,797.6738578333,0.0000000000,0.0000000000,True,0.0000000000,0.0000000000,0.0000000000
2025-06-23,0.0000000000,0.0000000000,2013.0409711111,10800.0000000000,833.3333333333,802.3856995000,0.0000000000,0.0000000000,True,0.0000000000,0.0000000000,0.0000000000
2025-06-24,0.0000000000,0.0000000000,1500.0000000000,10800.0000000000,833.3333333333,798.8183158333,0.0000000000,0.0000000000,True,0.0000000000,0.0000000000,0.0000000000
2025-06-25,0.0000000000,0.0000000000,1977.2191087037,10800.0000000000,833.3333333333,803.1283990000,0.0000000000,0.0000000000,True,0.0000000000,0.0000000000,0.0000000000
2025-06-26,0.0000000000,0.0000000000,1794.0752246296,10800.0000000000,833.3333333333,833.3333333333,0.0000000000,0.0000000000,True,0.0000000000,0.0000000000,0.0000000000
2025-06-27,0.0000000000,0.0000000000,2093.2460474407,10800.0000000000,833.3333333333,641.4883333333,0.0000000000,0.0000000000,True,0.0000000000,0.0000000000,0.0000000000
2025-06-28,0.0000000000,0.0000000000,2379.6859026259,10800.0000000000,833.3333333333,628.0102833333,0.0000000000,0.0000000000,True,0.0000000000,0.0000000000,0.0000000000
2025-06-29,0.0000000000,0.0000000000,2076.3602924074,10800.0000000000,833.3333333333,788.4047173333,0.0000000000,0.0000000000,True,0.0000000000,0.0000000000,0.0000000000
2025-06-30,0.0000000000,0.0000000000,1989.2365079630,10800.0000000000,833.3333333333,833.3333333333,0.0000000000,0.0000000000,True,0.0000000000,0.0000000000,0.0000000000
2025-07-01,0.0000000000,0.0000000000,1200.0000000000,10800.0000000000,833.3333333333,833.3333333333,0.0000000000,0.0000000000,True,0.0000000000,0.0000000000,0.0000000000
2025-07-02,0.0000000000,0.0000000000,1200.0000000000,10800.0000000000,833.3333333333,833.3333333333,0.0000000000,0.0000000000,True,0.0000000000,0.0000000000,0.0000000000
2025-07-03,0.0000000000,0.0000000000,1200.0000000000,10800.0000000000,833.3333333333,833.3333333333,0.0000000000,0.0000000000,True,0.0000000000,0.0000000000,0.0000000000
2025-07-04,0.0000000000,0.0000000000,1200.0000000000,10800.0000000000,833.3333333333,779.2083333333,0.0000000000,0.0000000000,True,0.0000000000,0.0000000000,0.0000000000
2025-07-05,0.0000000000,0.0000000000,1244.4443251259,10800.0000000000,833.3333333333,741.9765333333,0.0000000000,0.0000000000,True,0.0000000000,0.0000000000,0.0000000000
2025-07-06,0.0000000000,0.0000000000,1200.0000000000,10800.0000000000,833.3333333333,833.3333333333,0.0000000000,0.0000000000,True,0.0000000000,0.0000000000,0.0000000000
2025-07-07,0.0000000000,0.0000000000,1408.8386738130,10800.0000000000,833.3333333333,833.3333333333,0.0000000000,0.0000000000,True,0.0000000000,0.0000000000,0.0000000000
2025-07-08,0.0000000000,0.0000000000,1663.4397050000,10800.0000000000,833.3333333333,833.3333333333,0.0000000000,0.0000000000,True,0.0000000000,0.0000000000,0.0000000000
2025-07-09,0.0000000000,0.0000000000,1859.4793718519,10800.0000000000,833.3333333333,833.3333333333,0.0000000000,0.0000000000,True,0.0000000000,0.0000000000,0.0000000000
2025-07-10,0.0000000000,0.0000000000,1556.3244051852,10800.0000000000,833.3333333333,833.3333333333,0.0000000000,0.0000000000,True,0.0000000000,0.0000000000,0.0000000000
2025-07-11,0.0000000000,0.0000000000,1783.0412265667,10800.0000000000,833.3333333333,740.9250666667,0.0000000000,0.0000000000,True,0.0000000000,0.0000000000,0.0000000000
2025-07-12,0.0000000000,0.0000000000,1609.4379022222,10800.0000000000,833.3333333333,726.9878333333,0.0000000000,0.0000000000,True,0.0000000000,0.0000000000,0.0000000000
2025-07-13,0.0000000000,0.0000000000,1561.0526240778,10800.0000000000,833.3333333333,833.3333333333,0.0000000000,0.0000000000,True,0.0000000000,0.0000000000,0.0000000000
2025-07-14,0.0000000000,0.0000000000,1357.6467964370,10800.0000000000,833.3333333333,833.3333333333,0.0000000000,0.0000000000,True,0.0000000000,0.0000000000,0.0000000000
2025-07-15,0.0000000000,0.0000000000,2024.9628879630,10800.0000000000,833.3333333333,807.7393838333,0.0000000000,0.0000000000,True,0.0000000000,0.0000000000,0.0000000000
2025-07-16,0.0000000000,0.0000000000,1756.0756864815,10800.0000000000,833.3333333333,833.3333333333,0.0000000000,0.0000000000,True,0.0000000000,0.0000000000,0.0000000000
2025-07-17,0.0000000000,0.0000000000,1926.4797768519,10800.0000000000,833.3333333333,815.8924738333,0.0000000000,0.0000000000,True,0.0000000000,0.0000000000,0.0000000000
2025-07-18,0.0000000000,0.0000000000,1862.3230585185,10800.0000000000,833.3333333333,742.0443500000,0.0000000000,0.0000000000,True,0.0000000000,0.0000000000,0.0000000000
2025-07-19,0.0000000000,0.0000000000,1662.9398720370,10800.0000000000,833.3333333333,741.6691333333,0.0000000000,0.0000000000,True,0.0000000000,0.0000000000,0.0000000000
2025-07-20,0.0000000000,0.0000000000,1862.1818064815,10800.0000000000,833.3333333333,817.2384468333,0.0000000000,0.0000000000,True,0.0000000000,0.0000000000,0.0000000000
2025-07-21,0.0000000000,0.0000000000,1789.7708596296,10800.0000000000,833.3333333333,817.8994741667,0.0000000000,0.0000000000,True,0.0000000000,0.0000000000,0.0000000000
2025-07-22,0.0000000000,0.0000000000,1921.8569451852,10800.0000000000,833.3333333333,830.7215075000,0.0000000000,0.0000000000,True,0.0000000000,0.0000000000,0.0000000000
2025-07-23,0.0000000000,0.0000000000,1881.7276131481,10800.0000000000,833.3333333333,833.0790208333,0.0000000000,0.0000000000,True,0.0000000000,0.0000000000,0.0000000000
2025-07-24,0.0000000000,0.0000000000,2048.0850448148,10800.0000000000,833.3333333333,785.5989806667,0.0000000000,0.0000000000,True,0.0000000000,0.0000000000,0.0000000000
2025-07-25,0.0000000000,0.0000000000,1911.7349575926,10800.0000000000,833.3333333333,714.6207500000,0.0000000000,0.0000000000,True,0.0000000000,0.0000000000,0.0000000000
2025-07-26,0.0000000000,0.0000000000,1625.9117000000,10800.0000000000,833.3333333333,730.4740333333,0.0000000000,0.0000000000,True,0.0000000000,0.0000000000,0.0000000000
2025-07-27,0.0000000000,0.0000000000,1575.5336199769,10800.0000000000,833.3333333333,808.1992658333,0.0000000000,0.0000000000,True,0.0000000000,0.0000000000,0.0000000000
2025-07-28,0.0000000000,0.0000000000,1729.4489450000,10800.0000000000,833.3333333333,817.4153125000,0.0000000000,0.0000000000,True,0.0000000000,0.0000000000,0.0000000000
2025-07-29,0.0000000000,0.0000000000,1874.0408381482,10800.0000000000,833.3333333333,833.3333333333,0.0000000000,0.0000000000,True,0.0000000000,0.0000000000,0.0000000000
2025-07-30,0.0000000000,0.0000000000,2241.1891872222,10800.0000000000,833.3333333333,787.2305110000,0.0000000000,0.0000000000,True,0.0000000000,0.0000000000,0.0000000000
2025-07-31,0.0000000000,0.0000000000,1850.8104988889,10800.0000000000,833.3333333333,804.0319185000,0.0000000000,0.0000000000,True,0.0000000000,0.0000000000,0.0000000000
2025-08-01,0.0000000000,0.0000000000,2082.3473472222,10800.0000000000,833.3333333333,725.0833333333,0.0000000000,0.0000000000,True,0.0000000000,0.0000000000,0.0000000000
2025-08-02,0.0000000000,0.0000000000,1994.1892085185,10800.0000000000,833.3333333333,720.1400000000,0.0000000000,0.0000000000,True,0.0000000000,0.0000000000,0.0000000000
2025-08-03,0.0000000000,0.0000000000,1708.8649127778,10800.0000000000,833.3333333333,833.3333333333,0.0000000000,0.0000000000,True,0.0000000000,0.0000000000,0.0000000000
2025-08-04,0.0000000000,0.0000000000,2196.6772972222,10800.0000000000,833.3333333333,794.7250538333,0.0000000000,0.0000000000,True,0.0000000000,0.0000000000,0.0000000000
2025-08-05,0.0000000000,0.0000000000,1989.5578605556,10800.0000000000,833.3333333333,803.1827533333,0.0000000000,0.0000000000,True,0.0000000000,0.0000000000,0.0000000000
2025-08-06,0.0000000000,0.0000000000,1773.4817650852,10800.0000000000,833.3333333333,790.2724255000,0.0000000000,0.0000000000,True,0.0000000000,0.0000000000,0.0000000000
2025-08-07,0.0000000000,0.0000000000,1721.9964501852,10800.0000000000,833.3333333333,833.3333333333,0.0000000000,0.0000000000,True,0.0000000000,0.0000000000,0.0000000000
2025-08-08,0.0000000000,0.0000000000,1872.4976481482,10800.0000000000,833.3333333333,720.2655166667,0.0000000000,0.0000000000,True,0.0000000000,0.0000000000,0.0000000000
2025-08-09,0.0000000000,0.0000000000,1896.6276111111,10800.0000000000,833.3333333333,700.3216666667,0.0000000000,0.0000000000,True,0.0000000000,0.0000000000,0.0000000000
2025-08-10,0.0000000000,0.0000000000,1737.6640253704,10800.0000000000,833.3333333333,833.3333333333,0.0000000000,0.0000000000,True,0.0000000000,0.0000000000,0.0000000000
2025-08-11,0.0000000000,0.0000000000,1534.1818359259,10800.0000000000,833.3333333333,833.3333333333,0.0000000000,0.0000000000,True,0.0000000000,0.0000000000,0.0000000000
2025-08-12,0.0000000000,0.0000000000,1200.0000000000,10800.0000000000,833.3333333333,833.3333333333,0.0000000000,0.0000000000,True,0.0000000000,0.0000000000,0.0000000000
2025-08-13,0.0000000000,0.0000000000,1760.2813151852,10800.0000000000,833.3333333333,833.3333333333,0.0000000000,0.0000000000,True,0.0000000000,0.0000000000,0.0000000000
2025-08-14,0.0000000000,0.0000000000,1449.6596495370,10800.0000000000,833.3333333333,833.3333333333,0.0000000000,0.0000000000,True,0.0000000000,0.0000000000,0.0000000000
2025-08-15,0.0000000000,0.0000000000,1875.4367952741,10800.0000000000,833.3333333333,707.0260333333,0.0000000000,0.0000000000,True,0.0000000000,0.0000000000,0.0000000000
2025-08-16,0.0000000000,0.0000000000,1522.0008093778,10800.0000000000,833.3333333333,731.8950000000,0.0000000000,0.0000000000,True,0.0000000000,0.0000000000,0.0000000000
2025-08-17,0.0000000000,0.0000000000,1512.4468334500,10800.0000000000,833.3333333333,833.3333333333,0.0000000000,0.0000000000,True,0.0000000000,0.0000000000,0.0000000000
2025-08-18,0.0000000000,0.0000000000,1515.1637520370,10800.0000000000,833.3333333333,833.3333333333,0.0000000000,0.0000000000,True,0.0000000000,0.0000000000,0.0000000000
2025-08-19,0.0000000000,0.0000000000,1610.8576272593,10800.0000000000,833.3333333333,833.3333333333,0.0000000000,0.0000000000,True,0.0000000000,0.0000000000,0.0000000000
2025-08-20,0.0000000000,0.0000000000,1200.0000000000,10800.0000000000,833.3333333333,833.3333333333,0.0000000000,0.0000000000,True,0.0000000000,0.0000000000,0.0000000000
2025-08-21,0.0000000000,0.0000000000,1501.1429585352,10800.0000000000,833.3333333333,831.6768006667,0.0000000000,0.0000000000,True,0.0000000000,0.0000000000,0.0000000000
2025-08-22,0.0000000000,0.0000000000,1309.7918071852,10800.0000000000,833.3333333333,751.1733333333,0.0000000000,0.0000000000,True,0.0000000000,0.0000000000,0.0000000000
2025-08-23,0.0000000000,0.0000000000,1727.9316117704,10800.0000000000,833.3333333333,698.8283333333,0.0000000000,0.0000000000,True,0.0000000000,0.0000000000,0.0000000000
2025-08-24,0.0000000000,0.0000000000,1660.6260973833,10800.0000000000,833.3333333333,824.6750550000,0.0000000000,0.0000000000,True,0.0000000000,0.0000000000,0.0000000000
2025-08-25,0.0000000000,0.0000000000,1239.7568007000,10800.0000000000,833.3333333333,833.3333333333,0.0000000000,0.0000000000,True,0.0000000000,0.0000000000,0.0000000000
2025-08-26,0.0000000000,0.0000000000,1651.4146220370,10800.0000000000,833.3333333333,833.3333333333,0.0000000000,0.0000000000,True,0.0000000000,0.0000000000,0.0000000000
2025-08-27,0.0000000000,0.0000000000,1367.6486342593,10800.0000000000,833.3333333333,833.3333333333,0.0000000000,0.0000000000,True,0.0000000000,0.0000000000,0.0000000000
2025-08-28,0.0000000000,0.0000000000,1585.7785120370,10800.0000000000,833.3333333333,833.3333333333,0.0000000000,0.0000000000,True,0.0000000000,0.0000000000,0.0000000000
2025-08-29,0.0000000000,0.0000000000,1544.2912942222,10800.0000000000,833.3333333333,729.1532333333,0.0000000000,0.0000000000,True,0.0000000000,0.0000000000,0.0000000000
2025-08-30,0.0000000000,0.0000000000,1495.4479304741,10800.0000000000,833.3333333333,703.5511333333,0.0000000000,0.0000000000,True,0.0000000000,0.0000000000,0.0000000000
2025-08-31,0.0000000000,0.0000000000,1562.5109583333,10800.0000000000,833.3333333333,829.5273056667,0.0000000000,0.0000000000,True,0.0000000000,0.0000000000,0.0000000000
2025-09-01,0.0000000000,0.0000000000,2685.2825342593,10800.0000000000,833.3333333333,764.5891675000,0.0000000000,0.0000000000,True,0.0000000000,0.0000000000,0.0000000000
2025-09-02,0.0000000000,0.0000000000,2155.3479937037,10800.0000000000,833.3333333333,780.2527690000,0.0000000000,0.0000000000,True,0.0000000000,0.0000000000,0.0000000000
2025-09-03,0.0000000000,0.0000000000,2413.5322877778,10800.0000000000,833.3333333333,799.4174778333,0.0000000000,0.0000000000,True,0.0000000000,0.0000000000,0.0000000000
2025-09-04,0.0000000000,0.0000000000,1811.6184807407,10800.0000000000,833.3333333333,833.3333333333,0.0000000000,0.0000000000,True,0.0000000000,0.0000000000,0.0000000000
2025-09-05,0.0000000000,0.0000000000,1924.5637685111,10800.0000000000,833.3333333333,588.7583333333,0.0000000000,0.0000000000,True,0.0000000000,0.0000000000,0.0000000000
2025-09-06,0.0000000000,0.0000000000,2082.5468824759,10800.0000000000,833.3333333333,588.4176000000,0.0000000000,0.0000000000,True,0.0000000000,0.0000000000,0.0000000000
2025-09-07,0.0000000000,0.0000000000,1775.9754766667,10800.0000000000,833.3333333333,819.8683333333,0.0000000000,0.0000000000,True,0.0000000000,0.0000000000,0.0000000000
2025-09-08,0.0000000000,0.0000000000,1200.0000000000,10800.0000000000,833.3333333333,803.5330023333,0.0000000000,0.0000000000,True,0.0000000000,0.0000000000,0.0000000000
2025-09-09,0.0000000000,0.0000000000,1200.0000000000,10800.0000000000,833.3333333333,822.2491058333,0.0000000000,0.0000000000,True,0.0000000000,0.0000000000,0.0000000000
2025-09-10,0.0000000000,0.0000000000,1200.0000000000,10800.0000000000,833.3333333333,819.7666666667,0.0000000000,0.0000000000,True,0.0000000000,0.0000000000,0.0000000000
2025-09-11,0.0000000000,0.0000000000,1405.2468692870,10800.0000000000,833.3333333333,833.3333333333,0.0000000000,0.0000000000,True,0.0000000000,0.0000000000,0.0000000000
2025-09-12,0.0000000000,0.0000000000,1200.0000000000,10800.0000000000,833.3333333333,583.2223166667,0.0000000000,0.0000000000,True,0.0000000000,0.0000000000,0.0000000000
2025-09-13,0.0000000000,0.0000000000,1578.3244662389,10800.0000000000,833.3333333333,571.3068333333,0.0000000000,0.0000000000,True,0.0000000000,0.0000000000,0.0000000000
2025-09-14,0.0000000000,0.0000000000,1408.1703574074,10800.0000000000,833.3333333333,831.9316666667,0.0000000000,0.0000000000,True,0.0000000000,0.0000000000,0.0000000000
2025-09-15,0.0000000000,0.0000000000,1200.0000000000,10800.0000000000,833.3333333333,833.3333333333,0.0000000000,0.0000000000,True,0.0000000000,0.0000000000,0.0000000000
2025-09-16,0.0000000000,0.0000000000,1200.0000000000,10800.0000000000,833.3333333333,833.3333333333,0.0000000000,0.0000000000,True,0.0000000000,0.0000000000,0.0000000000
2025-09-17,0.0000000000,0.0000000000,1299.8150605556,10800.0000000000,833.3333333333,833.3333333333,0.0000000000,0.0000000000,True,0.0000000000,0.0000000000,0.0000000000
2025-09-18,0.0000000000,0.0000000000,1200.0000000000,10800.0000000000,833.3333333333,833.1831333333,0.0000000000,0.0000000000,True,0.0000000000,0.0000000000,0.0000000000
2025-09-19,0.0000000000,0.0000000000,1444.5660700759,10800.0000000000,833.3333333333,545.1881666667,0.0000000000,0.0000000000,True,0.0000000000,0.0000000000,0.0000000000
2025-09-20,0.0000000000,0.0000000000,1365.6779344444,10800.0000000000,833.3333333333,572.0883333333,0.0000000000,0.0000000000,True,0.0000000000,0.0000000000,0.0000000000
2025-09-21,0.0000000000,0.0000000000,1372.5198253704,10800.0000000000,833.3333333333,826.6363261667,0.0000000000,0.0000000000,True,0.0000000000,0.0000000000,0.0000000000
2025-09-22,0.0000000000,0.0000000000,1200.0000000000,10800.0000000000,833.3333333333,833.3333333333,0.0000000000,0.0000000000,True,0.0000000000,0.0000000000,0.0000000000
2025-09-23,0.0000000000,0.0000000000,1200.0000000000,10800.0000000000,833.3333333333,827.1781166667,0.0000000000,0.0000000000,True,0.0000000000,0.0000000000,0.0000000000
2025-09-24,0.0000000000,0.0000000000,1320.7119355556,10800.0000000000,833.3333333333,825.1169333333,0.0000000000,0.0000000000,True,0.0000000000,0.0000000000,0.0000000000
2025-09-25,0.0000000000,0.0000000000,1257.2954874074,10800.0000000000,833.3333333333,833.3333333333,0.0000000000,0.0000000000,True,0.0000000000,0.0000000000,0.0000000000
2025-09-26,0.0000000000,0.0000000000,1668.1584601852,10800.0000000000,833.3333333333,562.1766666667,0.0000000000,0.0000000000,True,0.0000000000,0.0000000000,0.0000000000
2025-09-27,0.0000000000,0.0000000000,1285.0748045000,10800.0000000000,833.3333333333,548.6300000000,0.0000000000,0.0000000000,True,0.0000000000,0.0000000000,0.0000000000
2025-09-28,0.0000000000,0.0000000000,1474.1853385185,10800.0000000000,833.3333333333,833.3333333333,0.0000000000,0.0000000000,True,0.0000000000,0.0000000000,0.0000000000
2025-09-29,0.0000000000,0.0000000000,1200.0000000000,10800.0000000000,833.3333333333,833.3333333333,0.0000000000,0.0000000000,True,0.0000000000,0.0000000000,0.0000000000
2025-09-30,0.0000000000,0.0000000000,1200.0000000000,10800.0000000000,833.3333333333,833.3333333333,0.0000000000,0.0000000000,True,0.0000000000,0.0000000000,0.0000000000
2025-10-01,0.0000000000,0.0000000000,2038.9345925926,10800.0000000000,833.3333333333,816.4716666667,0.0000000000,0.0000000000,True,0.0000000000,0.0000000000,0.0000000000
2025-10-02,0.0000000000,0.0000000000,2098.2640740741,10800.0000000000,833.3333333333,828.9116666667,0.0000000000,0.0000000000,True,0.0000000000,0.0000000000,0.0000000000
2025-10-03,0.0000000000,0.0000000000,1816.4374542852,10800.0000000000,833.3333333333,498.6756500000,0.0000000000,0.0000000000,True,0.0000000000,0.0000000000,0.0000000000
2025-10-04,0.0000000000,0.0000000000,1285.5084701574,10800.0000000000,833.3333333333,501.8200000000,0.0000000000,0.0000000000,True,0.0000000000,0.0000000000,0.0000000000
2025-10-05,0.0000000000,0.0000000000,1624.0361599759,10800.0000000000,833.3333333333,814.7684000000,0.0000000000,0.0000000000,True,0.0000000000,0.0000000000,0.0000000000
2025-10-06,0.0000000000,0.0000000000,1308.5948240722,10800.0000000000,833.3333333333,789.2292166667,0.0000000000,0.0000000000,True,0.0000000000,0.0000000000,0.0000000000
2025-10-07,0.0000000000,0.0000000000,1478.3193299982,10800.0000000000,833.3333333333,810.2468000000,0.0000000000,0.0000000000,True,0.0000000000,0.0000000000,0.0000000000
2025-10-08,0.0000000000,0.0000000000,1200.0000000000,10800.0000000000,833.3333333333,821.6677166667,0.0000000000,0.0000000000,True,0.0000000000,0.0000000000,0.0000000000
2025-10-09,0.0000000000,0.0000000000,1200.0000000000,10800.0000000000,833.3333333333,820.1652000000,0.0000000000,0.0000000000,True,0.0000000000,0.0000000000,0.0000000000
2025-10-10,0.0000000000,0.0000000000,1200.0000000000,10800.0000000000,833.3333333333,471.3515166667,0.0000000000,0.0000000000,True,0.0000000000,0.0000000000,0.0000000000
2025-10-11,0.0000000000,0.0000000000,1285.4153293593,10800.0000000000,833.3333333333,496.5483333333,0.0000000000,0.0000000000,True,0.0000000000,0.0000000000,0.0000000000
2025-10-12,0.0000000000,0.0000000000,1401.6562629630,10800.0000000000,833.3333333333,833.3333333333,0.0000000000,0.0000000000,True,0.0000000000,0.0000000000,0.0000000000
2025-10-13,0.0000000000,0.0000000000,1389.9205175926,10800.0000000000,833.3333333333,806.2616666667,0.0000000000,0.0000000000,True,0.0000000000,0.0000000000,0.0000000000
2025-10-14,0.0000000000,0.0000000000,1200.0000000000,10800.0000000000,833.3333333333,814.6924166667,0.0000000000,0.0000000000,True,0.0000000000,0.0000000000,0.0000000000
2025-10-15,0.0000000000,0.0000000000,1200.0000000000,10800.0000000000,833.3333333333,796.8936830000,0.0000000000,0.0000000000,True,0.0000000000,0.0000000000,0.0000000000
2025-10-16,0.0000000000,0.0000000000,1200.0000000000,10800.0000000000,833.3333333333,814.5196333333,0.0000000000,0.0000000000,True,0.0000000000,0.0000000000,0.0000000000
2025-10-17,0.0000000000,0.0000000000,1268.6275821593,10800.0000000000,833.3333333333,489.1051833333,0.0000000000,0.0000000000,True,0.0000000000,0.0000000000,0.0000000000
2025-10-18,0.0000000000,0.0000000000,1870.7351175926,10800.0000000000,833.3333333333,466.4000333333,0.0000000000,0.0000000000,True,0.0000000000,0.0000000000,0.0000000000
2025-10-19,0.0000000000,0.0000000000,1200.0000000000,10800.0000000000,833.3333333333,825.5608333333,0.0000000000,0.0000000000,True,0.0000000000,0.0000000000,0.0000000000
2025-10-20,0.0000000000,0.0000000000,1200.0000000000,10800.0000000000,833.3333333333,819.6775666667,0.0000000000,0.0000000000,True,0.0000000000,0.0000000000,0.0000000000
2025-10-21,0.0000000000,0.0000000000,1251.5764501056,10800.0000000000,833.3333333333,831.9733333333,0.0000000000,0.0000000000,True,0.0000000000,0.0000000000,0.0000000000
2025-10-22,0.0000000000,0.0000000000,1200.0000000000,10800.0000000000,833.3333333333,825.7539500000,0.0000000000,0.0000000000,True,0.0000000000,0.0000000000,0.0000000000
2025-10-23,0.0000000000,0.0000000000,1311.9603492593,10800.0000000000,833.3333333333,818.0559833333,0.0000000000,0.0000000000,True,0.0000000000,0.0000000000,0.0000000000
2025-10-24,0.0000000000,0.0000000000,1200.0000000000,10800.0000000000,833.3333333333,509.0331333333,0.0000000000,0.0000000000,True,0.0000000000,0.0000000000,0.0000000000
2025-10-25,0.0000000000,0.0000000000,1479.7106318037,10800.0000000000,833.3333333333,485.5650000000,0.0000000000,0.0000000000,True,0.0000000000,0.0000000000,0.0000000000
2025-10-26,0.0000000000,0.0000000000,1587.8196588944,10800.0000000000,833.3333333333,830.1616666667,0.0000000000,0.0000000000,True,0.0000000000,0.0000000000,0.0000000000
2025-10-27,0.0000000000,0.0000000000,1393.0704845667,10800.0000000000,833.3333333333,833.3333333333,0.0000000000,0.0000000000,True,0.0000000000,0.0000000000,0.0000000000
2025-10-28,0.0000000000,0.0000000000,1525.5595668519,10800.0000000000,833.3333333333,820.3266666667,0.0000000000,0.0000000000,True,0.0000000000,0.0000000000,0.0000000000
2025-10-29,0.0000000000,0.0000000000,1200.0000000000,10800.0000000000,833.3333333333,816.2304500000,0.0000000000,0.0000000000,True,0.0000000000,0.0000000000,0.0000000000
2025-10-30,0.0000000000,0.0000000000,1349.1623449111,10800.0000000000,833.3333333333,833.3333333333,0.0000000000,0.0000000000,True,0.0000000000,0.0000000000,0.0000000000
2025-10-31,0.0000000000,0.0000000000,1312.1153378444,10800.0000000000,833.3333333333,487.6216666667,0.0000000000,0.0000000000,True,0.0000000000,0.0000000000,0.0000000000
2025-11-01,0.0000000000,0.0000000000,1975.9077592593,10800.0000000000,833.3333333333,477.1737833333,0.0000000000,0.0000000000,True,0.0000000000,0.0000000000,0.0000000000
2025-11-02,0.0000000000,0.0000000000,1221.8857790741,10800.0000000000,833.3333333333,805.4197016667,0.0000000000,0.0000000000,True,0.0000000000,0.0000000000,0.0000000000
2025-11-03,0.0000000000,0.0000000000,1831.0353292593,10800.0000000000,833.3333333333,808.0150000000,0.0000000000,0.0000000000,True,0.0000000000,0.0000000000,0.0000000000
2025-11-04,0.0000000000,0.0000000000,1264.2015187037,10800.0000000000,833.3333333333,833.3333333333,0.0000000000,0.0000000000,True,0.0000000000,0.0000000000,0.0000000000
2025-11-05,0.0000000000,0.0000000000,1704.0365114815,10800.0000000000,833.3333333333,797.2747806667,0.0000000000,0.0000000000,True,0.0000000000,0.0000000000,0.0000000000
2025-11-06,0.0000000000,0.0000000000,1299.9886407870,10800.0000000000,833.3333333333,803.2991000000,0.0000000000,0.0000000000,True,0.0000000000,0.0000000000,0.0000000000
2025-11-07,0.0000000000,0.0000000000,1606.9170074074,10800.0000000000,833.3333333333,491.6083333333,0.0000000000,0.0000000000,True,0.0000000000,0.0000000000,0.0000000000
2025-11-08,0.0000000000,0.0000000000,1739.1863318519,10800.0000000000,833.3333333333,481.4116666667,0.0000000000,0.0000000000,True,0.0000000000,0.0000000000,0.0000000000
2025-11-09,0.0000000000,0.0000000000,1278.3294412074,10800.0000000000,833.3333333333,808.1183333333,0.0000000000,0.0000000000,True,0.0000000000,0.0000000000,0.0000000000
2025-11-10,0.0000000000,0.0000000000,1461.4371806056,10800.0000000000,833.3333333333,821.7065298333,0.0000000000,0.0000000000,True,0.0000000000,0.0000000000,0.0000000000
2025-11-11,0.0000000000,0.0000000000,1577.8113835185,10800.0000000000,833.3333333333,787.0636845000,0.0000000000,0.0000000000,True,0.0000000000,0.0000000000,0.0000000000
2025-11-12,0.0000000000,0.0000000000,1321.8487235185,10800.0000000000,833.3333333333,814.9408795000,0.0000000000,0.0000000000,True,0.0000000000,0.0000000000,0.0000000000
2025-11-13,0.0000000000,0.0000000000,1269.2136175926,10800.0000000000,833.3333333333,828.5458061667,0.0000000000,0.0000000000,True,0.0000000000,0.0000000000,0.0000000000
2025-11-14,0.0000000000,0.0000000000,1622.9652783333,10800.0000000000,833.3333333333,474.0410500000,0.0000000000,0.0000000000,True,0.0000000000,0.0000000000,0.0000000000
2025-11-15,0.0000000000,0.0000000000,1463.9688868519,10800.0000000000,833.3333333333,486.8850000000,0.0000000000,0.0000000000,True,0.0000000000,0.0000000000,0.0000000000
2025-11-16,0.0000000000,0.0000000000,1565.2253485185,10800.0000000000,833.3333333333,832.3133333333,0.0000000000,0.0000000000,True,0.0000000000,0.0000000000,0.0000000000
2025-11-17,0.0000000000,0.0000000000,1564.3499268519,10800.0000000000,833.3333333333,777.6922875000,0.0000000000,0.0000000000,True,0.0000000000,0.0000000000,0.0000000000
2025-11-18,0.0000000000,0.0000000000,1445.8041881481,10800.0000000000,833.3333333333,817.5675666667,0.0000000000,0.0000000000,True,0.0000000000,0.0000000000,0.0000000000
2025-11-19,0.0000000000,0.0000000000,1349.6153235185,10800.0000000000,833.3333333333,833.3333333333,0.0000000000,0.0000000000,True,0.0000000000,0.0000000000,0.0000000000
2025-11-20,0.0000000000,0.0000000000,1404.6791442630,10800.0000000000,833.3333333333,804.2333333333,0.0000000000,0.0000000000,True,0.0000000000,0.0000000000,0.0000000000
2025-11-21,0.0000000000,0.0000000000,1729.9883175870,10800.0000000000,833.3333333333,489.4308333333,0.0000000000,0.0000000000,True,0.0000000000,0.0000000000,0.0000000000
2025-11-22,0.0000000000,0.0000000000,1495.1431201852,10800.0000000000,833.3333333333,537.3437500000,0.0000000000,0.0000000000,True,0.0000000000,0.0000000000,0.0000000000
2025-11-23,0.0000000000,0.0000000000,1446.1017341741,10800.0000000000,833.3333333333,805.6600000000,0.0000000000,0.0000000000,True,0.0000000000,0.0000000000,0.0000000000
2025-11-24,0.0000000000,0.0000000000,1200.0000000000,10800.0000000000,833.3333333333,833.3333333333,0.0000000000,0.0000000000,True,0.0000000000,0.0000000000,0.0000000000
2025-11-25,0.0000000000,0.0000000000,1493.9223053704,10800.0000000000,833.3333333333,798.4025000000,0.0000000000,0.0000000000,True,0.0000000000,0.0000000000,0.0000000000
2025-11-26,0.0000000000,0.0000000000,1462.1895044444,10800.0000000000,833.3333333333,833.3333333333,0.0000000000,0.0000000000,True,0.0000000000,0.0000000000,0.0000000000
2025-11-27,0.0000000000,0.0000000000,1355.5177230389,10800.0000000000,833.3333333333,815.2400000000,0.0000000000,0.0000000000,True,0.0000000000,0.0000000000,0.0000000000
2025-11-28,0.0000000000,0.0000000000,1281.2482946296,10800.0000000000,833.3333333333,511.0125000000,0.0000000000,0.0000000000,True,0.0000000000,0.0000000000,0.0000000000
2025-11-29,0.0000000000,0.0000000000,1573.9083664815,10800.0000000000,833.3333333333,499.8883333333,0.0000000000,0.0000000000,True,0.0000000000,0.0000000000,0.0000000000
2025-11-30,0.0000000000,0.0000000000,1364.9851479593,10800.0000000000,833.3333333333,833.3333333333,0.0000000000,0.0000000000,True,0.0000000000,0.0000000000,0.0000000000
2025-12-01,0.0000000000,0.0000000000,1219.2675205556,10800.0000000000,833.3333333333,833.3333333333,0.0000000000,0.0000000000,True,0.0000000000,0.0000000000,0.0000000000
2025-12-02,0.0000000000,0.0000000000,1200.0000000000,10800.0000000000,833.3333333333,833.3333333333,0.0000000000,0.0000000000,True,0.0000000000,0.0000000000,0.0000000000
2025-12-03,0.0000000000,0.0000000000,1691.4850117352,10800.0000000000,833.3333333333,817.8705795000,0.0000000000,0.0000000000,True,0.0000000000,0.0000000000,0.0000000000
2025-12-04,0.0000000000,0.0000000000,1389.7701568519,10800.0000000000,833.3333333333,833.3333333333,0.0000000000,0.0000000000,True,0.0000000000,0.0000000000,0.0000000000
2025-12-05,0.0000000000,0.0000000000,1690.2870759259,10800.0000000000,833.3333333333,665.5750000000,0.0000000000,0.0000000000,True,0.0000000000,0.0000000000,0.0000000000
2025-12-06,0.0000000000,0.0000000000,1542.0246113722,10800.0000000000,833.3333333333,655.6695833333,0.0000000000,0.0000000000,True,0.0000000000,0.0000000000,0.0000000000
2025-12-07,0.0000000000,0.0000000000,1442.3808711111,10800.0000000000,833.3333333333,833.3333333333,0.0000000000,0.0000000000,True,0.0000000000,0.0000000000,0.0000000000
2025-12-08,0.0000000000,0.0000000000,1592.1097931481,10800.0000000000,833.3333333333,768.9918333333,0.0000000000,0.0000000000,True,0.0000000000,0.0000000000,0.0000000000
2025-12-09,0.0000000000,0.0000000000,1448.0529649889,10800.0000000000,833.3333333333,826.9633886667,0.0000000000,0.0000000000,True,0.0000000000,0.0000000000,0.0000000000
2025-12-10,0.0000000000,0.0000000000,1639.8553448148,10800.0000000000,833.3333333333,748.9394666667,0.0000000000,0.0000000000,True,0.0000000000,0.0000000000,0.0000000000
2025-12-11,0.0000000000,0.0000000000,1627.6549498148,10800.0000000000,833.3333333333,773.3083333333,0.0000000000,0.0000000000,True,0.0000000000,0.0000000000,0.0000000000
2025-12-12,0.0000000000,0.0000000000,1645.9198398148,10800.0000000000,833.3333333333,625.3124500000,0.0000000000,0.0000000000,True,0.0000000000,0.0000000000,0.0000000000
2025-12-13,0.0000000000,0.0000000000,1656.1001240741,10800.0000000000,833.3333333333,633.9050000000,0.0000000000,0.0000000000,True,0.0000000000,0.0000000000,0.0000000000
2025-12-14,0.0000000000,0.0000000000,1496.2770098148,10800.0000000000,833.3333333333,784.6218301667,0.0000000000,0.0000000000,True,0.0000000000,0.0000000000,0.0000000000
2025-12-15,0.0000000000,0.0000000000,1525.5863562963,10800.0000000000,833.3333333333,805.7693216667,0.0000000000,0.0000000000,True,0.0000000000,0.0000000000,0.0000000000
2025-12-16,0.0000000000,0.0000000000,1582.0868898148,10800.0000000000,833.3333333333,796.9617186667,0.0000000000,0.0000000000,True,0.0000000000,0.0000000000,0.0000000000
2025-12-17,0.0000000000,0.0000000000,1492.1969292593,10800.0000000000,833.3333333333,812.9232921667,0.0000000000,0.0000000000,True,0.0000000000,0.0000000000,0.0000000000
2025-12-18,0.0000000000,0.0000000000,1518.3066613407,10800.0000000000,833.3333333333,826.7782725000,0.0000000000,0.0000000000,True,0.0000000000,0.0000000000,0.0000000000
2025-12-19,0.0000000000,0.0000000000,1479.4637461111,10800.0000000000,833.3333333333,626.0969500000,0.0000000000,0.0000000000,True,0.0000000000,0.0000000000,0.0000000000
2025-12-20,0.0000000000,0.0000000000,1623.7341643426,10800.0000000000,833.3333333333,619.5816666667,0.0000000000,0.0000000000,True,0.0000000000,0.0000000000,0.0000000000
2025-12-21,0.0000000000,0.0000000000,1419.9079566667,10800.0000000000,833.3333333333,820.2672220000,0.0000000000,0.0000000000,True,0.0000000000,0.0000000000,0.0000000000
2025-12-22,0.0000000000,0.0000000000,1382.2363336833,10800.0000000000,833.3333333333,833.3333333333,0.0000000000,0.0000000000,True,0.0000000000,0.0000000000,0.0000000000
2025-12-23,0.0000000000,0.0000000000,1609.8168650000,10800.0000000000,833.3333333333,771.7065238333,0.0000000000,0.0000000000,True,0.0000000000,0.0000000000,0.0000000000
2025-12-24,0.0000000000,0.0000000000,1266.4700929630,10800.0000000000,833.3333333333,814.5734513333,0.0000000000,0.0000000000,True,0.0000000000,0.0000000000,0.0000000000
2025-12-25,0.0000000000,0.0000000000,1388.9610448148,10800.0000000000,833.3333333333,798.3765545000,0.0000000000,0.0000000000,True,0.0000000000,0.0000000000,0.0000000000
2025-12-26,0.0000000000,0.0000000000,1643.2421703704,10800.0000000000,833.3333333333,651.6783333333,0.0000000000,0.0000000000,True,0.0000000000,0.0000000000,0.0000000000
2025-12-27,0.0000000000,0.0000000000,1576.1318495778,10800.0000000000,833.3333333333,648.7416666667,0.0000000000,0.0000000000,True,0.0000000000,0.0000000000,0.0000000000
2025-12-28,0.0000000000,0.0000000000,1729.0611661796,10800.0000000000,833.3333333333,833.3333333333,0.0000000000,0.0000000000,True,0.0000000000,0.0000000000,0.0000000000
2025-12-29,0.0000000000,0.0000000000,1389.0046924074,10800.0000000000,833.3333333333,795.8521943333,0.0000000000,0.0000000000,True,0.0000000000,0.0000000000,0.0000000000
2025-12-30,0.0000000000,0.0000000000,1556.4929453704,10800.0000000000,833.3333333333,824.8241235000,0.0000000000,0.0000000000,True,0.0000000000,0.0000000000,0.0000000000
2025-12-31,0.0000000000,0.0000000000,1255.3244935222,10800.0000000000,833.3333333333,805.8158411667,0.0000000000,0.0000000000,True,0.0000000000,0.0000000000,0.0000000000
