date,day,initial_soc,terminal_soc,total_cost,planned_cost,emergency_cost,emergency_kwh,spill_kwh,planned_kwh,charge_kwh,discharge_kwh,emergency_slots,emergency_day,events,adjusted_cost,inventory_value_rate,reference_terminal_target,alpha,rho,window,smooth,features,k,blend
2025-02-01,31,6000.0000000000,7426.8898163929,25400.4941212456,25400.4941212456,0.0000000000,0.0000000000,9173.4046728251,48558.5166518182,19593.3432152957,14586.4071696359,0,0,0,24811.8228003271,0.4125555556,6000.0000000000,0.8000000000,0.5000000000,28,3,none,21,0.0000000000
2025-02-02,32,7426.8898163929,6998.0632331632,57973.1749619499,57973.1749619499,0.0000000000,0.0000000000,9258.5753280676,91206.5945752901,20935.1853796275,17343.4440824050,0,0,0,58150.0897512312,0.4125555556,6000.0000000000,0.8000000000,0.5000000000,28,3,none,21,0.0000000000
2025-02-03,33,6998.0632331632,6372.0579036635,54793.0721238541,54793.0721238541,0.0000000000,0.0000000000,3298.8119436106,87243.5400151093,22585.3493055177,18857.5377340191,0,0,0,55051.3341003466,0.4125555556,6000.0000000000,0.8000000000,0.5000000000,28,3,none,21,0.0000000000
2025-02-04,34,6372.0579036635,6754.0056297989,56563.6397285724,56563.6397285724,0.0000000000,0.0000000000,3697.2879784892,89851.1235441857,24290.6245377616,19331.6529220651,0,0,0,56406.0650722235,0.4125555556,6000.0000000000,0.8000000000,0.5000000000,28,3,none,21,0.0000000000
2025-02-05,35,6754.0056297989,6453.5869065978,55659.6526288776,55505.8459690859,153.8066597917,26.4795833333,3280.9983427743,88203.4675248956,23531.0454368546,19330.5236547333,1,1,1,55783.5920421272,0.4125555556,6000.0000000000,0.8000000000,0.5000000000,28,3,none,21,0.0000000000
2025-02-06,36,6453.5869065978,6476.0103913844,56179.7097902276,55860.9007325110,318.8090577167,54.7670333333,4029.1325621157,88655.9902915975,23107.2968938970,18696.7293477486,2,1,1,56170.4588570040,0.4125555556,6000.0000000000,0.8000000000,0.5000000000,28,3,none,21,0.0000000000
2025-02-07,37,6476.0103913844,6476.1084283243,22247.1690481547,22247.1690481547,0.0000000000,0.0000000000,7436.6713096150,42962.6765191534,19580.1963664518,15859.8708235800,0,0,0,22247.1286024705,0.4125555556,6000.0000000000,0.8000000000,0.5000000000,28,3,none,21,0.0000000000
2025-02-08,38,6476.1084283243,6519.8524121624,20405.2270878406,20405.2270878406,0.0000000000,0.0000000000,4072.9953157733,39273.2643412186,18861.7722280232,15238.6659192445,0,0,0,20387.1802642861,0.4125555556,6000.0000000000,0.8000000000,0.5000000000,28,3,none,21,0.0000000000
2025-02-09,39,6519.8524121624,6019.7863499632,54988.2226252047,52348.5532935597,2639.6693316450,420.3187597387,537.8424817259,83753.5529089051,23845.6456643714,19765.0324441201,8,1,4,55194.5276573098,0.4125555556,6000.0000000000,0.8000000000,0.5000000000,28,3,none,21,0.0000000000
2025-02-10,40,6019.7863499632,5909.4198623961,52513.1559522861,51936.0699336600,577.0860186261,127.5841346592,5342.4576870488,83587.4099614113,21816.9929710457,17771.0941453573,7,1,2,52558.6882598790,0.4125555556,6000.0000000000,0.8000000000,0.5000000000,28,3,none,21,0.0000000000
2025-02-11,41,5909.4198623961,6099.3156963293,52611.7626334793,52255.4068809565,356.3557525228,70.0480447199,4265.5537642033,83927.9392984034,22847.0010265623,18335.1645809757,6,1,3,52533.4200522133,0.4125555556,6000.0000000000,0.8000000000,0.5000000000,28,3,none,21,0.0000000000
2025-02-12,42,6099.3156963293,6238.7068216684,52111.1186080985,52108.5406294299,2.5779786686,0.5503797328,3827.0146930237,83513.8642056729,22606.3776118081,18185.7138527594,1,1,1,52053.6120249447,0.4125555556,6000.0000000000,0.8000000000,0.5000000000,28,3,none,21,0.0000000000
2025-02-13,43,6238.7068216684,6350.1311824457,52042.3774728845,52042.3774728845,0.0000000000,0.0000000000,7949.8488147152,83202.5929772113,20120.9643217359,16197.6991759065,0,0,0,51996.4087338216,0.4125555556,6000.0000000000,0.8000000000,0.5000000000,28,3,none,21,0.0000000000
2025-02-14,44,6350.1311824457,6667.1217197092,19593.3728127220,19593.3728127220,0.0000000000,0.0000000000,3656.9695252260,37256.9154219003,18488.6978761607,14690.5537961531,0,0,0,19462.5966055154,0.4125555556,6000.0000000000,0.8000000000,0.5000000000,28,3,none,21,0.0000000000
2025-02-15,45,6667.1217197092,6413.0762329356,19097.3598454697,19097.3598454697,0.0000000000,0.0000000000,3864.8036601948,36269.5509470884,17648.9322367887,14524.2760498951,0,0,0,19202.1677224020,0.4125555556,6000.0000000000,0.8000000000,0.5000000000,28,3,none,21,0.0000000000
2025-02-16,46,6413.0762329356,6237.6070442776,50924.4212352957,49737.7066006183,1186.7146346774,262.0271855936,769.8895504174,80142.0701409105,23235.5312940995,18978.7026180129,5,1,3,50996.8120239054,0.4125555556,6000.0000000000,0.8000000000,0.5000000000,28,3,none,21,0.0000000000
2025-02-17,47,6237.6070442776,6011.1189682106,49769.9001057222,48649.0803058337,1120.8197998885,170.6796315665,4214.1806004379,79065.7174996346,21274.6980660880,17436.3447019915,2,1,2,49863.3390197707,0.4125555556,6000.0000000000,0.8000000000,0.5000000000,28,3,none,21,0.0000000000
2025-02-18,48,6011.1189682106,6590.2075742738,50015.6565219542,49928.1399584233,87.5165635309,19.2365234709,3869.1816106091,80697.0079513184,22286.8175546839,17531.1424738371,1,1,1,49776.7503003639,0.4125555556,6000.0000000000,0.8000000000,0.5000000000,28,3,none,21,0.0000000000
2025-02-19,49,6590.2075742738,6114.7625359091,49764.1049039996,49552.8695536030,211.2353503967,47.9818639082,3191.1667661837,79931.3518579963,22824.9479311356,18916.1083587481,2,1,2,49960.2523959383,0.4125555556,6000.0000000000,0.8000000000,0.5000000000,28,3,none,21,0.0000000000
2025-02-20,50,6114.7625359091,6587.8230942784,49833.5675847186,49796.7209071125,36.8466776061,7.8664982080,4846.3768151943,80419.5863771633,21906.2517069020,17318.3093800583,1,1,1,49638.4038232492,0.4125555556,6000.0000000000,0.8000000000,0.5000000000,28,3,none,21,0.0000000000
2025-02-21,51,6587.8230942784,6854.6064068644,19034.9944161082,19034.9944161082,0.0000000000,0.0000000000,7045.4020183156,36184.6737657214,17573.1828039213,13994.1730898488,0,0,0,18924.9314783713,0.4125555556,6000.0000000000,0.8000000000,0.5000000000,28,3,none,21,0.0000000000
2025-02-22,52,6854.6064068644,6782.0922016356,18583.1018373122,18583.1018373122,0.0000000000,0.0000000000,4323.8193443146,35380.5142388610,17248.3936627318,14036.4616515187,0,0,0,18613.0179755360,0.4125555556,6000.0000000000,0.8000000000,0.5000000000,28,3,none,21,0.0000000000
2025-02-23,53,6782.0922016356,6307.2794729097,48618.6625304892,48555.7821993559,62.8803311333,13.8213718284,3244.9548430064,78468.7405860317,21753.0783545980,18047.3249230776,1,1,1,48814.5491595735,0.4125555556,6000.0000000000,0.8000000000,0.5000000000,28,3,none,21,0.0000000000
2025-02-24,54,6307.2794729097,6150.5313170483,48455.0114891479,47346.4077232883,1108.6037658596,177.7010139313,5351.7840081396,77257.9780490926,21168.0777815415,17287.2163433238,5,1,2,48519.6788116716,0.4125555556,6000.0000000000,0.8000000000,0.5000000000,28,3,none,21,0.0000000000
2025-02-25,55,6150.5313170483,6349.5881692082,48637.8619682015,48415.7911713385,222.0707968630,49.4819168827,8823.5868944495,78598.3250082293,20124.9770020281,16122.0802046989,2,1,2,48555.7399579716,0.4125555556,6000.0000000000,0.8000000000,0.5000000000,28,3,none,21,0.0000000000
2025-02-26,56,6349.5881692082,6776.0518283258,47261.4836060271,47261.4836060271,0.0000000000,0.0000000000,3466.5473025986,76837.0720144472,21957.1546595232,17401.4779810079,0,0,0,47085.5436542156,0.4125555556,6000.0000000000,0.8000000000,0.5000000000,28,3,none,21,0.0000000000
2025-02-27,57,6776.0518283258,6475.4082897215,48241.3675147240,46712.2508494648,1529.1166652592,315.0257255913,5309.7703073942,75945.3642089588,22445.3400626302,18451.3046354743,4,1,1,48365.3996768171,0.4125555556,6000.0000000000,0.8000000000,0.5000000000,28,3,none,21,0.0000000000
2025-02-28,58,6475.4082897215,6787.3540595727,18525.8355074007,18525.8355074007,0.0000000000,0.0000000000,8596.8743841186,35413.4599126439,17069.6883455747,13545.6963670495,0,0,0,18397.1405470166,0.4125555556,6000.0000000000,0.8000000000,0.5000000000,28,3,none,21,0.0000000000
2025-03-01,59,6787.3540595727,6820.2774531582,18233.5775071994,18233.5775071994,0.0000000000,0.0000000000,8014.7329828650,34753.6990322485,16055.6266411750,12975.4265251247,0,0,0,18219.9947782679,0.4125555556,6000.0000000000,0.8000000000,0.5000000000,28,3,none,21,0.0000000000
2025-03-02,60,6820.2774531582,6057.4469786410,59402.5873829482,46442.4647144110,12960.1226685372,1918.5392108179,1698.2083578336,75435.5117858734,20968.8578908245,17671.3223186334,10,1,2,59717.2973331574,0.4125555556,6000.0000000000,0.8000000000,0.5000000000,28,3,none,21,0.0000000000
2025-03-03,61,6057.4469786410,6037.6423945083,53653.5886974883,46897.2402195036,6756.3484779847,1095.8799664476,1252.2740061519,76640.7308705412,23605.3385432793,19138.1483457756,12,1,2,53661.7591886977,0.4125555556,6000.0000000000,0.8000000000,0.5000000000,28,3,none,21,0.0000000000
2025-03-04,62,6037.6423945083,6375.9476360744,49650.2643882603,49650.2643882603,0.0000000000,0.0000000000,6651.7566058919,80139.2426951829,20966.0707292007,16678.0425732431,0,0,0,49510.6946813786,0.4125555556,6000.0000000000,0.8000000000,0.5000000000,28,3,none,21,0.0000000000
2025-03-05,63,6375.9476360744,6385.7199282943,48439.2361901025,48424.2835001025,14.9526900000,3.2866666667,8698.4242253077,78613.0069324205,19887.3804953417,16099.9831382289,1,1,1,48435.2045766567,0.4125555556,6000.0000000000,0.8000000000,0.5000000000,28,3,none,21,0.0000000000
2025-03-06,64,6385.7199282943,6404.6319450955,47307.7116151693,47307.7116151693,0.0000000000,0.0000000000,6943.3893638026,76715.1739270945,20074.2611307235,16243.1307007650,0,0,0,47299.9093575712,0.4125555556,6000.0000000000,0.8000000000,0.5000000000,28,3,none,21,0.0000000000
2025-03-07,65,6404.6319450955,6984.2572508330,17900.1219585135,17900.1219585135,0.0000000000,0.0000000000,9482.6137560468,33913.4100500853,15720.2525554810,12211.7417947758,0,0,0,17660.9943184909,0.4125555556,6000.0000000000,0.8000000000,0.5000000000,28,3,none,21,0.0000000000
2025-03-08,66,6984.2572508330,6799.9813601810,16894.7822081411,16894.7822081411,0.0000000000,0.0000000000,9729.7788219719,31761.4722896926,16496.8539612675,13528.3000102134,0,0,0,16970.8062505845,0.4125555556,6000.0000000000,0.8000000000,0.5000000000,28,3,none,21,0.0000000000
2025-03-09,67,6799.9813601810,6305.7370862152,43667.3915071752,43667.3915071752,0.0000000000,0.0000000000,4629.4580209027,71514.1853767388,21031.6955389754,17480.4932331393,0,0,0,43871.2947282013,0.4125555556,6000.0000000000,0.8000000000,0.5000000000,28,3,none,21,0.0000000000
2025-03-10,68,6305.7370862152,6147.9153353178,57663.5269234146,41921.5773988183,15741.9495245963,2530.8971211411,53.1452178669,69255.9942649343,20177.4436527166,16485.7689345081,14,1,2,57728.6371635348,0.4125555556,6000.0000000000,0.8000000000,0.5000000000,28,3,none,21,0.0000000000
2025-03-11,69,6147.9153353178,6741.9727822984,45495.9017863086,45495.9017863086,0.0000000000,0.0000000000,6341.8534289973,74773.4703292704,20831.8231473188,16339.1250470457,0,0,0,45250.8200862376,0.4125555556,6000.0000000000,0.8000000000,0.5000000000,28,3,none,21,0.0000000000
2025-03-12,70,6741.9727822984,6374.1070323906,44030.0665069506,44030.0665069506,0.0000000000,0.0000000000,6260.1713175945,72134.0263929612,19838.9450892123,16400.6246971790,0,0,0,44181.8315657737,0.4125555556,6000.0000000000,0.8000000000,0.5000000000,28,3,none,21,0.0000000000
2025-03-13,71,6374.1070323906,6193.4050649505,50822.3154652383,43122.6129666785,7699.7024985598,1273.5493243256,808.3194650979,70931.4091566633,21124.4882627388,17273.4672635145,8,1,2,50896.8650658055,0.4125555556,6000.0000000000,0.8000000000,0.5000000000,28,3,none,21,0.0000000000
2025-03-14,72,6193.4050649505,7011.4661381696,17059.9430747044,17059.9430747044,0.0000000000,0.0000000000,12462.9490365489,32315.8321497470,16248.4324419347,12424.9753120699,0,0,0,16722.4474341641,0.4125555556,6000.0000000000,0.8000000000,0.5000000000,28,3,none,21,0.0000000000
2025-03-15,73,7011.4661381696,6364.9126032387,16588.4993734994,16588.4993734994,0.0000000000,0.0000000000,7906.2025776498,31336.5683299424,16253.3620196340,13747.1214173414,0,0,0,16855.2386262993,0.4125555556,6000.0000000000,0.8000000000,0.5000000000,28,3,none,21,0.0000000000
2025-03-16,74,6364.9126032387,6631.9884154095,43341.5287140303,43334.0675340303,7.4611800000,1.6400000000,3779.6486267107,71397.0641284789,21198.1070393750,16930.0984709401,1,1,1,43231.3451039647,0.4125555556,6000.0000000000,0.8000000000,0.5000000000,28,3,none,21,0.0000000000
2025-03-17,75,6631.9884154095,6311.4514184239,41638.0954199887,41638.0954199887,0.0000000000,0.0000000000,7840.1946976837,69103.8962182526,19442.3862343296,16036.8161470940,0,0,0,41770.3347388562,0.4125555556,6000.0000000000,0.8000000000,0.5000000000,28,3,none,21,0.0000000000
2025-03-18,76,6311.4514184239,6483.2388119577,43130.8265689914,42370.7098610024,760.1167079890,155.3089888103,4824.4215704142,70071.4808571270,21693.6908140847,17417.2809052281,5,1,1,43059.9547254146,0.4125555556,6000.0000000000,0.8000000000,0.5000000000,28,3,none,21,0.0000000000
2025-03-19,77,6483.2388119577,6669.5039890951,42308.3706855438,42308.3706855438,0.0000000000,0.0000000000,6171.9240248437,69831.3510251758,21191.1467942547,16997.1902439226,0,0,0,42231.5259519092,0.4125555556,6000.0000000000,0.8000000000,0.5000000000,28,3,none,21,0.0000000000
2025-03-20,78,6669.5039890951,6408.8199652090,41929.1834699928,41929.1834699928,0.0000000000,0.0000000000,2984.5030937412,68932.9428570026,20916.2819373280,17176.8039907332,0,0,0,42036.7301122916,0.4125555556,6000.0000000000,0.8000000000,0.5000000000,28,3,none,21,0.0000000000
2025-03-21,79,6408.8199652090,6529.6556479291,16273.6288425249,16273.6288425249,0.0000000000,0.0000000000,15921.9465691654,31107.9009021894,16019.6721153118,12867.1822989544,0,0,0,16223.7774103093,0.4125555556,6000.0000000000,0.8000000000,0.5000000000,28,3,none,21,0.0000000000
2025-03-22,80,6529.6556479291,7026.4074721205,16363.0685167531,16363.0685167531,0.0000000000,0.0000000000,11849.4684775391,31257.4386773411,16208.9148668234,12682.1444003547,0,0,0,16158.1307919506,0.4125555556,6000.0000000000,0.8000000000,0.5000000000,28,3,none,21,0.0000000000
2025-03-23,81,7026.4074721205,6257.7072385768,40863.0858994323,40612.7663276435,250.3195717888,41.7932955630,5286.0069134481,67095.2210215138,19858.5131429024,16777.2258559403,2,1,2,41180.2174513377,0.4125555556,6000.0000000000,0.8000000000,0.5000000000,28,3,none,21,0.0000000000
2025-03-24,82,6257.7072385768,5954.8677398655,39524.3152476789,39524.3152476789,0.0000000000,0.0000000000,4131.4911219560,65833.2265379676,20925.2309553599,17221.9926226816,0,0,0,39649.2533653139,0.4125555556,6000.0000000000,0.8000000000,0.5000000000,28,3,none,21,0.0000000000
2025-03-25,83,5954.8677398655,6094.7180869698,40503.2114704309,40398.6202588046,104.5912116263,22.3223160018,2038.9459819543,67231.9616818291,21786.0420358743,17520.8287366644,2,1,1,40445.5154327866,0.4125555556,6000.0000000000,0.8000000000,0.5000000000,28,3,none,21,0.0000000000
2025-03-26,84,6094.7180869698,6274.7614798393,40669.1542296077,40669.1542296077,0.0000000000,0.0000000000,8071.4619362893,67634.2532982089,20043.1444298442,16072.9079345912,0,0,0,40594.8763276383,0.4125555556,6000.0000000000,0.8000000000,0.5000000000,28,3,none,21,0.0000000000
2025-03-27,85,6274.7614798393,6381.2943211168,40416.3038047339,40416.3038047339,0.0000000000,0.0000000000,4259.3547461586,66933.9968863372,20325.1220159416,16367.4692757629,0,0,0,40372.3530892158,0.4125555556,6000.0000000000,0.8000000000,0.5000000000,28,3,none,21,0.0000000000
2025-03-28,86,6381.2943211168,6798.7469964775,15968.0846302212,15968.0846302212,0.0000000000,0.0000000000,16722.5174916622,30929.1029930924,15836.8280365204,12452.1233017568,0,0,0,15795.8622098196,0.4125555556,6000.0000000000,0.8000000000,0.5000000000,28,3,none,21,0.0000000000
2025-03-29,87,6798.7469964775,6730.0158859309,15580.4376286546,15580.4376286546,0.0000000000,0.0000000000,19701.8732001473,30323.0600568948,15662.2930152954,12748.3153418812,0,0,0,15608.7930301501,0.4125555556,6000.0000000000,0.8000000000,0.5000000000,28,3,none,21,0.0000000000
2025-03-30,88,6730.0158859309,6506.3919369054,38584.2963191957,38584.2963191957,0.0000000000,0.0000000000,4910.7712034640,63844.8536570991,19945.9174092525,16357.4546556175,0,0,0,38676.5536217214,0.4125555556,6000.0000000000,0.8000000000,0.5000000000,28,3,none,21,0.0000000000
2025-03-31,89,6506.3919369054,6270.4386559641,41287.7141988611,36788.9528292159,4498.7613696452,668.0952594648,1687.8776667695,61442.6016193410,19388.3562186850,15916.9264899820,5,1,3,41385.0580357650,0.4125555556,6000.0000000000,0.8000000000,0.5000000000,28,3,none,21,0.0000000000
2025-04-01,90,6270.4386559641,6221.9007127442,39983.8368170229,38549.0174810171,1434.8193360058,207.1558401229,502.8936725676,64216.6119355025,19766.8775541527,16054.8549677616,2,1,1,40003.8614151535,0.4125555556,6000.0000000000,0.8000000000,0.5000000000,28,3,none,21,0.0000000000
2025-04-02,91,6221.9007127442,6329.0756705738,45238.5667493078,38838.0724434001,6400.4943059077,1282.4526170232,1771.9787556205,65079.3686901817,21358.1562607253,17203.6491091408,11,1,1,45194.3511250388,0.4125555556,6000.0000000000,0.8000000000,0.5000000000,28,3,none,21,0.0000000000
2025-04-03,92,6329.0756705738,6391.1215680426,39688.7266870177,39688.7266870177,0.0000000000,0.0000000000,6643.5728951498,66509.7133672470,20772.4678826773,16769.8576772467,0,0,0,39663.1293073175,0.4125555556,6000.0000000000,0.8000000000,0.5000000000,28,3,none,21,0.0000000000
2025-04-04,93,6391.1215680426,6897.3057436939,15399.5401628114,15399.5401628114,0.0000000000,0.0000000000,20247.7334375584,30137.6254047510,15808.0208374021,12348.9311202095,0,0,0,15190.7110690121,0.4125555556,6000.0000000000,0.8000000000,0.5000000000,28,3,none,21,0.0000000000
2025-04-05,94,6897.3057436939,6610.7150942122,15170.3401635865,15170.3401635865,0.0000000000,0.0000000000,15020.9638611134,29711.1773147242,15284.3687095311,12638.2702392536,0,0,0,15288.5747282004,0.4125555556,6000.0000000000,0.8000000000,0.5000000000,28,3,none,21,0.0000000000
2025-04-06,95,6610.7150942122,6187.5391284916,38569.0565776130,38569.0565776130,0.0000000000,0.0000000000,7021.2492559853,64755.6149944822,19500.7781104149,16176.4886385846,0,0,0,38743.6401732486,0.4125555556,6000.0000000000,0.8000000000,0.5000000000,28,3,none,21,0.0000000000
2025-04-07,96,6187.5391284916,6116.9643271432,36676.7624266406,36676.7624266406,0.0000000000,0.0000000000,5035.8936900403,62002.8694916510,19935.6517867943,16211.3952685169,0,0,0,36705.8784530191,0.4125555556,6000.0000000000,0.8000000000,0.5000000000,28,3,none,21,0.0000000000
2025-04-08,97,6116.9643271432,6146.7309703949,38527.1405830479,37926.6018308374,600.5387522105,117.4354746322,5443.8389411769,63774.0255112429,21408.6234163425,17314.1949883109,3,1,2,38514.8601890042,0.4125555556,6000.0000000000,0.8000000000,0.5000000000,28,3,none,21,0.0000000000
2025-04-09,98,6146.7309703949,6148.2573151686,41794.4820641481,37828.0010842866,3966.4809798614,577.3366620481,1020.9758040160,63454.0684735438,20393.3926558570,16517.2743409477,4,1,1,41793.8523621320,0.4125555556,6000.0000000000,0.8000000000,0.5000000000,28,3,none,21,0.0000000000
2025-04-10,99,6148.2573151686,6418.1294767334,38729.8541473251,38729.8541473251,0.0000000000,0.0000000000,6501.7920837667,65209.7167891440,21075.7992629951,16828.5124576178,0,0,0,38618.5168877818,0.4125555556,6000.0000000000,0.8000000000,0.5000000000,28,3,none,21,0.0000000000
2025-04-11,100,6418.1294767334,6735.3452878810,14984.5901119263,14984.5901119263,0.0000000000,0.0000000000,20957.2454697818,29512.0140709392,15540.1273918835,12302.0089573928,0,0,0,14853.7209667273,0.4125555556,6000.0000000000,0.8000000000,0.5000000000,28,3,none,21,0.0000000000
2025-04-12,101,6735.3452878810,6865.5289794062,14919.1548204142,14919.1548204142,0.0000000000,0.0000000000,17345.0610425175,29357.1899303555,15104.2263971859,12117.2580593478,0,0,0,14865.4468152328,0.4125555556,6000.0000000000,0.8000000000,0.5000000000,28,3,none,21,0.0000000000
2025-04-13,102,6865.5289794062,6329.4256023290,36479.2818808151,36479.2818808151,0.0000000000,0.0000000000,3706.2999434136,61282.5111206847,19907.0828068803,16607.2301129425,0,0,0,36700.4543073804,0.4125555556,6000.0000000000,0.8000000000,0.5000000000,28,3,none,21,0.0000000000
2025-04-14,103,6329.4256023290,6084.0897576093,36018.1783125937,35365.4676359278,652.7106766659,94.7740741880,3873.6491660436,59885.9295963114,19999.0787615972,16420.0560571415,2,1,1,36119.3929783098,0.4125555556,6000.0000000000,0.8000000000,0.5000000000,28,3,none,21,0.0000000000
2025-04-15,104,6084.0897576093,6545.1199405579,37002.7262688831,37002.7262688831,0.0000000000,0.0000000000,8027.3066999331,62253.9531431523,19327.8444485908,15240.6268387048,0,0,0,36812.5257056289,0.4125555556,6000.0000000000,0.8000000000,0.5000000000,28,3,none,21,0.0000000000
2025-04-16,105,6545.1199405579,6341.5386683482,36102.2334407384,36102.2334407384,0.0000000000,0.0000000000,1153.5817420216,60481.5964047580,19640.2413564481,16091.8186437117,0,0,0,36186.2220255956,0.4125555556,6000.0000000000,0.8000000000,0.5000000000,28,3,none,21,0.0000000000
2025-04-17,106,6341.5386683482,6483.2462750066,36971.1024290510,36971.1024290510,0.0000000000,0.0000000000,5517.9571285370,62257.9178112673,19705.6920354617,15834.0737027314,0,0,0,36912.6401686595,0.4125555556,6000.0000000000,0.8000000000,0.5000000000,28,3,none,21,0.0000000000
2025-04-18,107,6483.2462750066,7020.2427360606,14482.0881220270,14482.0881220270,0.0000000000,0.0000000000,18943.0907412527,28762.8623950812,15696.6192397190,12230.9647692238,0,0,0,14260.5472487055,0.4125555556,6000.0000000000,0.8000000000,0.5000000000,28,3,none,21,0.0000000000
2025-04-19,108,7020.2427360606,6802.6579135165,13865.5349657401,13865.5349657401,0.0000000000,0.0000000000,18011.2156103046,27632.9198266014,15962.3752978237,13125.3503315269,0,0,0,13955.3007930852,0.4125555556,6000.0000000000,0.8000000000,0.5000000000,28,3,none,21,0.0000000000
2025-04-20,109,6802.6579135165,6583.8302485661,35626.5970042642,35626.5970042642,0.0000000000,0.0000000000,4426.0687867636,59932.6271205138,19714.5176256436,16165.7041752267,0,0,0,35716.8755731487,0.4125555556,6000.0000000000,0.8000000000,0.5000000000,28,3,none,21,0.0000000000
2025-04-21,110,6583.8302485661,5981.8965614240,34865.0311835317,34825.9883534655,39.0428300661,8.1508784585,7511.8393536320,58937.8123719059,18205.0201675099,15287.8066541109,2,1,2,35113.3622702382,0.4125555556,6000.0000000000,0.8000000000,0.5000000000,28,3,none,21,0.0000000000
2025-04-22,111,5981.8965614240,6400.6402172463,35395.0627808952,35395.0627808952,0.0000000000,0.0000000000,3205.1508597687,59441.1108116030,19506.1123417237,15423.0817065562,0,0,0,35222.3077593321,0.4125555556,6000.0000000000,0.8000000000,0.5000000000,28,3,none,21,0.0000000000
2025-04-23,112,6400.6402172463,6598.8238541647,35385.1747228397,35385.1747228397,0.0000000000,0.0000000000,4583.2235748904,59713.2608717391,18693.4489839759,14963.3284037939,0,0,0,35303.4129624088,0.4125555556,6000.0000000000,0.8000000000,0.5000000000,28,3,none,21,0.0000000000
2025-04-24,113,6598.8238541647,6396.7338731777,35079.6769911888,35079.6769911888,0.0000000000,0.0000000000,8707.3194887179,59057.8813364720,18117.5585823287,14857.1034345746,0,0,0,35163.0503355671,0.4125555556,6000.0000000000,0.8000000000,0.5000000000,28,3,none,21,0.0000000000
2025-04-25,114,6396.7338731777,6549.9110810941,13531.6520168627,13531.6520168627,0.0000000000,0.0000000000,22399.4322973249,27477.8326134466,15474.6483105098,12396.6056443882,0,0,0,13468.4579087523,0.4125555556,6000.0000000000,0.8000000000,0.5000000000,28,3,none,21,0.0000000000
2025-04-26,115,6549.9110810941,6467.7698396224,13337.0026610424,13337.0026610424,0.0000000000,0.0000000000,24211.7111521403,27155.2556600621,15511.9894311209,12638.6385565324,0,0,0,13370.8904865518,0.4125555556,6000.0000000000,0.8000000000,0.5000000000,28,3,none,21,0.0000000000
2025-04-27,116,6467.7698396224,6153.6459313377,37623.4014620254,32954.3470088670,4669.0544531585,680.4840038739,4411.2204514346,55772.5735293919,19742.5127155481,16274.1468170503,2,1,1,37752.9950255211,0.4125555556,6000.0000000000,0.8000000000,0.5000000000,28,3,none,21,0.0000000000
2025-04-28,117,6153.6459313377,6203.9098111666,63045.9493378830,32957.3399566579,30088.6093812251,4733.0697142918,631.1695966663,55534.1878570608,15625.7008745978,12611.5802165782,28,1,4,63025.2126950158,0.4125555556,6000.0000000000,0.8000000000,0.5000000000,28,3,none,21,0.0000000000
2025-04-29,118,6203.9098111666,6477.2012081125,35427.4607765031,34938.7231207871,488.7376557159,70.0598703721,7909.7653232288,58902.5047945086,17808.5440407047,14178.9584157195,1,1,1,35314.7128924075,0.4125555556,6000.0000000000,0.8000000000,0.5000000000,28,3,none,21,0.0000000000
2025-04-30,119,6477.2012081125,6209.7633203975,34506.2754863041,34506.2754863041,0.0000000000,0.0000000000,6535.4521712178,57993.7128561027,18116.3176341849,14914.9113826332,0,0,0,34616.6084726470,0.4125555556,6000.0000000000,0.8000000000,0.5000000000,28,3,none,21,0.0000000000
2025-05-01,120,6209.7633203975,5376.8183805477,44545.7069275511,34242.0338044542,10303.6731230969,1604.7814035287,4980.9740258162,57341.5935392856,19493.0134887523,16538.9913717542,10,1,1,44889.3429899581,0.4125555556,6000.0000000000,0.8000000000,0.5000000000,28,3,none,21,0.0000000000
2025-05-02,121,5376.8183805477,5691.8936979806,22367.6061191668,14303.8329279020,8063.7731912648,1292.9931734535,12225.7744813743,28559.4270245170,16067.1465661752,12730.8209329123,9,1,2,22237.6200465415,0.4125555556,6000.0000000000,0.8000000000,0.5000000000,28,3,none,21,0.0000000000
2025-05-03,122,5691.8936979806,5990.3600765092,18780.5663029212,14561.4848859314,4219.0814169897,742.5464276667,17473.9141634394,28868.3373789636,15795.6750132379,12525.8770200469,8,1,1,18657.4323403126,0.4125555556,6000.0000000000,0.8000000000,0.5000000000,28,3,none,21,0.0000000000
2025-05-04,123,5990.3600765092,5834.2467181897,41083.6939028308,36134.9538613199,4948.7400415109,793.2286055408,6335.3497354308,60424.0344911386,17303.9371073835,14156.6910794682,9,1,1,41148.0993361020,0.4125555556,6000.0000000000,0.8000000000,0.5000000000,28,3,none,21,0.0000000000
2025-05-05,124,5834.2467181897,5855.6630282291,43644.1018166760,35607.1354084422,8036.9664082338,1278.1841051279,1983.8442765356,59726.4756673612,20660.7053522001,16715.8966562465,11,1,3,43635.2663989898,0.4125555556,6000.0000000000,0.8000000000,0.5000000000,28,3,none,21,0.0000000000
2025-05-06,125,5855.6630282291,5807.6357080831,38781.3935749779,37694.0145373212,1087.3790376568,184.6978686001,6379.7038004645,62858.7387627049,20194.0792226597,16400.4287584859,6,1,2,38801.2075127227,0.4125555556,6000.0000000000,0.8000000000,0.5000000000,28,3,none,21,0.0000000000
2025-05-07,126,5807.6357080831,6185.2906071590,40339.2361730931,38269.5206893110,2069.7154837822,296.6908663679,4891.4499232764,63800.2928350054,19988.4127312026,15850.7249031058,1,1,1,40183.4325463966,0.4125555556,6000.0000000000,0.8000000000,0.5000000000,28,3,none,21,0.0000000000
2025-05-08,127,6185.2906071590,7112.2878098099,40123.1477152631,39879.9187826381,243.2289326250,35.9992500000,4308.7144285341,64643.9036475860,19528.3083508739,14983.6322818220,1,1,1,39740.7098693250,0.4125555556,6000.0000000000,0.8000000000,0.5000000000,28,3,none,21,0.0000000000
2025-05-09,128,7112.2878098099,7879.8473617311,17073.2494597193,17073.2494597193,0.0000000000,0.0000000000,18728.9908382911,31019.1764442487,16315.7692590981,12524.9695031404,0,0,0,16756.5885023545,0.4125555556,6000.0000000000,0.8000000000,0.5000000000,28,3,none,21,0.0000000000
2025-05-10,129,7879.8473617311,7633.8308828544,16730.8999702504,16730.8999702504,0.0000000000,0.0000000000,15306.4624760152,30230.0562238340,15915.5962919709,13113.0478274855,0,0,0,16832.3954353692,0.4125555556,6000.0000000000,0.8000000000,0.5000000000,28,3,none,21,0.0000000000
2025-05-11,130,7633.8308828544,6956.9325423887,39535.1350151894,39257.7739757311,277.3610394583,41.1807166667,5754.2765745663,63909.7572999807,17483.1098166675,14770.5274579198,2,1,1,39814.3931860949,0.4125555556,6000.0000000000,0.8000000000,0.5000000000,28,3,none,21,0.0000000000
2025-05-12,131,6956.9325423887,7077.1160288995,38246.5870931033,38246.5870931033,0.0000000000,0.0000000000,7613.1294773871,62777.3502451473,16446.6336661432,13213.6081317163,0,0,0,38197.0047280572,0.4125555556,6000.0000000000,0.8000000000,0.5000000000,28,3,none,21,0.0000000000
2025-05-13,132,7077.1160288995,7144.9764718791,39452.9670525451,39452.9670525451,0.0000000000,0.0000000000,7895.1731988625,64500.5562637529,17974.1889449588,14498.0186467351,0,0,0,39424.9708497914,0.4125555556,6000.0000000000,0.8000000000,0.5000000000,28,3,none,21,0.0000000000
2025-05-14,133,7144.9764718791,7200.6868785676,39204.1288035203,39204.1288035203,0.0000000000,0.0000000000,7606.2651829742,63998.1476304103,17513.6542004374,14135.9205363346,0,0,0,39181.1451657387,0.4125555556,6000.0000000000,0.8000000000,0.5000000000,28,3,none,21,0.0000000000
2025-05-15,134,7200.6868785676,7801.8284605779,39041.9103508991,39041.9103508991,0.0000000000,0.0000000000,6377.2785236493,63131.6911500863,18149.0890489173,14159.7347058137,0,0,0,38793.9060515653,0.4125555556,6000.0000000000,0.8000000000,0.5000000000,28,3,none,21,0.0000000000
2025-05-16,135,7801.8284605779,7461.4224167991,16372.2586239813,16372.2586239813,0.0000000000,0.0000000000,24190.6522037689,29536.1449774705,15454.4825251011,12824.4962847329,0,0,0,16512.6950284869,0.4125555556,6000.0000000000,0.8000000000,0.5000000000,28,3,none,21,0.0000000000
2025-05-17,136,7461.4224167991,7399.2523355568,16295.7209175730,16295.7209175730,0.0000000000,0.0000000000,16259.3620777928,29711.7022195355,16102.6006922498,13099.0596338404,0,0,0,16321.3695299788,0.4125555556,6000.0000000000,0.8000000000,0.5000000000,28,3,none,21,0.0000000000
2025-05-18,137,7399.2523355568,7247.7919743479,37859.3244253899,37859.3244253899,0.0000000000,0.0000000000,4356.8676776075,61270.7147091326,17757.8592453325,14520.1803138074,0,0,0,37921.8102388531,0.4125555556,6000.0000000000,0.8000000000,0.5000000000,28,3,none,21,0.0000000000
2025-05-19,138,7247.7919743479,6529.8307396658,36934.2990724492,36482.3950907825,451.9039816667,67.0033333333,9871.1521452221,59832.4461708885,16627.6101063871,14114.5292973873,1,1,1,37230.4979684908,0.4125555556,6000.0000000000,0.8000000000,0.5000000000,28,3,none,21,0.0000000000
2025-05-20,139,6529.8307396658,6748.4269199949,37379.1192261138,37379.1192261138,0.0000000000,0.0000000000,3043.6588080960,61148.7301216924,17794.4207085976,14216.7442116679,0,0,0,37288.9361574958,0.4125555556,6000.0000000000,0.8000000000,0.5000000000,28,3,none,21,0.0000000000
2025-05-21,140,6748.4269199949,6824.0878822334,37718.7517507001,37718.7517507001,0.0000000000,0.0000000000,7239.2766131514,61837.8209059597,16672.8112813702,13436.8822718952,0,0,0,37687.5374003899,0.4125555556,6000.0000000000,0.8000000000,0.5000000000,28,3,none,21,0.0000000000
2025-05-22,141,6824.0878822334,7329.2902368706,37498.1184860678,37498.1184860678,0.0000000000,0.0000000000,6672.3143821388,61282.8484281456,17574.8479482458,13780.9447189057,0,0,0,37289.6944479825,0.4125555556,6000.0000000000,0.8000000000,0.5000000000,28,3,none,21,0.0000000000
2025-05-23,142,7329.2902368706,7524.5238432109,15596.2244907967,15596.2244907967,0.0000000000,0.0000000000,19157.1171619936,28872.4841703088,16414.2519961879,13119.8338712060,0,0,0,15515.6797818699,0.4125555556,6000.0000000000,0.8000000000,0.5000000000,28,3,none,21,0.0000000000
2025-05-24,143,7524.5238432109,7462.4259531358,15749.9445615701,15749.9445615701,0.0000000000,0.0000000000,22309.2104316938,29018.8743784408,15847.6350762170,12892.4725128033,0,0,0,15775.5633911089,0.4125555556,6000.0000000000,0.8000000000,0.5000000000,28,3,none,21,0.0000000000
2025-05-25,144,7462.4259531358,6747.0261903748,36569.9022902169,36569.9022902169,0.0000000000,0.0000000000,8939.0381852038,59935.4809210281,16291.0123103990,13839.5797579081,0,0,0,36865.0444367870,0.4125555556,6000.0000000000,0.8000000000,0.5000000000,28,3,none,21,0.0000000000
2025-05-26,145,6747.0261903748,6288.2135579323,40809.3508255472,35035.3996106332,5773.9512149141,844.1277840293,702.6339886619,57361.4248746904,17557.9846802954,14634.8989602376,3,1,1,40998.6365260205,0.4125555556,6000.0000000000,0.8000000000,0.5000000000,28,3,none,21,0.0000000000
2025-05-27,146,6288.2135579323,6697.4120640352,37155.9644253665,37155.9644253665,0.0000000000,0.0000000000,8028.7689599273,61067.3572908960,17262.8546077685,13614.6335767998,0,0,0,36987.1473083486,0.4125555556,6000.0000000000,0.8000000000,0.5000000000,28,3,none,21,0.0000000000
2025-05-28,147,6697.4120640352,6867.9907000014,36417.3924972492,36417.3924972492,0.0000000000,0.0000000000,3988.3555674414,59969.4790539311,18704.0979690534,14996.7985825637,0,0,0,36347.0193333222,0.4125555556,6000.0000000000,0.8000000000,0.5000000000,28,3,none,21,0.0000000000
2025-05-29,148,6867.9907000014,6556.9376639645,36359.1318965529,36239.3542009696,119.7776955833,17.8174333333,2332.5882616891,59696.3053613821,18691.3619234710,15419.9508904447,1,1,1,36487.4585546423,0.4125555556,6000.0000000000,0.8000000000,0.5000000000,28,3,none,21,0.0000000000
2025-05-30,149,6556.9376639645,7198.1108869307,15381.1987522909,15381.1987522909,0.0000000000,0.0000000000,18822.1409189710,29054.5176235034,16100.4607220855,12464.3172842197,0,0,0,15116.6791770828,0.4125555556,6000.0000000000,0.8000000000,0.5000000000,28,3,none,21,0.0000000000
2025-05-31,150,7198.1108869307,6989.8600690943,15239.9084557394,15239.9084557394,0.0000000000,0.0000000000,17309.6875957579,28649.3337230281,16515.2121753841,13564.7475981139,0,0,0,15325.8234875868,0.4125555556,6000.0000000000,0.8000000000,0.5000000000,28,3,none,21,0.0000000000
2025-06-01,151,6989.8600690943,4843.3799821798,99041.0079997266,36684.3832384105,62356.6247613161,11040.0478879376,8.5750418370,60748.6299363997,13090.0450564385,12534.7685739382,62,1,3,99926.5502844726,0.4125555556,6000.0000000000,0.8000000000,0.5000000000,14,0,none,21,0.0000000000
2025-06-02,152,4843.3799821798,4930.4650917628,85483.6878357771,39548.0778100371,45935.6100257400,7253.1931705213,1007.7565534102,66338.9021632275,20342.9196405991,16399.3883102605,31,1,2,85447.7603900124,0.4125555556,6000.0000000000,0.8000000000,0.5000000000,14,0,none,21,0.0000000000
2025-06-03,153,4930.4650917628,5598.4489302341,51534.6039279392,45518.7745829507,6015.8293449886,958.8818964458,2778.4960434135,74944.4232526653,22796.0885144217,17863.6462420574,12,1,4,51259.0234843566,0.4125555556,6000.0000000000,0.8000000000,0.5000000000,14,0,none,21,0.0000000000
2025-06-04,154,5598.4489302341,5777.6131187502,48518.3552828098,47151.3391628698,1367.0161199400,217.7872104666,3298.2781523369,76901.3504694256,21128.1628485483,16952.5641376597,8,1,4,48444.4401014809,0.4125555556,6000.0000000000,0.8000000000,0.5000000000,14,0,none,21,0.0000000000
2025-06-05,155,5777.6131187502,6161.2606561449,50880.6115589238,49885.3698025313,995.2417563925,147.4942987108,4999.0660819564,80471.0659267382,21709.9649640559,17239.7888372300,4,1,2,50722.3356359964,0.4125555556,6000.0000000000,0.8000000000,0.5000000000,14,0,none,21,0.0000000000
2025-06-06,156,6161.2606561449,6500.9903426305,26964.5028377950,21143.8492857275,5820.6535520675,854.9771471984,3848.2155071051,37217.6428383577,16124.4861084941,12755.0770300432,3,1,1,26824.3454682482,0.4125555556,6000.0000000000,0.8000000000,0.5000000000,14,0,none,21,0.0000000000
2025-06-07,157,6500.9903426305,7484.3779018288,23622.2697689671,23622.2697689671,0.0000000000,0.0000000000,5813.8417624224,40678.5950444468,15016.7963793649,11278.5562640071,0,0,0,23216.5677681557,0.4125555556,6000.0000000000,0.8000000000,0.5000000000,14,0,none,21,0.0000000000
2025-06-08,158,7484.3779018288,8454.1777834147,60374.4376934370,60374.4376934370,0.0000000000,0.0000000000,24745.7714552526,93666.7068811885,15069.4329781153,11333.4208188461,0,0,0,59974.3413645116,0.4125555556,6000.0000000000,0.8000000000,0.5000000000,14,0,none,21,0.0000000000
2025-06-09,159,8454.1777834147,7595.0028385653,52587.6132988491,52587.6132988491,0.0000000000,0.0000000000,9079.8023592534,82904.9518058268,19293.1271768656,16400.6904636256,0,0,0,52942.0706955408,0.4125555556,6000.0000000000,0.8000000000,0.5000000000,14,0,none,21,0.0000000000
2025-06-10,160,7595.0028385653,8193.4774850936,56982.2358349281,56982.2358349281,0.0000000000,0.0000000000,12952.6005982515,88852.3048789873,19698.0677132997,15416.8076658973,0,0,0,56735.3317946437,0.4125555556,6000.0000000000,0.8000000000,0.5000000000,14,0,none,21,0.0000000000
2025-06-11,161,8193.4774850936,8157.1549459355,56500.5208299126,56182.6864071122,317.8344228003,64.6070581970,7812.3263447733,88042.5489359635,22331.9664103309,18121.5830776104,1,1,1,56515.5058952341,0.4125555556,6000.0000000000,0.8000000000,0.5000000000,14,0,none,21,0.0000000000
2025-06-12,162,8157.1549459355,8222.8411176047,57944.8697634492,57944.8697634492,0.0000000000,0.0000000000,13667.3570293373,89759.0335952585,18842.9872530815,15203.7021204938,0,0,0,57917.7705684039,0.4125555556,6000.0000000000,0.8000000000,0.5000000000,14,0,none,21,0.0000000000
2025-06-13,163,8222.8411176047,8719.1778513854,25655.8520708386,25655.8520708386,0.0000000000,0.0000000000,10737.7029936235,42443.2761979041,15334.5075993574,11974.2480950769,0,0,0,25451.0855938910,0.4125555556,6000.0000000000,0.8000000000,0.5000000000,14,0,none,21,0.0000000000
2025-06-14,164,8719.1778513854,8573.4118503634,25832.0278238857,25832.0278238857,0.0000000000,0.0000000000,14450.9708153766,42995.0979660108,13063.0200081783,10712.2356075442,0,0,0,25892.1643974185,0.4125555556,6000.0000000000,0.8000000000,0.5000000000,14,0,none,21,0.0000000000
2025-06-15,165,8573.4118503634,8766.9103899996,57511.7200174845,57511.7200174845,0.0000000000,0.0000000000,14826.8532817886,89255.8534741113,19094.0903858782,15292.0645268887,0,0,0,57431.8911199657,0.4125555556,6000.0000000000,0.8000000000,0.5000000000,14,0,none,21,0.0000000000
2025-06-16,166,8766.9103899996,7542.9322255500,52539.4887847966,52495.7824735312,43.7063112655,6.4836004273,7137.5479257577,82467.5221188470,19705.1859202875,17062.7809434375,2,1,2,53044.4477764190,0.4125555556,6000.0000000000,0.8000000000,0.5000000000,14,0,none,21,0.0000000000
2025-06-17,167,7542.9322255500,7462.8501944349,54616.8434963850,54616.8434963850,0.0000000000,0.0000000000,7487.6439572599,86025.4807826185,20909.9970352396,17009.1714265477,0,0,0,54649.8817832217,0.4125555556,6000.0000000000,0.8000000000,0.5000000000,14,0,none,21,0.0000000000
2025-06-18,168,7462.8501944349,7452.7054176864,54463.8525336472,54463.8525336472,0.0000000000,0.0000000000,11623.7065044010,86005.0801697225,18221.6477073432,14768.6649420217,0,0,0,54468.0378176547,0.4125555556,6000.0000000000,0.8000000000,0.5000000000,14,0,none,21,0.0000000000
2025-06-19,169,7452.7054176864,6742.5809686887,52448.0580990941,51873.4080114373,574.6500876568,85.3485293385,11113.7986510602,82228.3828310770,18839.6869129120,15899.2584035567,2,1,1,52741.0238856639,0.4125555556,6000.0000000000,0.8000000000,0.5000000000,14,0,none,21,0.0000000000
2025-06-20,170,6742.5809686887,6883.0531053947,20767.8888678303,20767.8888678303,0.0000000000,0.0000000000,10243.9986813878,35706.5905720995,15450.4532509276,12388.4422102160,0,0,0,20709.9363074314,0.4125555556,6000.0000000000,0.8000000000,0.5000000000,14,0,none,21,0.0000000000
2025-06-21,171,6883.0531053947,6860.6766091073,19667.7001893427,19667.7001893427,0.0000000000,0.0000000000,12136.9937809335,34608.8253057324,16616.9998497764,13479.9087249775,0,0,0,19676.9317371999,0.4125555556,6000.0000000000,0.8000000000,0.5000000000,14,0,none,21,0.0000000000
2025-06-22,172,6860.6766091073,6042.6500655732,48535.0355695856,45433.1089382448,3101.9266313408,475.4665752711,3817.2900355210,73835.0358316465,19853.1324240906,16817.2611526940,10,1,2,48872.5169647125,0.4125555556,6000.0000000000,0.8000000000,0.5000000000,14,0,none,21,0.0000000000
2025-06-23,173,6042.6500655732,5866.1365926951,49905.5362723762,46297.6856471771,3607.8506251991,520.0799367362,5207.8786359017,75759.0652023241,21941.2769934157,17931.2964902570,5,1,2,49978.3578862425,0.4125555556,6000.0000000000,0.8000000000,0.5000000000,14,0,none,21,0.0000000000
2025-06-24,174,5866.1365926951,6209.3650563494,76023.0993138296,46793.7444879904,29229.3548258392,5088.4234290591,376.9239947621,75997.1173394876,21741.6784552408,17301.8539314562,26,1,4,75881.4985043242,0.4125555556,6000.0000000000,0.8000000000,0.5000000000,14,0,none,21,0.0000000000
2025-06-25,175,6209.3650563494,6096.1988393419,50197.6123270280,49726.1859532990,471.4263737290,69.9019346695,5914.0862882041,80185.0465162255,21080.4757438476,17177.0349478233,3,1,2,50244.2996785557,0.4125555556,6000.0000000000,0.8000000000,0.5000000000,14,0,none,21,0.0000000000
2025-06-26,176,6096.1988393419,6031.1662977772,49665.3752455441,49017.3402312090,648.0350143350,96.0174857562,7722.1555030949,79099.9675073153,20973.5523371127,17047.1066804695,3,1,2,49692.2047818585,0.4125555556,6000.0000000000,0.8000000000,0.5000000000,14,0,none,21,0.0000000000
2025-06-27,177,6031.1662977772,6431.6992003021,18969.0859094492,18969.0859094492,0.0000000000,0.0000000000,10741.4267426171,33952.5990814299,16205.5097888094,12765.9833166632,0,0,0,18803.8438353298,0.4125555556,6000.0000000000,0.8000000000,0.5000000000,14,0,none,21,0.0000000000
2025-06-28,178,6431.6992003021,6325.0628974074,18766.0403766090,18766.0403766090,0.0000000000,0.0000000000,9146.3698366064,33873.4301002199,16032.1411555370,13082.0070085902,0,0,0,18810.0337757921,0.4125555556,6000.0000000000,0.8000000000,0.5000000000,14,0,none,21,0.0000000000
2025-06-29,179,6325.0628974074,6272.5330128611,47341.1265096103,47030.1523144669,310.9741951434,44.8848370044,3138.0979998214,76277.5025018372,20862.0931672559,16945.5723615690,2,1,1,47362.7980053126,0.4125555556,6000.0000000000,0.8000000000,0.5000000000,14,0,none,21,0.0000000000
2025-06-30,180,6272.5330128611,5925.3058888689,47627.2162374752,46621.9051453587,1005.3110921164,148.6619307042,2223.7553999240,75854.5286582481,22180.2927225684,18278.5415168734,4,1,3,47770.4667165177,0.4125555556,6000.0000000000,0.8000000000,0.5000000000,14,0,none,21,0.0000000000
2025-07-01,181,5925.3058888689,4882.9040052520,73294.1143414003,48606.1915556531,24687.9227857472,4721.4959957135,1586.8286741077,78764.8640824310,20900.7845576770,17867.7971869736,45,1,5,73724.1630296080,0.4125555556,6000.0000000000,0.8000000000,0.7500000000,14,0,none,21,0.0000000000
2025-07-02,182,4882.9040052520,5241.6728672861,63217.1413877556,50412.2932379304,12804.8481498252,2119.3120571686,6804.7740832758,81778.7357300173,20345.3440074355,16156.8366701921,23,1,2,63069.1293005631,0.4125555556,6000.0000000000,0.8000000000,0.7500000000,14,0,none,21,0.0000000000
2025-07-03,183,5241.6728672861,5672.0604410009,69657.8814941506,50612.0208119276,19045.8606822230,3075.7653267461,319.9198556932,81598.9459847233,22142.2300321030,17547.8575096601,28,1,5,69480.3227095725,0.4125555556,6000.0000000000,0.8000000000,0.7500000000,14,0,none,21,0.0000000000
2025-07-04,184,5672.0604410009,5797.3979214521,28689.0019341992,24153.2413703188,4535.7605638804,823.9610942674,10295.8956662410,41539.8227029862,16180.0891154727,12993.0684511268,13,1,3,28637.2932603197,0.4125555556,6000.0000000000,0.8000000000,0.7500000000,14,0,none,21,0.0000000000
2025-07-05,185,5797.3979214521,6263.9059016724,26424.0914312822,25546.2701944744,877.8212368078,125.8344662855,11653.3280097688,43869.2118827871,16483.0588970468,12931.4205244096,1,1,1,26231.6309723313,0.4125555556,6000.0000000000,0.8000000000,0.7500000000,14,0,none,21,0.0000000000
2025-07-06,186,6263.9059016724,6527.0200787829,62377.4655968950,53816.5386226491,8560.9269742459,1263.8278773981,2595.0698144078,85705.6989869189,22861.4354763670,18280.9599764578,10,1,2,62268.9163813826,0.4125555556,6000.0000000000,0.8000000000,0.7500000000,14,0,none,21,0.0000000000
2025-07-07,187,6527.0200787829,7042.2385560732,56046.5025964579,56014.6675476582,31.8350487997,4.7355966976,11178.1977263982,88567.6206776356,18531.4692195107,14546.7934382424,1,1,1,55833.9463513269,0.4125555556,6000.0000000000,0.8000000000,0.7500000000,14,0,none,21,0.0000000000
2025-07-08,188,7042.2385560732,9517.1159270418,64620.7004156281,64620.7004156281,0.0000000000,0.0000000000,18559.0525360197,100264.1726775156,20559.7025839869,14425.9694591577,0,0,0,63599.6760069163,0.4125555556,6000.0000000000,0.8000000000,0.7500000000,14,0,none,21,0.0000000000
2025-07-09,189,9517.1159270418,8377.0473997916,56907.1834501890,56907.1834501890,0.0000000000,0.0000000000,11818.8327712764,88152.6826536805,17374.6660013824,15099.5411356449,0,0,0,57377.5250548201,0.4125555556,6000.0000000000,0.8000000000,0.7500000000,14,0,none,21,0.0000000000
2025-07-10,190,8377.0473997916,8176.8332705541,56962.2661218811,56962.2661218811,0.0000000000,0.0000000000,12539.1336686557,88835.5882240699,19068.5467810237,15625.7156089429,0,0,0,57044.8655731987,0.4125555556,6000.0000000000,0.8000000000,0.7500000000,14,0,none,21,0.0000000000
2025-07-11,191,8176.8332705541,8392.1526336150,29648.5334782378,29648.5334782378,0.0000000000,0.0000000000,12376.3552539163,48230.9299450214,16536.8953386863,13201.0977975811,0,0,0,29559.7022787883,0.4125555556,6000.0000000000,0.8000000000,0.7500000000,14,0,none,21,0.0000000000
2025-07-12,192,8392.1526336150,8203.1488868240,29325.2816754296,29325.2816754296,0.0000000000,0.0000000000,14288.5640465233,48185.0978929852,15696.8099223177,12884.5194091892,0,0,0,29403.2562211890,0.4125555556,6000.0000000000,0.8000000000,0.7500000000,14,0,none,21,0.0000000000
2025-07-13,193,8203.1488868240,7989.2765517340,57021.3550593960,56924.4684373445,96.8866220515,14.4122903758,16667.8275642378,89092.6211806496,17705.1084650981,14533.6229583105,1,1,1,57109.5892794171,0.4125555556,6000.0000000000,0.8000000000,0.7500000000,14,0,none,21,0.0000000000
2025-07-14,194,7989.2765517340,7684.9531770162,52907.4776626689,52907.4776626689,0.0000000000,0.0000000000,8272.4915327582,83264.5765333455,18201.5622166669,15017.1564327463,0,0,0,53033.0279615942,0.4125555556,6000.0000000000,0.8000000000,0.7500000000,14,0,none,21,0.0000000000
2025-07-15,195,7684.9531770162,9297.0149642936,58568.5983019655,58568.5983019655,0.0000000000,0.0000000000,13364.0789596302,91099.6039599733,18608.5200445263,13622.0456275166,0,0,0,57903.5332557254,0.4125555556,6000.0000000000,0.8000000000,0.7500000000,14,0,none,21,0.0000000000
2025-07-16,196,9297.0149642936,8255.0543307594,54713.1251081834,54713.1251081834,0.0000000000,0.0000000000,10958.8424287754,85401.6745900356,17084.3860426722,14776.1172647453,0,0,0,55142.9917562181,0.4125555556,6000.0000000000,0.8000000000,0.7500000000,14,0,none,21,0.0000000000
2025-07-17,197,8255.0543307594,7715.5286345782,54035.9117242604,54035.9117242604,0.0000000000,0.0000000000,8429.9162218683,84416.7154839223,19747.1385365813,16480.7553411939,0,0,0,54258.4960475849,0.4125555556,6000.0000000000,0.8000000000,0.7500000000,14,0,none,21,0.0000000000
2025-07-18,198,7715.5286345782,7961.1484208619,27668.8141276243,27668.8141276243,0.0000000000,0.0000000000,11022.8656698576,45502.8611940738,15708.8927187414,12503.1452945252,0,0,0,27567.4823202386,0.4125555556,6000.0000000000,0.8000000000,0.7500000000,14,0,none,21,0.0000000000
2025-07-19,199,7961.1484208619,6717.3317398624,26014.8649014508,26014.8649014508,0.0000000000,0.0000000000,14289.0451184642,43240.8973964524,15202.4644257243,13433.4311977362,0,0,0,26528.0083832898,0.4125555556,6000.0000000000,0.8000000000,0.7500000000,14,0,none,21,0.0000000000
2025-07-20,200,6717.3317398624,6504.8403943713,50919.5242438757,50751.6411854721,167.8830584036,24.0658053904,4791.2217556682,80458.3181254334,19960.1377338471,16358.9537753581,1,1,1,51007.1887289655,0.4125555556,6000.0000000000,0.8000000000,0.7500000000,14,0,none,21,0.0000000000
2025-07-21,201,6504.8403943713,6018.6874996656,51066.6077297094,49643.3797850297,1423.2279446797,204.8497390325,1855.1590516594,79215.5273575472,21121.0857902923,17545.6170953719,4,1,2,51267.1728072697,0.4125555556,6000.0000000000,0.8000000000,0.7500000000,14,0,none,21,0.0000000000
2025-07-22,202,6018.6874996656,6057.6947953956,52318.2576310601,50870.1786315759,1448.0789994842,214.7074746591,3698.9420926298,81410.1040330718,21555.8854330386,17425.1606346043,5,1,1,52302.1649544995,0.4125555556,6000.0000000000,0.8000000000,0.7500000000,14,0,none,21,0.0000000000
2025-07-23,203,6057.6947953956,6103.7137759811,52131.8915252607,51306.5472621464,825.3442631143,123.5098426394,3847.3087885651,82198.7290353116,22194.5573168017,17936.1743440824,7,1,4,52112.9061391592,0.4125555556,6000.0000000000,0.8000000000,0.7500000000,14,0,none,21,0.0000000000
2025-07-24,204,6103.7137759811,6312.8424975134,53206.3541702501,50989.5276990082,2216.8264712420,322.9054782901,4016.7887193376,81416.5219441404,20620.7939669146,16514.6272638217,3,1,2,53120.0769543557,0.4125555556,6000.0000000000,0.8000000000,0.7500000000,14,0,none,21,0.0000000000
2025-07-25,205,6312.8424975134,6097.1776987208,24603.0520255600,24598.1899872848,4.8620382753,0.9851156469,12518.0904506313,41856.8171694577,15939.4241406319,13105.0318728252,1,1,1,24692.0257364397,0.4125555556,6000.0000000000,0.8000000000,0.7500000000,14,0,none,21,0.0000000000
2025-07-26,206,6097.1776987208,6446.7431574034,25187.9840950582,25187.9840950582,0.0000000000,0.0000000000,10673.8103945809,42592.0990448880,16497.8324780324,13048.6353943919,0,0,0,25043.7689230484,0.4125555556,6000.0000000000,0.8000000000,0.7500000000,14,0,none,21,0.0000000000
2025-07-27,207,6446.7431574034,6267.7400639723,57196.2442771548,50216.7831427556,6979.4611343993,1299.4883250125,3981.0871134525,80315.4389114412,21630.2795109953,17681.6291879942,11,1,4,57270.0929978115,0.4125555556,6000.0000000000,0.8000000000,0.7500000000,14,0,none,21,0.0000000000
2025-07-28,208,6267.7400639723,5886.3005021688,62582.1939723383,50179.9204869707,12402.2734853675,1951.5006629524,822.7299378235,80520.5342696754,21251.1756162847,17556.7478548137,21,1,3,62739.5589826690,0.4125555556,6000.0000000000,0.8000000000,0.7500000000,14,0,none,21,0.0000000000
2025-07-29,209,5886.3005021688,6444.9684420091,54857.4018418864,53678.4216072130,1178.9802346734,173.9416995273,5436.5256850886,85859.3267337221,21182.6086963401,16655.1118981792,5,1,2,54626.9202795945,0.4125555556,6000.0000000000,0.8000000000,0.7500000000,14,0,none,21,0.0000000000
2025-07-30,210,6444.9684420091,6540.0885867099,53500.7303631851,53451.9533705549,48.7769926302,7.2321139640,7051.7221367098,85100.8518369438,20355.2612314066,16402.1534672086,1,1,1,53461.4880190435,0.4125555556,6000.0000000000,0.8000000000,0.7500000000,14,0,none,21,0.0000000000
2025-07-31,211,6540.0885867099,6230.0789650830,53788.2677373471,52812.4154172726,975.8523200745,145.4316962771,6020.0711757444,84247.5053478221,20825.6750586969,17147.8054570087,8,1,3,53916.1639290250,0.4125555556,6000.0000000000,0.8000000000,0.7500000000,14,0,none,21,0.0000000000
2025-08-01,212,6230.0789650830,7046.5623868698,26070.9720645367,26070.9720645367,0.0000000000,0.0000000000,18980.2988751269,43898.4420516224,15431.3075274776,11764.5240176487,0,0,0,25734.1272928595,0.4125555556,6000.0000000000,0.8000000000,0.5000000000,42,0,none,21,0.0000000000
2025-08-02,213,7046.5623868698,7147.5994929212,25689.7878961652,25689.7878961652,0.0000000000,0.0000000000,19003.2753479128,43016.8111903048,15766.1974400652,12679.6865310065,0,0,0,25648.1044767465,0.4125555556,6000.0000000000,0.8000000000,0.5000000000,42,0,none,21,0.0000000000
2025-08-03,214,7147.5994929212,6180.0015365341,50452.0098342947,49417.7459270863,1034.2639072084,153.4909583979,13282.6650342433,78389.6954304408,17325.6817474241,14904.6403761618,5,1,1,50851.1977467464,0.4125555556,6000.0000000000,0.8000000000,0.5000000000,42,0,none,21,0.0000000000
2025-08-04,215,6180.0015365341,6772.3452415048,47475.1438930516,47475.1438930516,0.0000000000,0.0000000000,5574.7230300825,75127.4448057054,18968.1966200839,14831.1299277943,0,0,0,47230.7692067675,0.4125555556,6000.0000000000,0.8000000000,0.5000000000,42,0,none,21,0.0000000000
2025-08-05,216,6772.3452415048,6929.5391831782,48538.9418839214,48538.9418839214,0.0000000000,0.0000000000,7733.4610359981,76535.6773960155,18465.4319956740,14815.5253689899,0,0,0,48474.0906499844,0.4125555556,6000.0000000000,0.8000000000,0.5000000000,42,0,none,21,0.0000000000
2025-08-06,217,6929.5391831782,6159.0863557819,49902.5806000930,47633.9484230548,2268.6321770383,325.2053006076,4546.2801905524,75107.3026508975,18238.0844154877,15466.2559212017,1,1,1,50220.4351943288,0.4125555556,6000.0000000000,0.8000000000,0.5000000000,42,0,none,21,0.0000000000
2025-08-07,218,6159.0863557819,6876.4561482682,48528.8761686671,48481.1314485265,47.7447201406,7.0664871073,8615.2001497061,76352.6691473824,19531.1443239262,15174.5940891425,1,1,1,48232.9212753892,0.4125555556,6000.0000000000,0.8000000000,0.5000000000,42,0,none,21,0.0000000000
2025-08-08,219,6876.4561482682,7295.5919733031,25192.3900071842,25192.3900071842,0.0000000000,0.0000000000,23341.4755039059,42545.6851774228,16062.1904262391,12633.1520027222,0,0,0,25019.4731940337,0.4125555556,6000.0000000000,0.8000000000,0.5000000000,42,0,none,21,0.0000000000
2025-08-09,220,7295.5919733031,7053.1527397500,24490.9878555174,24490.9878555174,0.0000000000,0.0000000000,19516.4405881265,41252.5866756948,15960.0652514006,13145.8481638323,0,0,0,24591.0075082044,0.4125555556,6000.0000000000,0.8000000000,0.5000000000,42,0,none,21,0.0000000000
2025-08-10,221,7053.1527397500,6870.9170346804,46964.1088304312,46779.1434926487,184.9653377825,26.9069597866,4837.1837249881,73287.3656890681,17560.4316233120,14387.9617494454,2,1,1,47039.2911829782,0.4125555556,6000.0000000000,0.8000000000,0.5000000000,42,0,none,21,0.0000000000
2025-08-11,222,6870.9170346804,6490.0708565809,46988.2740263958,45854.3758290138,1133.8981973821,168.2091894403,4547.5089678850,72306.6512691074,19520.3143032574,16154.2161459280,6,1,2,47145.3942329829,0.4125555556,6000.0000000000,0.8000000000,0.5000000000,42,0,none,21,0.0000000000
2025-08-12,223,6490.0708565809,6535.6790162805,49923.1953526626,46576.4446255354,3346.7507271271,482.7800099220,2582.9277999721,73416.8424226044,18500.5454674984,14944.3944849441,6,1,3,49904.3794529999,0.4125555556,6000.0000000000,0.8000000000,0.5000000000,42,0,none,21,0.0000000000
2025-08-13,224,6535.6790162805,6937.5732407092,47835.0039846826,47485.2083679656,349.7956167171,51.6070623546,4849.0161735893,74839.6007983617,18734.2496586379,14813.0374215108,3,1,2,47669.2002896489,0.4125555556,6000.0000000000,0.8000000000,0.5000000000,42,0,none,21,0.0000000000
2025-08-14,225,6937.5732407092,6311.2489584706,47278.0361415844,46996.6725446846,281.3635968998,40.6888400486,5157.1219396912,74254.0865362346,19868.7068803862,16657.3444271276,2,1,2,47536.4297038012,0.4125555556,6000.0000000000,0.8000000000,0.5000000000,42,0,none,21,0.0000000000
2025-08-15,226,6311.2489584706,6844.0400083369,24707.9699765643,24707.9699765643,0.0000000000,0.0000000000,20959.9202607706,41707.6449112071,16360.4516959135,12772.4539288103,0,0,0,24488.1640689917,0.4125555556,6000.0000000000,0.8000000000,0.5000000000,42,0,none,21,0.0000000000
2025-08-16,227,6844.0400083369,6753.1181992872,24065.9895190334,24065.9895190334,0.0000000000,0.0000000000,20907.6758777072,40838.7722729790,16229.7139828941,13227.8979542890,0,0,0,24103.4998164781,0.4125555556,6000.0000000000,0.8000000000,0.5000000000,42,0,none,21,0.0000000000
2025-08-17,228,6753.1181992872,6464.2835200480,46412.2741587821,45644.6988958304,767.5752629517,113.9642316429,5203.8109257019,71661.0801768900,19293.6372498919,15887.7973837276,5,1,1,46531.4345103393,0.4125555556,6000.0000000000,0.8000000000,0.5000000000,42,0,none,21,0.0000000000
2025-08-18,229,6464.2835200480,6191.3951622638,46129.0432679295,44392.5887528287,1736.4545151007,265.0697669623,2134.4310078165,69963.6116296713,20767.0226008220,17066.8878286716,11,1,4,46241.6248759798,0.4125555556,6000.0000000000,0.8000000000,0.5000000000,42,0,none,21,0.0000000000
2025-08-19,230,6191.3951622638,6502.4396929991,47655.3246590178,46692.5991675961,962.7254914217,142.7059929745,5356.5841921943,73356.4608044502,18657.8025135197,14832.8799582893,4,1,2,47527.0015098378,0.4125555556,6000.0000000000,0.8000000000,0.5000000000,42,0,none,21,0.0000000000
2025-08-20,231,6502.4396929991,6202.8892092440,60513.5235671446,46238.8553356533,14274.6682314913,2385.2249864042,967.9300108835,72623.0289989305,19259.0965429691,15869.4636351845,15,1,4,60637.1047833871,0.4125555556,6000.0000000000,0.8000000000,0.5000000000,42,0,none,21,0.0000000000
2025-08-21,232,6202.8892092440,6568.5401484111,48266.3748257698,48213.7876788108,52.5871469590,7.7970415834,6641.2355309713,76381.8412982244,18815.2551592249,14911.2708337218,1,1,1,48115.5234994223,0.4125555556,6000.0000000000,0.8000000000,0.5000000000,42,0,none,21,0.0000000000
2025-08-22,233,6568.5401484111,6418.3684420750,24391.5723019801,24391.5723019801,0.0000000000,0.0000000000,17257.1116634576,41406.5547069331,16073.8325219900,13154.9588785144,0,0,0,24453.5264737163,0.4125555556,6000.0000000000,0.8000000000,0.5000000000,42,0,none,21,0.0000000000
2025-08-23,234,6418.3684420750,6767.5882161871,24765.2710330621,24765.2710330621,0.0000000000,0.0000000000,15930.2894374635,41773.6090615261,15784.2930387459,12470.9795646833,0,0,0,24621.1984751423,0.4125555556,6000.0000000000,0.8000000000,0.5000000000,42,0,none,21,0.0000000000
2025-08-24,235,6767.5882161871,6630.4732314948,47706.5589291268,47706.5589291268,0.0000000000,0.0000000000,7927.1065675515,75243.6522772343,19507.1563819609,15924.2001556114,0,0,0,47763.1264778115,0.4125555556,6000.0000000000,0.8000000000,0.5000000000,42,0,none,21,0.0000000000
2025-08-25,236,6630.4732314948,6214.1103873643,58554.6225468930,46396.0217188817,12158.6008280113,1789.6917201785,886.1995663358,73128.1668769576,19122.6240729004,15864.0520587667,8,1,2,58726.3953513659,0.4125555556,6000.0000000000,0.8000000000,0.5000000000,42,0,none,21,0.0000000000
2025-08-26,237,6214.1103873643,6916.1748072093,48781.3322869309,48781.3322869309,0.0000000000,0.0000000000,7129.1626213424,77185.7934919006,20505.0237334969,15977.2112462720,0,0,0,48491.6917101659,0.4125555556,6000.0000000000,0.8000000000,0.5000000000,42,0,none,21,0.0000000000
2025-08-27,238,6916.1748072093,6595.7932958436,48360.0599920180,48354.4040665828,5.6559254352,0.8390335907,4370.0602020693,75899.1754239918,20548.1513109249,16932.3459220783,1,1,1,48492.2351644293,0.4125555556,6000.0000000000,0.8000000000,0.5000000000,42,0,none,21,0.0000000000
2025-08-28,239,6595.7932958436,6741.9903637578,49553.3864524851,48927.8158360494,625.5706164357,129.4866275376,2216.2549182042,76997.2367759389,21111.0323200849,16968.3588181459,5,1,3,49493.0720399111,0.4125555556,6000.0000000000,0.8000000000,0.5000000000,42,0,none,21,0.0000000000
2025-08-29,240,6741.9903637578,7061.1926214204,25581.1315157234,25581.1315157234,0.0000000000,0.0000000000,16756.3623471584,42754.9328512577,16610.8848536995,13167.5346996003,0,0,0,25449.4428509788,0.4125555556,6000.0000000000,0.8000000000,0.5000000000,42,0,none,21,0.0000000000
2025-08-30,241,7061.1926214204,6629.1804591823,25115.4673373635,25115.4673373635,0.0000000000,0.0000000000,21106.2644772213,42093.0387767976,15067.7126960909,12593.6582298480,0,0,0,25293.6963549624,0.4125555556,6000.0000000000,0.8000000000,0.5000000000,42,0,none,21,0.0000000000
2025-08-31,242,6629.1804591823,6827.3559146091,48625.4185205842,48536.5952868043,88.8232337799,13.0577922542,5765.3717215365,76407.6141334299,20159.5747943688,16150.8976735546,2,1,2,48543.6601354732,0.4125555556,6000.0000000000,0.8000000000,0.5000000000,42,0,none,21,0.0000000000
2025-09-01,243,6827.3559146091,9510.7546012174,47562.3591322505,47562.3591322505,0.0000000000,0.0000000000,15556.6252367798,75169.4567700121,19071.7799050079,13033.0829051089,0,0,0,46455.3080963198,0.4125555556,6000.0000000000,0.8000000000,0.5000000000,14,0,none,21,0.0000000000
2025-09-02,244,9510.7546012174,9119.1994432556,45674.5884221055,45674.5884221055,0.0000000000,0.0000000000,14270.2271804609,71384.2485669558,17940.3430455812,14884.0775090863,0,0,0,45836.1266778291,0.4125555556,6000.0000000000,0.8000000000,0.5000000000,14,0,none,21,0.0000000000
2025-09-03,245,9119.1994432556,8421.8584873262,43638.1051660100,43638.1051660100,0.0000000000,0.0000000000,10560.2029214497,68493.2247484678,15857.4286176557,13472.1240406376,0,0,0,43925.7970514951,0.4125555556,6000.0000000000,0.8000000000,0.5000000000,14,0,none,21,0.0000000000
2025-09-04,246,8421.8584873262,7931.2741755080,42741.2042318160,42741.2042318160,0.0000000000,0.0000000000,10101.5838089740,66975.9076174052,17843.6007319351,14894.8424735038,0,0,0,42943.5975151250,0.4125555556,6000.0000000000,0.8000000000,0.5000000000,14,0,none,21,0.0000000000
2025-09-05,247,7931.2741755080,8040.2366610820,20572.4800402587,20572.4800402587,0.0000000000,0.0000000000,25525.8722309849,35456.7995587832,15834.7338111316,12728.0681500000,0,0,0,20527.5269614879,0.4125555556,6000.0000000000,0.8000000000,0.5000000000,14,0,none,21,0.0000000000
2025-09-06,248,8040.2366610820,7901.7745485857,19593.9324196386,19593.9324196386,0.0000000000,0.0000000000,23367.5251515979,34113.3460675859,16575.5427222878,13550.8055062998,0,0,0,19651.0557333829,0.4125555556,6000.0000000000,0.8000000000,0.5000000000,14,0,none,21,0.0000000000
2025-09-07,249,7901.7745485857,6671.7761903937,37955.3149785189,37955.3149785189,0.0000000000,0.0000000000,2481.2093438604,59962.9923665168,19093.6733071715,16572.8739011817,0,0,0,38462.7576345152,0.4125555556,6000.0000000000,0.8000000000,0.5000000000,14,0,none,21,0.0000000000
2025-09-08,250,6671.7761903937,5350.5664289733,81753.8300094124,32408.1792255914,49345.6507838210,8237.0483237231,28.4484235424,53033.9946595300,15979.5463771353,14132.5213507579,50,1,2,82298.9024365406,0.4125555556,6000.0000000000,0.8000000000,0.5000000000,14,0,none,21,0.0000000000
2025-09-09,251,5350.5664289733,5811.4511371724,44960.4089898736,38180.5615708394,6779.8474190342,1037.2894867616,6081.2629520738,62477.2816029682,20608.8296505798,16278.3557795905,8,1,3,44770.2684430354,0.4125555556,6000.0000000000,0.8000000000,0.5000000000,14,0,none,21,0.0000000000
2025-09-10,252,5811.4511371724,6021.4876926915,65801.9190997609,37505.6024487702,28296.3166509907,4566.1129586195,190.6888196264,60706.0783338552,18823.5311730590,15058.0273502107,23,1,4,65715.2673519117,0.4125555556,6000.0000000000,0.8000000000,0.5000000000,14,0,none,21,0.0000000000
2025-09-11,253,6021.4876926915,5976.5200676218,42404.0566696189,40035.4444812707,2368.6121883482,387.5532144719,8446.6414410441,65328.0788318437,20070.3983394788,16297.4935175405,7,1,2,42422.6083131615,0.4125555556,6000.0000000000,0.8000000000,0.5000000000,14,0,none,21,0.0000000000
2025-09-12,254,5976.5200676218,6152.0299411852,17761.7329705359,17761.7329705359,0.0000000000,0.0000000000,17640.3406548896,32432.2338349607,16222.5162834944,12982.2793034234,0,0,0,17689.3253971424,0.4125555556,6000.0000000000,0.8000000000,0.5000000000,14,0,none,21,0.0000000000
2025-09-13,255,6152.0299411852,6290.5900178017,17978.0436338144,17978.0436338144,0.0000000000,0.0000000000,21690.4142435868,32877.8701036292,16082.3700408120,12902.0156641029,0,0,0,17920.8799044281,0.4125555556,6000.0000000000,0.8000000000,0.5000000000,14,0,none,21,0.0000000000
2025-09-14,256,6290.5900178017,5738.3419693530,48858.1635392155,38389.3007827441,10468.8627564714,1557.1113176184,77.6775757306,61794.5558273755,19324.6740150900,16150.0091958267,6,1,1,49085.9965396477,0.4125555556,6000.0000000000,0.8000000000,0.5000000000,14,0,none,21,0.0000000000
2025-09-15,257,5738.3419693530,5712.2437146289,50923.2063364605,37394.2291988179,13528.9771376426,2102.1516854831,4643.4346974215,61656.4954062655,21429.8431065548,17381.6613455611,15,1,4,50933.9733164373,0.4125555556,6000.0000000000,0.8000000000,0.5000000000,14,0,none,21,0.0000000000
2025-09-16,258,5712.2437146289,5759.2129328852,41551.9529595800,40621.9905728114,929.9623867686,136.9479555742,2072.3722222446,65370.9075395798,20533.8999639230,16590.1866743469,3,1,2,41532.5755476482,0.4125555556,6000.0000000000,0.8000000000,0.5000000000,14,0,none,21,0.0000000000
2025-09-17,259,5759.2129328852,6271.0802814385,42077.8135981138,42043.1047043638,34.7088937500,7.6291666667,3582.6880699554,68139.9828212174,21811.1837064772,17206.3781885485,1,1,1,41866.6398797606,0.4125555556,6000.0000000000,0.8000000000,0.5000000000,14,0,none,21,0.0000000000
2025-09-18,260,6271.0802814385,6180.8548020181,43194.7379146892,43177.5532362892,17.1846784000,2.4634000000,6742.6426488311,69403.0305142658,19936.8583170865,16230.0581683185,1,1,1,43231.9609374768,0.4125555556,6000.0000000000,0.8000000000,0.5000000000,14,0,none,21,0.0000000000
2025-09-19,261,6180.8548020181,7666.2700934953,20044.8772090591,20044.8772090591,0.0000000000,0.0000000000,14938.6381528864,35508.9033569425,16484.4164476842,12015.5035602947,0,0,0,19432.0608782530,0.4125555556,6000.0000000000,0.8000000000,0.5000000000,14,0,none,21,0.0000000000
2025-09-20,262,7666.2700934953,7563.0105964687,19749.2909611209,19749.2909611209,0.0000000000,0.0000000000,16008.5437134598,34701.6256279369,16529.3775182511,13481.7293371073,0,0,0,19791.8912402831,0.4125555556,6000.0000000000,0.8000000000,0.5000000000,14,0,none,21,0.0000000000
2025-09-21,263,7563.0105964687,7192.5548176022,46031.3323283994,46031.3323283994,0.0000000000,0.0000000000,11742.8511630450,72914.6792919335,16935.5307712373,14051.1901256821,0,0,0,46184.1659180585,0.4125555556,6000.0000000000,0.8000000000,0.5000000000,14,0,none,21,0.0000000000
2025-09-22,264,7192.5548176022,7004.7456727200,44793.8437001362,44720.3218601362,73.5218400000,10.9066666667,7214.2553248825,71228.1487733507,18841.0971694497,15430.3169376482,1,1,1,44871.3254062415,0.4125555556,6000.0000000000,0.8000000000,0.5000000000,14,0,none,21,0.0000000000
2025-09-23,265,7004.7456727200,7445.8530597717,46127.7958717527,46127.7958717527,0.0000000000,0.0000000000,6926.6715251188,73348.7999136409,20571.1376675905,16265.6248624017,0,0,0,45945.8145686279,0.4125555556,6000.0000000000,0.8000000000,0.5000000000,14,0,none,21,0.0000000000
2025-09-24,266,7445.8530597717,7331.4517664509,45609.9096566514,45609.9096566514,0.0000000000,0.0000000000,7712.4529367036,72382.8578713612,19527.0578876124,15919.8780529548,0,0,0,45657.1065457736,0.4125555556,6000.0000000000,0.8000000000,0.5000000000,14,0,none,21,0.0000000000
2025-09-25,267,7331.4517664509,7178.1033798760,45226.4748231935,45122.9773915268,103.4974316667,15.3716666667,7598.8439417473,71355.3770197308,18812.9968029870,15376.5409583369,1,1,1,45289.7395520104,0.4125555556,6000.0000000000,0.8000000000,0.5000000000,14,0,none,21,0.0000000000
2025-09-26,268,7178.1033798760,7574.0971303000,20229.7835811483,20229.7835811483,0.0000000000,0.0000000000,14508.4937447181,35606.4659684124,16038.6018332250,12634.8731095306,0,0,0,20066.4141594456,0.4125555556,6000.0000000000,0.8000000000,0.5000000000,14,0,none,21,0.0000000000
2025-09-27,269,7574.0971303000,6990.2120793868,20074.3755659132,20074.3755659132,0.0000000000,0.0000000000,14705.8087352323,35073.8518974631,16274.9339897510,13708.1930775202,0,0,0,20315.2605874733,0.4125555556,6000.0000000000,0.8000000000,0.5000000000,14,0,none,21,0.0000000000
2025-09-28,270,6990.2120793868,7176.5006807703,46385.2191831570,46385.2191831570,0.0000000000,0.0000000000,6075.0126126409,73652.9832356101,20645.6932371441,16555.3517808416,0,0,0,46308.3647857195,0.4125555556,6000.0000000000,0.8000000000,0.5000000000,14,0,none,21,0.0000000000
2025-09-29,271,7176.5006807703,6916.4123383684,45479.5795534945,45344.8432968278,134.7362566667,26.0150166667,5965.6495771751,72304.3632243650,20204.8240632535,16599.9869993970,2,1,2,45586.8804440876,0.4125555556,6000.0000000000,0.8000000000,0.5000000000,14,0,none,21,0.0000000000
2025-09-30,272,6916.4123383684,7106.1126799247,46407.0251995270,46222.7635403761,184.2616591509,27.2717618813,3630.6327855365,73262.4703026076,21401.0747625529,17164.1402502672,1,1,1,46328.7632697271,0.4125555556,6000.0000000000,0.8000000000,0.5000000000,14,0,none,21,0.0000000000
2025-10-01,273,7106.1126799247,8489.0289732157,46118.0763754992,46118.0763754992,0.0000000000,0.0000000000,19168.6769829347,73498.3131598502,18018.3683137907,13350.2536702086,0,0,0,45547.5465758338,0.4125555556,6000.0000000000,0.8000000000,0.5000000000,14,0,none,21,0.0000000000
2025-10-02,274,8489.0289732157,8588.1065208478,42662.2888840614,42662.2888840614,0.0000000000,0.0000000000,12142.1572095578,67523.0278092639,18741.6720535290,15091.5845704896,0,0,0,42621.4138913549,0.4125555556,6000.0000000000,0.8000000000,0.5000000000,14,0,none,21,0.0000000000
2025-10-03,275,8588.1065208478,8141.8504669702,17436.3417332701,17436.3417332701,0.0000000000,0.0000000000,21242.0526373494,31699.5413252301,16010.3444019502,13370.0094140695,0,0,0,17620.4471474976,0.4125555556,6000.0000000000,0.8000000000,0.5000000000,14,0,none,21,0.0000000000
2025-10-04,276,8141.8504669702,7919.4061589201,17774.8076115041,17774.8076115041,0.0000000000,0.0000000000,16195.4029631299,32249.3178172120,16621.7489368096,13663.8165160609,0,0,0,17866.5782465919,0.4125555556,6000.0000000000,0.8000000000,0.5000000000,14,0,none,21,0.0000000000
2025-10-05,277,7919.4061589201,7313.3856547906,39423.2381793537,39423.2381793537,0.0000000000,0.0000000000,5721.2772360546,63530.4628593774,19045.4895282769,15972.2649716208,0,0,0,39673.2553051129,0.4125555556,6000.0000000000,0.8000000000,0.5000000000,14,0,none,21,0.0000000000
2025-10-06,278,7313.3856547906,6281.0630053472,39004.8519438665,37594.9584556925,1409.8934881740,202.1062913093,595.4168611567,60989.8860127548,19960.8240916134,17097.3578987060,1,1,1,39430.7423880203,0.4125555556,6000.0000000000,0.8000000000,0.5000000000,14,0,none,21,0.0000000000
2025-10-07,279,6281.0630053472,7032.7899657059,40818.7070487947,40818.7070487947,0.0000000000,0.0000000000,3874.7295134008,66374.9853991589,21327.0453759748,16598.3524902167,0,0,0,40508.5779150378,0.4125555556,6000.0000000000,0.8000000000,0.5000000000,14,0,none,21,0.0000000000
2025-10-08,280,7032.7899657059,6082.8062950988,42530.0389363303,37896.8073537030,4633.2315826273,718.6573087967,4314.0217593004,62932.7558435258,19546.7422626417,16687.8465362862,9,1,1,42921.9599773263,0.4125555556,6000.0000000000,0.8000000000,0.5000000000,14,0,none,21,0.0000000000
2025-10-09,281,6082.8062950988,6113.0961102211,41484.5011779924,38912.3194633874,2572.1817146050,387.6145915343,5031.0521321280,64358.4845321956,20672.6551297816,16717.5898215130,3,1,1,41472.0049464869,0.4125555556,6000.0000000000,0.8000000000,0.5000000000,14,0,none,21,0.0000000000
2025-10-10,282,6113.0961102211,6035.2509777064,16360.9744787518,16254.4636095390,106.5108692128,22.7320177596,19361.0839047940,31614.9135460328,15805.3229557632,12872.3722134314,1,1,1,16393.0899206437,0.4125555556,6000.0000000000,0.8000000000,0.5000000000,14,0,none,21,0.0000000000
2025-10-11,283,6035.2509777064,6288.1120178660,16961.3520900939,16961.3520900939,0.0000000000,0.0000000000,15391.4742573787,32783.9166174869,16097.6517927959,12811.5230160210,0,0,0,16857.0328631925,0.4125555556,6000.0000000000,0.8000000000,0.5000000000,14,0,none,21,0.0000000000
2025-10-12,284,6288.1120178660,5877.0888698191,40412.0288118919,39391.3012272161,1020.7275846758,166.5000152063,2712.4454644666,64553.4304416860,20328.6833807077,16836.1543716154,4,1,3,40581.5986950806,0.4125555556,6000.0000000000,0.8000000000,0.5000000000,14,0,none,21,0.0000000000
2025-10-13,285,5877.0888698191,6114.9704637618,42124.0812490977,38649.5003187346,3474.5809303631,550.6800583781,2982.9402972217,63785.3430778301,21639.9689707267,17314.2814317402,7,1,3,42025.9418759523,0.4125555556,6000.0000000000,0.8000000000,0.5000000000,14,0,none,21,0.0000000000
2025-10-14,286,6114.9704637618,6254.3765947907,40936.3946002143,40743.4062905756,192.9883096387,40.6576578412,1358.4510618357,66347.3364633053,21738.1487265866,17482.4349506091,2,1,1,40878.8818263798,0.4125555556,6000.0000000000,0.8000000000,0.5000000000,14,0,none,21,0.0000000000
2025-10-15,287,6254.3765947907,6081.5082365996,41383.7873038762,40674.5926972935,709.1946065827,142.8849395353,1029.7853262716,66653.9607691477,21066.4118672815,17219.3751348700,8,1,1,41455.1051054277,0.4125555556,6000.0000000000,0.8000000000,0.5000000000,14,0,none,21,0.0000000000
2025-10-16,288,6081.5082365996,6190.3163871399,49828.3455960763,42239.4280463454,7588.9175497309,1114.9302102780,3009.3673488247,69039.4983621619,21477.1628322577,17298.5745586424,4,1,1,49783.4561890812,0.4125555556,6000.0000000000,0.8000000000,0.5000000000,14,0,none,21,0.0000000000
2025-10-17,289,6190.3163871399,6516.5553724880,17831.3887826156,17831.3887826156,0.0000000000,0.0000000000,14411.6175969081,33706.4814112504,15773.9442676964,12483.2797700209,0,0,0,17696.7970767715,0.4125555556,6000.0000000000,0.8000000000,0.5000000000,14,0,none,21,0.0000000000
2025-10-18,290,6516.5553724880,7068.0578573498,17757.5624710807,17757.5624710807,0.0000000000,0.0000000000,13696.1113097054,33244.8030788812,15661.8224533338,12189.7239508247,0,0,0,17530.0370570482,0.4125555556,6000.0000000000,0.8000000000,0.5000000000,14,0,none,21,0.0000000000
2025-10-19,291,7068.0578573498,6233.9691330943,44063.7577054581,43020.7961438827,1042.9615615754,149.7080507097,2822.3289533622,69880.4377910651,21435.6537205749,18113.5593654957,2,1,1,44407.8656424760,0.4125555556,6000.0000000000,0.8000000000,0.5000000000,14,0,none,21,0.0000000000
2025-10-20,292,6233.9691330943,6373.4081789831,47025.9858108128,44231.8192802158,2794.1665305970,578.4291870178,3445.3818071335,71588.4823806442,21869.7486976945,17589.0013038327,6,1,1,46968.4594577700,0.4125555556,6000.0000000000,0.8000000000,0.5000000000,14,0,none,21,0.0000000000
2025-10-21,293,6373.4081789831,6888.1520192468,45913.4744170061,45913.4744170061,0.0000000000,0.0000000000,2881.1485577300,74016.7759460540,22156.7188530880,17483.6728147639,0,0,0,45701.1139860173,0.4125555556,6000.0000000000,0.8000000000,0.5000000000,14,0,none,21,0.0000000000
2025-10-22,294,6888.1520192468,6481.9046109640,47623.2581688654,45507.5123861975,2115.7457826680,438.3821351919,4824.4279587833,73647.9633821113,21434.9659261812,17727.9450676613,5,1,1,47790.8577940825,0.4125555556,6000.0000000000,0.8000000000,0.5000000000,14,0,none,21,0.0000000000
2025-10-23,295,6481.9046109640,6734.8341930370,46745.6007327617,46745.6007327617,0.0000000000,0.0000000000,7445.4454808024,75034.3525780937,20956.7023162748,16747.2922523169,0,0,0,46641.2532285132,0.4125555556,6000.0000000000,0.8000000000,0.5000000000,14,0,none,21,0.0000000000
2025-10-24,296,6734.8341930370,6734.7334006101,17978.6195814523,17978.6195814523,0.0000000000,0.0000000000,12094.0795642771,33623.1727595547,16363.8589041850,13254.8164255741,0,0,0,17978.6611639280,0.4125555556,6000.0000000000,0.8000000000,0.5000000000,14,0,none,21,0.0000000000
2025-10-25,297,6734.7334006101,6681.6271996894,18235.5697754329,18235.5697754329,0.0000000000,0.0000000000,11740.4041706552,34104.3488016593,15859.5130447333,12894.0011470626,0,0,0,18257.4790336572,0.4125555556,6000.0000000000,0.8000000000,0.5000000000,14,0,none,21,0.0000000000
2025-10-26,298,6681.6271996894,6993.4406989313,46174.9622345526,46174.9622345526,0.0000000000,0.0000000000,5364.6472808358,74208.1007160295,21150.0487853120,16850.9073667850,0,0,0,46046.3218431431,0.4125555556,6000.0000000000,0.8000000000,0.5000000000,14,0,none,21,0.0000000000
2025-10-27,299,6993.4406989313,6230.6569828497,44581.7289015474,44483.6637136330,98.0651879144,20.5448072125,4940.6739415956,71776.7332116470,21002.7776582668,17698.7552476696,2,1,2,44896.4195613042,0.4125555556,6000.0000000000,0.8000000000,0.5000000000,14,0,none,21,0.0000000000
2025-10-28,300,6230.6569828497,6753.8486639326,46169.9078550663,46169.9078550663,0.0000000000,0.0000000000,3565.8893637598,74257.9700213268,22362.0339189072,17642.3749613402,0,0,0,45954.0622204151,0.4125555556,6000.0000000000,0.8000000000,0.5000000000,14,0,none,21,0.0000000000
2025-10-29,301,6753.8486639326,6370.9996151803,47565.8350119192,46039.5773388204,1526.2576730988,311.9587602959,915.9892065725,73917.0306335544,22870.0396376571,18869.2962503793,5,1,1,47723.7815139211,0.4125555556,6000.0000000000,0.8000000000,0.5000000000,14,0,none,21,0.0000000000
2025-10-30,302,6370.9996151803,6493.3294167268,47526.4824817717,47509.4241344383,17.0583473333,3.6418333333,7461.2713672723,76270.1614773142,20603.2498525440,16578.5355591688,1,1,1,47476.0146425336,0.4125555556,6000.0000000000,0.8000000000,0.5000000000,14,0,none,21,0.0000000000
2025-10-31,303,6493.3294167268,6894.5131517304,18892.7857904272,18892.7857904272,0.0000000000,0.0000000000,7687.0085450674,35164.6910147349,16906.9739026191,13333.5834996183,0,0,0,18727.2752117529,0.4125555556,6000.0000000000,0.8000000000,0.5000000000,14,0,none,21,0.0000000000
2025-11-01,304,6894.5131517304,7019.7760317515,18539.4949335071,18539.4949335071,0.0000000000,0.0000000000,8725.0084122319,34489.9631149954,16358.8404074266,13137.9241379965,0,0,0,18487.8170364495,0.4125555556,6000.0000000000,0.8000000000,0.5000000000,14,0,none,21,0.0000000000
2025-11-02,305,7019.7760317515,6252.6695095914,48222.9751210401,47114.6993962401,1108.2757248000,158.8698000000,3681.4187371114,75766.6557443708,21779.5723361588,18331.8494622328,1,1,1,48539.4491784602,0.4125555556,6000.0000000000,0.8000000000,0.5000000000,14,0,none,21,0.0000000000
2025-11-03,306,6252.6695095914,6169.4305244325,47078.5847129807,47078.5847129807,0.0000000000,0.0000000000,2421.6885412220,75977.7130742807,21715.8386124653,17664.7443627399,0,0,0,47112.9254187468,0.4125555556,6000.0000000000,0.8000000000,0.5000000000,14,0,none,21,0.0000000000
2025-11-04,307,6169.4305244325,6177.8197372337,48861.2800684757,48560.4900715760,300.7899968996,54.3812040806,6727.9181096917,78358.2749124929,21563.7667475126,17459.1007739642,3,1,2,48857.8190521278,0.4125555556,6000.0000000000,0.8000000000,0.5000000000,14,0,none,21,0.0000000000
2025-11-05,308,6177.8197372337,6717.0628914651,48327.4836903365,48327.4836903365,0.0000000000,0.0000000000,3014.8898531125,77507.7580292282,22786.9961612674,17972.1480518183,0,0,0,48105.0159312630,0.4125555556,6000.0000000000,0.8000000000,0.5000000000,14,0,none,21,0.0000000000
2025-11-06,309,6717.0628914651,6193.1947064136,51952.0956690974,47757.8443164340,4194.2513526634,868.6241619925,2444.2092071308,76689.0333604898,22186.0270099886,18442.1632446372,8,1,1,52168.2203992192,0.4125555556,6000.0000000000,0.8000000000,0.5000000000,14,0,none,21,0.0000000000
2025-11-07,310,6193.1947064136,6805.2744792884,19391.4363870935,19391.4363870935,0.0000000000,0.0000000000,8912.0541430715,36251.4635613913,18263.5570494689,14242.6094144825,0,0,0,19138.9194763508,0.4125555556,6000.0000000000,0.8000000000,0.5000000000,14,0,none,21,0.0000000000
2025-11-08,311,6805.2744792884,6717.5792639805,18818.3597191805,18818.3597191805,0.0000000000,0.0000000000,8524.8911163057,35420.4508166245,16754.0962847154,13649.7436843966,0,0,0,18854.5388674514,0.4125555556,6000.0000000000,0.8000000000,0.5000000000,14,0,none,21,0.0000000000
2025-11-09,312,6717.5792639805,6227.5932086652,48693.6165663312,48693.6165663312,0.0000000000,0.0000000000,2854.1832145191,77923.7388775628,21914.3469973376,18191.6085176272,0,0,0,48895.7630355962,0.4125555556,6000.0000000000,0.8000000000,0.5000000000,14,0,none,21,0.0000000000
2025-11-10,313,6227.5932086652,6133.4454508652,52414.3417739979,48505.0404302199,3909.3013437780,592.0577170465,593.3887741651,78194.1070326020,23258.2413552809,18923.9084797976,5,1,3,52453.1829545214,0.4125555556,6000.0000000000,0.8000000000,0.5000000000,14,0,none,21,0.0000000000
2025-11-11,314,6133.4454508652,6578.2792557739,51167.8530694497,51167.8530694497,0.0000000000,0.0000000000,5460.5589259615,81527.2149126691,21617.2941874901,17109.6578674492,0,0,0,50984.3344119357,0.4125555556,6000.0000000000,0.8000000000,0.5000000000,14,0,none,21,0.0000000000
2025-11-12,315,6578.2792557739,6410.1472146074,50648.3256100809,50648.3256100809,0.0000000000,0.0000000000,5765.1265445067,80685.4293881572,21661.2312142125,17696.9161205620,0,0,0,50717.6894177310,0.4125555556,6000.0000000000,0.8000000000,0.5000000000,14,0,none,21,0.0000000000
2025-11-13,316,6410.1472146074,6414.8495664077,50564.3890107693,50554.9716726359,9.4173381333,2.0105333333,3991.1869027891,80436.7800432589,21302.6328448224,17250.9004876859,1,1,1,50562.4490294099,0.4125555556,6000.0000000000,0.8000000000,0.5000000000,14,0,none,21,0.0000000000
2025-11-14,317,6414.8495664077,6803.9725092799,20079.2934041760,20079.2934041760,0.0000000000,0.0000000000,5993.3732266733,37255.0223670323,17436.7536409159,13773.5598005569,0,0,0,19918.7585723000,0.4125555556,6000.0000000000,0.8000000000,0.5000000000,14,0,none,21,0.0000000000
2025-11-15,318,6803.9725092799,6590.4401889150,19434.5644461326,19434.5644461326,0.0000000000,0.0000000000,4824.5332998073,36177.6809363814,17544.4200433463,14403.1593234389,0,0,0,19522.6583911898,0.4125555556,6000.0000000000,0.8000000000,0.5000000000,14,0,none,21,0.0000000000
2025-11-16,319,6590.4401889150,6396.2479334902,51232.1722890338,51232.1722890338,0.0000000000,0.0000000000,2740.9581766241,81323.8262709418,22753.1407414032,18604.8170304189,0,0,0,51312.2873828551,0.4125555556,6000.0000000000,0.8000000000,0.5000000000,14,0,none,21,0.0000000000
2025-11-17,320,6396.2479334902,6408.9735921758,50891.5035549544,50891.5035549544,0.0000000000,0.0000000000,4130.7014119490,81074.0921892257,22295.7018480331,18048.0654040898,0,0,0,50886.2535137655,0.4125555556,6000.0000000000,0.8000000000,0.5000000000,14,0,none,21,0.0000000000
2025-11-18,321,6408.9735921758,6552.0211950617,51971.9175863184,51971.9175863184,0.0000000000,0.0000000000,3189.7307986171,82387.5893895319,21992.4416578114,17685.1349002299,0,0,0,51912.9025030389,0.4125555556,6000.0000000000,0.8000000000,0.5000000000,14,0,none,21,0.0000000000
2025-11-19,322,6552.0211950617,6220.0272786938,52156.9379471442,52150.6368896442,6.3010575000,1.3850000000,3312.4627086884,82733.8795475076,22912.0250713174,18857.5348324982,1,1,1,52293.9038817525,0.4125555556,6000.0000000000,0.8000000000,0.5000000000,14,0,none,21,0.0000000000
2025-11-20,323,6220.0272786938,6440.7342099339,52884.4568147513,52884.4568147513,0.0000000000,0.0000000000,4503.5079727914,83732.3060433543,22300.4515742810,17864.7295370515,0,0,0,52793.4029441186,0.4125555556,6000.0000000000,0.8000000000,0.5000000000,14,0,none,21,0.0000000000
2025-11-21,324,6440.7342099339,6932.5573564797,20384.9184643387,20384.9184643387,0.0000000000,0.0000000000,5063.8517739239,37807.4635773951,18087.2994995440,14208.0717627395,0,0,0,20182.0140928804,0.4125555556,6000.0000000000,0.8000000000,0.5000000000,14,0,none,21,0.0000000000
2025-11-22,325,6932.5573564797,6577.1555153389,19922.9654980617,19922.9654980617,0.0000000000,0.0000000000,3863.9527829023,37148.8170132446,17815.2442317671,14750.2094847581,0,0,0,20069.5885020790,0.4125555556,6000.0000000000,0.8000000000,0.5000000000,14,0,none,21,0.0000000000
2025-11-23,326,6577.1555153389,6378.1328559489,52797.4089179265,52797.4089179265,0.0000000000,0.0000000000,4232.6540926423,83664.6336130447,23047.3875290525,18847.5042919835,0,0,0,52879.5168217392,0.4125555556,6000.0000000000,0.8000000000,0.5000000000,14,0,none,21,0.0000000000
2025-11-24,327,6378.1328559489,5925.3670765523,52413.9793592174,51121.5682342442,1292.4111249732,197.6828102644,3853.2136706855,81563.2149981047,21859.1033638978,18113.3629262142,4,1,2,52600.7703968729,0.4125555556,6000.0000000000,0.8000000000,0.5000000000,14,0,none,21,0.0000000000
2025-11-25,328,5925.3670765523,6494.7662444680,52919.1612000653,52919.1612000653,0.0000000000,0.0000000000,2841.4595619415,84003.7937891321,23585.3395231562,18591.6657626323,0,0,0,52684.2524100130,0.4125555556,6000.0000000000,0.8000000000,0.5000000000,14,0,none,21,0.0000000000
2025-11-26,329,6494.7662444680,6688.7107011930,53254.0494289037,53099.5094362370,154.5399926667,32.9931666667,2762.2492516769,84138.5264155407,23563.4391376035,18911.8356904064,1,1,1,53174.0365658126,0.4125555556,6000.0000000000,0.8000000000,0.5000000000,14,0,none,21,0.0000000000
2025-11-27,330,6688.7107011930,6519.8616304736,53352.4715736880,53352.4715736880,0.0000000000,0.0000000000,4423.3106613920,84296.1513012284,22336.3793165814,18244.4314100784,0,0,0,53422.1311958636,0.4125555556,6000.0000000000,0.8000000000,0.5000000000,14,0,none,21,0.0000000000
2025-11-28,331,6519.8616304736,6543.8069468446,20614.8121267419,20614.8121267419,0.0000000000,0.0000000000,4097.9384406763,38587.5249136848,18667.3533593400,15099.0054363314,0,0,0,20604.9333534434,0.4125555556,6000.0000000000,0.8000000000,0.5000000000,14,0,none,21,0.0000000000
2025-11-29,332,6543.8069468446,6645.4160591456,20837.6917930556,20837.6917930556,0.0000000000,0.0000000000,473.0136309855,39039.0176459562,18658.4511257887,15021.8972108180,0,0,0,20795.7723892808,0.4125555556,6000.0000000000,0.8000000000,0.5000000000,14,0,none,21,0.0000000000
2025-11-30,333,6645.4160591456,6210.1391303365,54458.3636425329,54429.9653311996,28.3983113333,6.0628333333,1639.7201996073,86116.2509913068,24365.8670752339,20128.1015668677,1,1,1,54637.9395577183,0.4125555556,6000.0000000000,0.8000000000,0.5000000000,14,0,none,21,0.0000000000
2025-12-01,334,6210.1391303365,6021.8153346424,83229.1068019908,54100.8664003566,29128.2404016342,5437.9753706631,708.8275223885,86036.0356633085,24398.6694440758,19932.4136658261,22,1,3,83306.8008301477,0.4125555556,6000.0000000000,0.8000000000,0.5000000000,14,0,none,21,0.0000000000
2025-12-02,335,6021.8153346424,6286.2972008641,71465.6201400396,58079.1132107379,13386.5069293017,2734.1231296368,419.9260856517,91350.8992302857,25206.5928666908,20179.3065424200,14,1,2,71356.5066767861,0.4125555556,6000.0000000000,0.8000000000,0.5000000000,14,0,none,21,0.0000000000
2025-12-03,336,6286.2972008641,6595.2544024074,61017.1023095902,61017.1023095902,0.0000000000,0.0000000000,2793.0431392960,94874.3439744279,24423.6357214536,19505.0834529884,0,0,0,60889.6402996646,0.4125555556,6000.0000000000,0.8000000000,0.5000000000,14,0,none,21,0.0000000000
2025-12-04,337,6595.2544024074,6465.6028435123,63363.5571311836,60844.9965335461,2518.5605976376,506.4299623225,3946.1604867908,94828.9580676591,24919.5010326128,20301.4822394220,6,1,3,63417.0456020922,0.4125555556,6000.0000000000,0.8000000000,0.5000000000,14,0,none,21,0.0000000000
2025-12-05,338,6465.6028435123,6802.3311083363,26620.4424652766,26620.4424652766,0.0000000000,0.0000000000,4540.9523992970,50004.3664392776,20256.4785173990,16104.6921607517,0,0,0,26481.5233489109,0.4125555556,6000.0000000000,0.8000000000,0.5000000000,14,0,none,21,0.0000000000
2025-12-06,339,6802.3311083363,6665.6123794459,26647.6367962593,26647.6367962593,0.0000000000,0.0000000000,3052.6624343179,50387.8887200222,19966.5385528369,16295.9430837993,0,0,0,26704.0408674115,0.4125555556,6000.0000000000,0.8000000000,0.5000000000,14,0,none,21,0.0000000000
2025-12-07,340,6665.6123794459,6526.5684743020,63761.4973420657,63666.7755292356,94.7218128301,16.3074481932,6795.4586688486,98695.4723304073,23098.8388125333,18835.1989527814,1,1,1,63818.8606775989,0.4125555556,6000.0000000000,0.8000000000,0.5000000000,14,0,none,21,0.0000000000
2025-12-08,341,6526.5684743020,6635.5155137816,64726.4529082674,64726.4529082674,0.0000000000,0.0000000000,8365.8727448572,100706.1048042693,23131.4137221780,18638.3927794326,0,0,0,64681.5062018688,0.4125555556,6000.0000000000,0.8000000000,0.5000000000,14,0,none,21,0.0000000000
2025-12-09,342,6635.5155137816,6606.8585209425,65263.9432069381,65263.9432069381,0.0000000000,0.0000000000,9195.8560254948,101018.1068325039,23471.5149152508,19037.7183749083,0,0,0,65275.7658085393,0.4125555556,6000.0000000000,0.8000000000,0.5000000000,14,0,none,21,0.0000000000
2025-12-10,343,6606.8585209425,6483.1309825602,64118.9617215262,64118.9617215262,0.0000000000,0.0000000000,6815.3779419039,99394.7718408247,22648.0537726225,18456.2783403684,0,0,0,64170.0062048611,0.4125555556,6000.0000000000,0.8000000000,0.5000000000,14,0,none,21,0.0000000000
2025-12-11,344,6483.1309825602,6686.9971633130,64833.4245840658,64833.4245840658,0.0000000000,0.0000000000,10051.2396696677,100545.7778683938,22893.7049265715,18360.4214278454,0,0,0,64749.3184586063,0.4125555556,6000.0000000000,0.8000000000,0.5000000000,14,0,none,21,0.0000000000
2025-12-12,345,6686.9971633130,6795.5216335555,28574.4678026864,28574.4678026864,0.0000000000,0.0000000000,6108.6645511073,53513.1505321851,18907.3709185590,15217.2984208146,0,0,0,28529.6954295742,0.4125555556,6000.0000000000,0.8000000000,0.5000000000,14,0,none,21,0.0000000000
2025-12-13,346,6795.5216335555,6776.8691717851,29255.9796028568,29255.9796028568,0.0000000000,0.0000000000,7634.7113992078,55023.5401381275,18984.6451114722,15394.3497558858,0,0,0,29263.6747795849,0.4125555556,6000.0000000000,0.8000000000,0.5000000000,14,0,none,21,0.0000000000
2025-12-14,347,6776.8691717851,6284.1380378440,64084.9568829264,64084.9568829264,0.0000000000,0.0000000000,6573.8143557475,99294.8930239610,23083.2362566347,19140.8793884211,0,0,0,64288.2358496290,0.4125555556,6000.0000000000,0.8000000000,0.5000000000,14,0,none,21,0.0000000000
2025-12-15,348,6284.1380378440,6131.1419599132,63624.2577187198,63225.2929502042,398.9647685157,57.1910505326,5020.8598449842,98878.0425838472,24118.4857519297,19673.6699292008,1,1,1,63687.3771006484,0.4125555556,6000.0000000000,0.8000000000,0.5000000000,14,0,none,21,0.0000000000
2025-12-16,349,6131.1419599132,6552.0741828433,65872.0996699647,65872.0996699647,0.0000000000,0.0000000000,7766.6574420247,102093.1334983753,23839.7143283166,18931.3296052993,0,0,0,65698.4417428825,0.4125555556,6000.0000000000,0.8000000000,0.5000000000,14,0,none,21,0.0000000000
2025-12-17,350,6552.0741828433,6418.7713804640,63392.7491495062,63392.7491495062,0.0000000000,0.0000000000,6350.9759564015,98862.5615493698,23366.9002549635,19047.1617286618,0,0,0,63447.7439611989,0.4125555556,6000.0000000000,0.8000000000,0.5000000000,14,0,none,21,0.0000000000
2025-12-18,351,6418.7713804640,6435.2859533325,62533.4331249119,62533.4331249119,0.0000000000,0.0000000000,5279.8983989436,97336.3972926895,24607.2042710404,19916.9723439611,0,0,0,62526.6199461274,0.4125555556,6000.0000000000,0.8000000000,0.5000000000,14,0,none,21,0.0000000000
2025-12-19,352,6435.2859533325,6446.3579487809,27124.0535065192,27124.0535065192,0.0000000000,0.0000000000,4555.0897745404,51244.8908730488,19849.7105400251,16068.3007415168,0,0,0,27119.4856932859,0.4125555556,6000.0000000000,0.8000000000,0.5000000000,14,0,none,21,0.0000000000
2025-12-20,353,6446.3579487809,6647.2763148270,26554.6753492402,26554.6753492402,0.0000000000,0.0000000000,3492.7462165553,50550.5078184468,21160.9622234214,16959.5528715298,0,0,0,26471.7853611147,0.4125555556,6000.0000000000,0.8000000000,0.5000000000,14,0,none,21,0.0000000000
2025-12-21,354,6647.2763148270,6352.2502240862,61064.0109051346,60939.4540750360,124.5568300987,21.4438891450,1485.1371465376,94950.3762482341,24812.7610833766,20363.8599592018,1,1,1,61185.7255579036,0.4125555556,6000.0000000000,0.8000000000,0.5000000000,14,0,none,21,0.0000000000
2025-12-22,355,6352.2502240862,6099.3506543801,61702.1202018901,60729.6720114977,972.4481903924,192.8771870064,1944.7079420842,95249.1880270367,25197.5779019008,20637.6477132752,9,1,2,61806.4553243700,0.4125555556,6000.0000000000,0.8000000000,0.5000000000,14,0,none,21,0.0000000000
2025-12-23,356,6099.3506543801,6701.9848897240,62476.8456879163,62476.8456879163,0.0000000000,0.0000000000,4901.0825631332,97357.6068714881,24505.5840169053,19307.1522418837,0,0,0,62228.2255861572,0.4125555556,6000.0000000000,0.8000000000,0.5000000000,14,0,none,21,0.0000000000
2025-12-24,357,6701.9848897240,6298.9883032828,61245.0315276068,60832.7312212354,412.3003063714,68.8968518148,3046.9527336048,95176.0652927956,24769.1948533481,20425.7447590091,2,1,2,61411.2900082131,0.4125555556,6000.0000000000,0.8000000000,0.5000000000,14,0,none,21,0.0000000000
2025-12-25,358,6298.9883032828,6338.2357035123,61172.7208364121,61172.7208364121,0.0000000000,0.0000000000,2903.8208514562,95422.6503120586,24584.5171950659,19878.1362677969,0,0,0,61156.5291034064,0.4125555556,6000.0000000000,0.8000000000,0.5000000000,14,0,none,21,0.0000000000
2025-12-26,359,6338.2357035123,7048.1610780167,26208.8189394241,26208.8189394241,0.0000000000,0.0000000000,1956.0135815043,49701.0560076750,21570.9850304386,16833.5650376013,0,0,0,25915.9352821424,0.4125555556,6000.0000000000,0.8000000000,0.5000000000,14,0,none,21,0.0000000000
2025-12-27,360,7048.1610780167,6680.1621810059,25784.7900227129,25784.7900227129,0.0000000000,0.0000000000,2186.6281933693,49040.1653732145,20241.7216867808,16726.9935736022,0,0,0,25936.6100121130,0.4125555556,6000.0000000000,0.8000000000,0.5000000000,14,0,none,21,0.0000000000
2025-12-28,361,6680.1621810059,6539.9945302829,61919.2838791484,61131.0365533538,788.2473257946,135.9425689338,4184.9313547415,95192.6675356443,23476.7099236173,19142.2859237807,3,1,1,61977.1108221633,0.4125555556,6000.0000000000,0.8000000000,0.5000000000,14,0,none,21,0.0000000000
2025-12-29,362,6539.9945302829,6142.3852244531,59811.2444931715,59811.2444931715,0.0000000000,0.0000000000,2045.0223274726,93753.8195634595,23909.8912871951,19724.8603178749,0,0,0,59975.2804212322,0.4125555556,6000.0000000000,0.8000000000,0.5000000000,14,0,none,21,0.0000000000
2025-12-30,363,6142.3852244531,6481.3068888625,61593.7087534500,60860.7748198486,732.9339336014,135.6388405799,4283.5954583533,95364.6497004818,24669.7946565252,19677.5041738170,3,1,2,61453.8847378997,0.4125555556,6000.0000000000,0.8000000000,0.5000000000,14,0,none,21,0.0000000000
2025-12-31,364,6481.3068888625,6160.2284596428,61579.8023240971,60373.9385987441,1205.8637253530,257.3967564221,1612.1294183319,94461.2145718388,24994.8924362812,20534.8334596856,3,1,1,61712.2650138407,0.4125555556,6000.0000000000,0.8000000000,0.5000000000,14,0,none,21,0.0000000000
