method,month,tau,pv_bin,coverage,pinball,exceedance,effective_n,tail_effective_n
ManualWeekly,6,0.5,0,0.6813271604938271,139.53524535383596,69.7665814925044,19.592255030215775,9.796127515107887
ManualWeekly,6,0.5,1,0.4926900584795322,172.1093911578425,181.48345613304093,19.592255030215775,9.796127515107887
ManualWeekly,6,0.5,2,0.10416666666666667,354.25637540426584,678.0756731894841,19.592255030215775,9.796127515107887
ManualWeekly,6,0.8,0,0.9243827160493827,105.34185209435624,12.430503279320991,19.592255030215775,3.918451006043154
ManualWeekly,6,0.8,1,0.8022660818713451,116.51547796731411,48.358129842314135,19.592255030215775,3.918451006043154
ManualWeekly,6,0.8,2,0.1875,356.30549311011896,424.09859383432536,19.592255030215775,3.918451006043154
ManualWeekly,6,0.9,0,0.9683641975308642,69.81924157098764,5.115505766093478,19.592255030215775,1.959225503021577
ManualWeekly,6,0.9,1,0.8896198830409356,73.94861786868212,21.216324109231422,19.592255030215775,1.959225503021577
ManualWeekly,6,0.9,2,0.3229166666666667,269.9217485897816,284.268661830357,19.592255030215775,1.959225503021577
ManualWeekly,6,0.95,0,0.9830246913580247,42.49257708724651,2.820469090608467,19.592255030215775,0.9796127515107895
ManualWeekly,6,0.95,1,0.935672514619883,43.72989257416983,9.195653379803675,19.592255030215775,0.9796127515107896
ManualWeekly,6,0.95,2,0.4131944444444444,207.86264163293646,207.63769416666662,19.592255030215775,0.9796127515107896
ManualWeekly,7,0.5,0,0.1527777777777778,230.91052600198407,425.40550715277766,12.12853882822882,6.06426941411441
ManualWeekly,7,0.5,1,0.5128472222222222,169.35756467782738,187.00319006349204,12.12853882822882,6.06426941411441
ManualWeekly,7,0.5,2,0.6590277777777778,159.84848808878968,127.36736666071427,12.12853882822882,6.06426941411441
ManualWeekly,7,0.8,0,0.3819444444444444,235.1275027559524,256.14050411706353,12.12853882822882,2.4257077656457633
ManualWeekly,7,0.8,1,0.7763888888888889,117.86583768075396,59.50348676388888,12.12853882822882,2.4257077656457633
ManualWeekly,7,0.8,2,0.8729166666666667,119.16868346488096,41.70075892658731,12.12853882822882,2.4257077656457633
ManualWeekly,7,0.9,0,0.4305555555555556,206.11773369246023,201.01395991071416,12.12853882822882,1.2128538828228816
ManualWeekly,7,0.9,1,0.8739583333333333,72.93147531324404,26.882234855654758,12.12853882822882,1.2128538828228816
ManualWeekly,7,0.9,2,0.9236111111111112,76.86840375486112,22.039170780753977,12.12853882822882,1.2128538828228816
ManualWeekly,7,0.95,0,0.4791666666666667,178.47403614136903,168.7936723115079,12.12853882822882,0.6064269414114415
ManualWeekly,7,0.95,1,0.9013888888888889,48.25097200510916,20.23565365575397,12.12853882822882,0.6064269414114415
ManualWeekly,7,0.95,2,0.9534722222222223,46.027559733879,11.86452960119048,12.12853882822882,0.6064269414114415
ManualWeekly,8,0.5,1,0.6805555555555556,185.1392964409722,66.00678564649478,12.12853882822882,6.06426941411441
ManualWeekly,8,0.5,2,0.4636111111111111,140.2040059311508,166.12187975555554,12.12853882822882,6.06426941411441
ManualWeekly,8,0.8,1,0.8692129629629629,121.71421371428569,17.11237150628309,12.12853882822882,2.4257077656457633
ManualWeekly,8,0.8,2,0.7616666666666667,105.25484539111109,57.603964953968244,12.12853882822882,2.4257077656457633
ManualWeekly,8,0.9,1,0.9305555555555556,75.69275685896163,8.294547124669334,12.12853882822882,1.2128538828228816
ManualWeekly,8,0.9,2,0.8683333333333333,69.75272659888887,29.61737709404761,12.12853882822882,1.2128538828228816
ManualWeekly,8,0.95,1,0.9618055555555556,42.9650926483962,3.588192949735461,12.12853882822882,0.6064269414114415
ManualWeekly,8,0.95,2,0.9116666666666666,43.004902137380974,18.020509707936505,12.12853882822882,0.6064269414114415
ManualWeekly,9,0.5,0,0.24151234567901234,143.0899347205688,231.4701020078263,20.540544342058656,10.270272171029328
ManualWeekly,9,0.5,1,0.7381944444444445,207.73229154960322,77.91223078373017,20.540544342058656,10.270272171029328
ManualWeekly,9,0.5,2,0.8784722222222222,298.0919783531745,56.32085416666668,20.540544342058656,10.270272171029328
ManualWeekly,9,0.8,0,0.6419753086419753,92.23489554949296,65.0104279618607,20.540544342058656,4.108108868411731
ManualWeekly,9,0.8,1,0.9284722222222223,137.4475069392857,18.319566916666666,20.540544342058656,4.108108868411731
ManualWeekly,9,0.8,2,0.9375,180.4444711041666,24.12233900793654,20.540544342058656,4.108108868411731
ManualWeekly,9,0.9,0,0.7893518518518519,58.705240570987655,30.268259029982367,20.540544342058656,2.0540544342058653
ManualWeekly,9,0.9,1,0.9625,82.22706653541665,8.02777777876984,20.540544342058656,2.0540544342058653
ManualWeekly,9,0.9,2,0.9479166666666666,103.06159223214283,10.8351432043651,20.540544342058656,2.0540544342058653
ManualWeekly,9,0.95,0,0.8831018518518519,34.71616158242396,14.631270760582007,20.540544342058656,1.0270272171029338
ManualWeekly,9,0.95,1,0.9798611111111111,47.14615392013893,4.0895762152777735,20.540544342058656,1.0270272171029338
ManualWeekly,9,0.95,2,0.9652777777777778,57.318217452381,4.578734796626986,20.540544342058656,1.0270272171029338
ManualWeekly,10,0.5,0,0.44419642857142855,110.8209040265377,113.18807459573415,19.592255030215775,9.796127515107887
ManualWeekly,10,0.5,1,0.4074074074074074,98.86201059027778,140.6334897784391,19.592255030215775,9.796127515107887
ManualWeekly,10,0.8,0,0.7532242063492064,76.34752443842119,35.14749883680555,19.592255030215775,3.918451006043154
ManualWeekly,10,0.8,1,0.8055555555555556,62.885277203703666,29.706232288359725,19.592255030215775,3.918451006043154
ManualWeekly,10,0.9,0,0.863343253968254,48.66379067864228,17.391793653628117,19.592255030215775,1.959225503021577
ManualWeekly,10,0.9,1,0.8842592592592593,40.21867651620369,11.12234872354497,19.592255030215775,1.959225503021577
ManualWeekly,10,0.95,0,0.910218253968254,30.086150280700846,10.23563602465987,19.592255030215775,0.9796127515107896
ManualWeekly,10,0.95,1,0.9513888888888888,24.701704739087315,4.979441865079356,19.592255030215775,0.9796127515107896
ManualWeekly,11,0.5,0,0.48842592592592593,83.57798939566798,86.23551262566137,19.592255030215775,9.796127515107887
ManualWeekly,11,0.8,0,0.7717592592592593,57.89884026626983,24.702241621693126,19.592255030215775,3.918451006043154
ManualWeekly,11,0.9,0,0.8784722222222222,36.87601336041666,11.657580996362435,19.592255030215775,1.959225503021577
ManualWeekly,11,0.95,0,0.9254629629629629,22.42639952493388,6.439896578042335,19.592255030215775,0.9796127515107897
ManualWeekly,12,0.5,0,0.5257616487455197,98.524148780882,97.20588757392474,19.592255030215775,9.796127515107887
ManualWeekly,12,0.8,0,0.7997311827956989,72.83326746818997,31.983891065028168,19.592255030215775,3.9184510060431545
ManualWeekly,12,0.9,0,0.8830645161290323,48.520063212429605,17.77260139944957,19.592255030215775,1.9592255030215773
ManualWeekly,12,0.95,0,0.9305555555555556,29.785307042882764,9.945014549091137,19.592255030215775,0.9796127515107896
Ridge,6,0.5,0,0.7170138888888888,160.5888272829861,55.125692256944454,17.836086512101204,8.918043256050602
Ridge,6,0.5,1,0.45233585858585856,168.62099344113005,206.56890480050504,17.836086512101204,8.918043256050602
Ridge,6,0.8,0,0.9409722222222222,113.13970123107636,8.27849872048611,17.836086512101204,3.5672173024202403
Ridge,6,0.8,1,0.7421085858585859,123.36254470271463,75.79999756944444,17.836086512101204,3.56721730242024
Ridge,6,0.9,0,0.9774305555555556,72.35698868368053,2.8397522534722195,17.836086512101204,1.7836086512101201
Ridge,6,0.9,1,0.8428030303030303,80.92962992638888,40.26689460258838,17.836086512101204,1.78360865121012
Ridge,6,0.95,0,0.9852430555555556,42.56616478832469,1.8324913437499981,17.836086512101204,0.8918043256050611
Ridge,6,0.95,1,0.8942550505050505,51.3563424116951,24.18472237689394,17.836086512101204,0.8918043256050611
Ridge,7,0.5,0,0.4714506172839506,176.5621681550926,175.39293926311728,12.12853882822882,6.06426941411441
Ridge,7,0.5,1,0.5656565656565656,142.00933725978535,130.77494814488637,12.128538828228818,6.064269414114409
Ridge,7,0.8,0,0.7438271604938271,125.61249639351848,62.936841705246906,12.12853882822882,2.4257077656457633
Ridge,7,0.8,1,0.8320707070707071,104.30266895151513,40.76573204450758,12.128538828228818,2.4257077656457633
Ridge,7,0.9,0,0.8479938271604939,82.84336578749999,33.31604692361111,12.12853882822882,1.2128538828228816
Ridge,7,0.9,1,0.9056186868686869,66.21553515602903,19.168854420770202,12.128538828228818,1.2128538828228816
Ridge,7,0.95,0,0.8773148148148148,56.208680824074094,25.97281107407407,12.12853882822882,0.6064269414114415
Ridge,7,0.95,1,0.9387626262626263,39.90391876631947,10.912738339015151,12.128538828228818,0.6064269414114415
Ridge,8,0.5,1,0.578125,155.6332481781684,106.7124331345486,12.12853882822882,6.06426941411441
Ridge,8,0.5,2,0.4486111111111111,144.94115626018515,182.07628348611112,12.12853882822882,6.06426941411441
Ridge,8,0.8,1,0.8342013888888888,109.68875276041665,32.659559191406245,12.12853882822882,2.4257077656457633
Ridge,8,0.8,2,0.749537037037037,107.36191869212962,63.07506445370371,12.12853882822882,2.4257077656457633
Ridge,8,0.9,1,0.9066840277777778,72.80767258906248,17.9164018923611,12.12853882822882,1.2128538828228816
Ridge,8,0.9,2,0.8537037037037037,70.79515461939815,32.23996305879629,12.12853882822882,1.2128538828228816
Ridge,8,0.95,1,0.9431423611111112,43.596586682638915,10.698173588975692,12.12853882822882,0.6064269414114415
Ridge,8,0.95,2,0.9074074074074074,44.8280602389815,19.987229244907404,12.12853882822882,0.6064269414114415
Ridge,9,0.5,0,0.3421717171717172,120.45955704829545,170.4234527367424,19.2964999927831,9.64824999639155
Ridge,9,0.5,1,0.4016812865497076,152.21620469627192,188.59565490606724,19.2964999927831,9.64824999639155
Ridge,9,0.8,0,0.678030303030303,83.81955817525252,51.644082224747486,19.2964999927831,3.859299998556619
Ridge,9,0.8,1,0.7306286549707602,106.06040883150584,61.702589276681294,19.2964999927831,3.859299998556619
Ridge,9,0.9,0,0.8093434343434344,54.33947154103535,25.575025750631315,19.2964999927831,1.9296499992783096
Ridge,9,0.9,1,0.8450292397660819,68.2949358298611,30.050532703581872,19.2964999927831,1.9296499992783096
Ridge,9,0.95,0,0.889520202020202,32.71844540119952,12.608369773989901,19.2964999927831,0.9648249996391559
Ridge,9,0.95,1,0.9002192982456141,43.343733562828966,17.506167304459062,19.2964999927831,0.9648249996391559
Ridge,10,0.5,0,0.40046296296296297,107.4604524679398,122.56338864953705,20.540544342058656,10.270272171029328
Ridge,10,0.5,1,0.19444444444444445,120.99048795138894,224.5850188611112,20.540544342058656,10.270272171029328
Ridge,10,0.8,0,0.7289351851851852,74.72700437518517,38.72643031249999,20.540544342058656,4.108108868411731
Ridge,10,0.8,1,0.6111111111111112,74.69015696666665,71.63534622222221,20.540544342058656,4.108108868411731
Ridge,10,0.9,0,0.8451388888888889,48.094187171921284,19.187037690046285,20.540544342058656,2.0540544342058653
Ridge,10,0.9,1,0.7708333333333334,47.09860723263891,35.66284439583336,20.540544342058656,2.0540544342058653
Ridge,10,0.95,0,0.906712962962963,29.563080214108812,10.620228911574072,20.540544342058656,1.0270272171029338
Ridge,10,0.95,1,0.8333333333333334,29.028090948958337,19.351551416666663,20.540544342058656,1.0270272171029338
Ridge,11,0.5,0,0.5224537037037037,85.18323603460648,81.43145953472221,20.540544342058656,10.270272171029328
Ridge,11,0.8,0,0.8074074074074075,59.007051552499995,23.00849371828704,20.540544342058656,4.108108868411731
Ridge,11,0.9,0,0.8951388888888889,38.10374934706017,11.293027741203703,20.540544342058656,2.0540544342058653
Ridge,11,0.95,0,0.9351851851851852,23.22744996369215,6.138866078472223,20.540544342058656,1.0270272171029338
Ridge,12,0.5,0,0.543010752688172,89.26541697412634,77.0364253187724,20.540544342058656,10.270272171029328
Ridge,12,0.8,0,0.8131720430107527,64.53810792401433,23.853466368727602,20.540544342058656,4.108108868411731
Ridge,12,0.9,0,0.8976254480286738,41.76886320232974,12.146358882840499,20.540544342058656,2.0540544342058653
Ridge,12,0.95,0,0.9408602150537635,25.55719002207663,6.621743708781361,20.540544342058656,1.0270272171029338
