method,date,month,residual_bias,scenario_spread,max_history_day,min_history_day,n,effective_n,native_residual_fraction
ManualWeekly,2025-06-01,6,775.9987118452373,322.2962685447708,150,109,42,19.592255030215775,1.0
ManualWeekly,2025-06-02,6,606.1038673908721,343.5680889138358,151,110,42,19.592255030215775,1.0
ManualWeekly,2025-06-03,6,539.9363106448404,358.20747658784995,152,111,42,19.592255030215775,1.0
ManualWeekly,2025-06-04,6,537.0867920436499,365.7749803068784,153,112,42,19.592255030215775,1.0
ManualWeekly,2025-06-05,6,557.2035893253958,373.23298484590293,154,113,42,19.592255030215775,1.0
ManualWeekly,2025-06-06,6,714.4543824007931,378.16474461336605,155,114,42,19.592255030215775,1.0
ManualWeekly,2025-06-07,6,624.0595418253963,389.16177312727297,156,115,42,19.592255030215775,1.0
ManualWeekly,2025-06-08,6,-74.30639689484218,391.4404086030528,157,116,42,19.592255030215775,1.0
ManualWeekly,2025-06-09,6,221.79441935515783,396.4565471819308,158,117,42,19.592255030215775,1.0
ManualWeekly,2025-06-10,6,227.0303074702373,393.4978423765872,159,118,42,19.592255030215775,1.0
ManualWeekly,2025-06-11,6,382.56788885912607,392.52423028982236,160,119,42,19.592255030215775,1.0
ManualWeekly,2025-06-12,6,194.78142457341175,391.84390957414456,161,120,42,19.592255030215775,1.0
ManualWeekly,2025-06-13,6,239.5473091666661,390.9131320381172,162,121,42,19.592255030215775,1.0
ManualWeekly,2025-06-14,6,150.75701961309468,388.95542747104474,163,122,42,19.592255030215775,1.0
ManualWeekly,2025-06-15,6,36.493624424602245,389.8577984123735,164,123,42,19.592255030215775,1.0
ManualWeekly,2025-06-16,6,98.77299759920538,388.6278205162946,165,124,42,19.592255030215775,1.0
ManualWeekly,2025-06-17,6,171.74734637896742,387.4363664025656,166,125,42,19.592255030215775,1.0
ManualWeekly,2025-06-18,6,-19.162960297619932,386.21018778590155,167,126,42,19.592255030215775,1.0
ManualWeekly,2025-06-19,6,-99.95454129960409,387.0945481822266,168,127,42,19.592255030215775,1.0
ManualWeekly,2025-06-20,6,-84.44206824404819,389.4633008785213,169,128,42,19.592255030215775,1.0
ManualWeekly,2025-06-21,6,-192.63329746031812,390.5572121554815,170,129,42,19.592255030215775,1.0
ManualWeekly,2025-06-22,6,-103.23016981150884,394.8747909366418,171,130,42,19.592255030215775,1.0
ManualWeekly,2025-06-23,6,-103.54330572420727,397.0257025570483,172,131,42,19.592255030215775,1.0
ManualWeekly,2025-06-24,6,320.0260086507928,394.14459120917434,173,132,42,19.592255030215775,1.0
ManualWeekly,2025-06-25,6,59.25158819444341,398.7564961909094,174,133,42,19.592255030215775,1.0
ManualWeekly,2025-06-26,6,-64.1618034027787,400.27192083003837,175,134,42,19.592255030215775,1.0
ManualWeekly,2025-06-27,6,-139.50444991071492,401.17835265166843,176,135,42,19.592255030215775,1.0
ManualWeekly,2025-06-28,6,-62.835013253968846,399.611003414778,177,136,42,19.592255030215775,1.0
ManualWeekly,2025-06-29,6,-17.877520049604012,401.0451924510732,178,137,42,19.592255030215775,1.0
ManualWeekly,2025-06-30,6,-8.291896428572521,402.0227594758733,179,138,42,19.592255030215775,1.0
ManualWeekly,2025-07-01,7,348.16139642857047,327.2490699134684,180,167,14,12.12853882822882,1.0
ManualWeekly,2025-07-02,7,179.83455184523712,346.54360949768073,181,168,14,12.12853882822882,1.0
ManualWeekly,2025-07-03,7,532.110448749999,372.4357472344844,182,169,14,12.12853882822882,1.0
ManualWeekly,2025-07-04,7,363.54002967261835,396.7077135918941,183,170,14,12.12853882822882,1.0
ManualWeekly,2025-07-05,7,375.72564518849146,415.54595228793903,184,171,14,12.12853882822882,1.0
ManualWeekly,2025-07-06,7,659.5665715674593,419.29490709077515,185,172,14,12.12853882822882,1.0
ManualWeekly,2025-07-07,7,423.06567468253866,437.4041946703355,186,173,14,12.12853882822882,1.0
ManualWeekly,2025-07-08,7,325.10551898809416,437.44696681747786,187,174,14,12.12853882822882,1.0
ManualWeekly,2025-07-09,7,295.8982085019831,420.23197224778295,188,175,14,12.12853882822882,1.0
ManualWeekly,2025-07-10,7,222.72413586309426,410.88532739106205,189,176,14,12.12853882822882,1.0
ManualWeekly,2025-07-11,7,504.74400039682484,397.01964836688126,190,177,14,12.12853882822882,1.0
ManualWeekly,2025-07-12,7,398.2456636805549,400.534592041343,191,178,14,12.12853882822882,1.0
ManualWeekly,2025-07-13,7,80.45447577380841,384.0976147810216,192,179,14,12.12853882822882,1.0
ManualWeekly,2025-07-14,7,239.88540611111006,368.2831912368052,193,180,14,12.12853882822882,1.0
ManualWeekly,2025-07-15,7,92.33742946428464,342.0146565346815,194,181,14,12.12853882822882,1.0
ManualWeekly,2025-07-16,7,97.46845668650695,364.2301416461665,195,182,14,12.12853882822882,1.0
ManualWeekly,2025-07-17,7,124.46520829364977,364.55652246908244,196,183,14,12.12853882822882,1.0
ManualWeekly,2025-07-18,7,312.5174104365072,366.55939857145455,197,184,14,12.12853882822882,1.0
ManualWeekly,2025-07-19,7,122.365441666666,367.6876517994492,198,185,14,12.12853882822882,1.0
ManualWeekly,2025-07-20,7,133.09485200396728,361.37467359057086,199,186,14,12.12853882822882,1.0
ManualWeekly,2025-07-21,7,169.045610734126,340.92885384946425,200,187,14,12.12853882822882,1.0
ManualWeekly,2025-07-22,7,28.516154136903715,329.92018754654697,201,188,14,12.12853882822882,1.0
ManualWeekly,2025-07-23,7,40.92570103174502,331.6440217570702,202,189,14,12.12853882822882,1.0
ManualWeekly,2025-07-24,7,8.269981180554497,332.44789846610706,203,190,14,12.12853882822882,1.0
ManualWeekly,2025-07-25,7,-50.13641954365146,336.6559066490498,204,191,14,12.12853882822882,1.0
ManualWeekly,2025-07-26,7,25.197201388888132,322.17201274925276,205,192,14,12.12853882822882,1.0
ManualWeekly,2025-07-27,7,31.117116428570327,318.19310990089497,206,193,14,12.12853882822882,1.0
ManualWeekly,2025-07-28,7,185.96203191468152,313.20095986801556,207,194,14,12.12853882822882,1.0
ManualWeekly,2025-07-29,7,20.371156150792583,310.08129807297286,208,195,14,12.12853882822882,1.0
ManualWeekly,2025-07-30,7,-84.15740176587396,307.50264187625896,209,196,14,12.12853882822882,1.0
ManualWeekly,2025-07-31,7,-46.319670446429704,305.6804118818002,210,197,14,12.12853882822882,1.0
ManualWeekly,2025-08-01,8,-367.45168919642924,302.7319279611299,211,198,14,12.12853882822882,1.0
ManualWeekly,2025-08-02,8,-377.36810003968327,316.9802346976572,212,199,14,12.12853882822882,1.0
ManualWeekly,2025-08-03,8,-457.3386788789693,330.0081601931249,213,200,14,12.12853882822882,1.0
ManualWeekly,2025-08-04,8,-294.6450136011915,353.37479545240706,214,201,14,12.12853882822882,1.0
ManualWeekly,2025-08-05,8,-231.79487852182632,350.89866120786553,215,202,14,12.12853882822882,1.0
ManualWeekly,2025-08-06,8,-59.39883387896927,347.9638663531662,216,203,14,12.12853882822882,1.0
ManualWeekly,2025-08-07,8,-200.15717696428666,351.3757039244325,217,204,14,12.12853882822882,1.0
ManualWeekly,2025-08-08,8,-220.45255580357212,344.0776332986483,218,205,14,12.12853882822882,1.0
ManualWeekly,2025-08-09,8,-69.49257924603236,346.36150638997543,219,206,14,12.12853882822882,1.0
ManualWeekly,2025-08-10,8,-22.917261468254992,344.7583067536849,220,207,14,12.12853882822882,1.0
ManualWeekly,2025-08-11,8,-85.60593174603278,343.19225861186356,221,208,14,12.12853882822882,1.0
ManualWeekly,2025-08-12,8,68.74441052579263,330.70897066853246,222,209,14,12.12853882822882,1.0
ManualWeekly,2025-08-13,8,-22.570200069445505,330.1090690299161,223,210,14,12.12853882822882,1.0
ManualWeekly,2025-08-14,8,-1.666232043651923,333.89208864304265,224,211,14,12.12853882822882,1.0
ManualWeekly,2025-08-15,8,-147.21140307539756,336.7826148676861,225,212,14,12.12853882822882,1.0
ManualWeekly,2025-08-16,8,-158.86015550595306,329.82470271450035,226,213,14,12.12853882822882,1.0
ManualWeekly,2025-08-17,8,-131.45304080357252,321.8018942567931,227,214,14,12.12853882822882,1.0
ManualWeekly,2025-08-18,8,-75.40699816468347,302.07683443110113,228,215,14,12.12853882822882,1.0
ManualWeekly,2025-08-19,8,-67.43655371031848,301.1026156509409,229,216,14,12.12853882822882,1.0
ManualWeekly,2025-08-20,8,206.9850893551578,299.06087615648954,230,217,14,12.12853882822882,1.0
ManualWeekly,2025-08-21,8,-10.026719176588339,305.73552692541097,231,218,14,12.12853882822882,1.0
ManualWeekly,2025-08-22,8,35.26796065476113,305.60737771928683,232,219,14,12.12853882822882,1.0
ManualWeekly,2025-08-23,8,76.10919854166602,304.08740744586225,233,220,14,12.12853882822882,1.0
ManualWeekly,2025-08-24,8,-148.97501674603285,304.4767259288634,234,221,14,12.12853882822882,1.0
ManualWeekly,2025-08-25,8,132.31860620039586,308.75824118962277,235,222,14,12.12853882822882,1.0
ManualWeekly,2025-08-26,8,-113.13761104166782,310.1990516134101,236,223,14,12.12853882822882,1.0
ManualWeekly,2025-08-27,8,-23.093345287699563,310.21592793117026,237,224,14,12.12853882822882,1.0
ManualWeekly,2025-08-28,8,116.56848078372913,304.49983092008637,238,225,14,12.12853882822882,1.0
ManualWeekly,2025-08-29,8,-38.04531734127054,317.2487009679184,239,226,14,12.12853882822882,1.0
ManualWeekly,2025-08-30,8,-208.11701462301653,316.54059170366025,240,227,14,12.12853882822882,1.0
ManualWeekly,2025-08-31,8,-82.64200552579467,322.01818573339534,241,228,14,12.12853882822882,1.0
ManualWeekly,2025-09-01,9,-649.8895455952392,317.9114594977239,242,222,21,20.540544342058656,1.0
ManualWeekly,2025-09-02,9,-593.5934749801597,352.86385840661563,243,223,21,20.540544342058656,1.0
ManualWeekly,2025-09-03,9,-526.3321118849217,375.73988721593037,244,224,21,20.540544342058656,1.0
ManualWeekly,2025-09-04,9,-600.950716468255,387.24709440611275,245,225,21,20.540544342058656,1.0
ManualWeekly,2025-09-05,9,-642.4005301686516,401.08758515613795,246,226,21,20.540544342058656,1.0
ManualWeekly,2025-09-06,9,-591.251834255953,416.2025624753489,247,227,21,20.540544342058656,1.0
ManualWeekly,2025-09-07,9,-512.569886061509,433.1130629728446,248,228,21,20.540544342058656,1.0
ManualWeekly,2025-09-08,9,-126.86411182539776,440.47063688168095,249,229,21,20.540544342058656,1.0
ManualWeekly,2025-09-09,9,-423.6175786111121,439.22073471631734,250,230,21,20.540544342058656,1.0
ManualWeekly,2025-09-10,9,-66.48110407738191,439.4961047452718,251,231,21,20.540544342058656,1.0
ManualWeekly,2025-09-11,9,-427.64047509920726,433.9618197423775,252,232,21,20.540544342058656,1.0
ManualWeekly,2025-09-12,9,-269.60935671627044,430.0857164896117,253,233,21,20.540544342058656,1.0
ManualWeekly,2025-09-13,9,-456.34823668650847,420.5055820109533,254,234,21,20.540544342058656,1.0
ManualWeekly,2025-09-14,9,-161.9434798809534,415.14075042176256,255,235,21,20.540544342058656,1.0
ManualWeekly,2025-09-15,9,-255.32795421627077,408.19778360245164,256,236,21,20.540544342058656,1.0
ManualWeekly,2025-09-16,9,-44.44155688492164,397.4527914638975,257,237,21,20.540544342058656,1.0
ManualWeekly,2025-09-17,9,-54.23966291666765,396.9591672529322,258,238,21,20.540544342058656,1.0
ManualWeekly,2025-09-18,9,-82.60897613095341,392.9484927749051,259,239,21,20.540544342058656,1.0
ManualWeekly,2025-09-19,9,-4.989008660714881,378.558131803145,260,240,21,20.540544342058656,1.0
ManualWeekly,2025-09-20,9,-54.0509050000006,377.94815787507656,261,241,21,20.540544342058656,1.0
ManualWeekly,2025-09-21,9,-211.22405148809614,367.65285325668464,262,242,21,20.540544342058656,1.0
ManualWeekly,2025-09-22,9,-2.352339672620079,365.88098465771003,263,243,21,20.540544342058656,1.0
ManualWeekly,2025-09-23,9,14.239283462300701,363.75779263201764,264,244,21,20.540544342058656,1.0
ManualWeekly,2025-09-24,9,-33.063592807540644,362.55095768042287,265,245,21,20.540544342058656,1.0
ManualWeekly,2025-09-25,9,-60.85325707341359,359.51716134496684,266,246,21,20.540544342058656,1.0
ManualWeekly,2025-09-26,9,49.845153273808904,353.3426847636688,267,247,21,20.540544342058656,1.0
ManualWeekly,2025-09-27,9,36.70727662698357,341.29479557464157,268,248,21,20.540544342058656,1.0
ManualWeekly,2025-09-28,9,35.72390337301502,326.2961445984135,269,249,21,20.540544342058656,1.0
ManualWeekly,2025-09-29,9,16.93704165674519,310.82466750034655,270,250,21,20.540544342058656,1.0
ManualWeekly,2025-09-30,9,103.04347548611031,308.22901189352694,271,251,21,20.540544342058656,1.0
ManualWeekly,2025-10-01,10,-561.8168185317469,386.785065566496,272,231,42,19.592255030215775,1.0
ManualWeekly,2025-10-02,10,-415.0657161904771,390.93115784016186,273,232,42,19.592255030215775,1.0
ManualWeekly,2025-10-03,10,-304.95268381944504,391.269324015415,274,233,42,19.592255030215775,1.0
ManualWeekly,2025-10-04,10,-69.53053259920688,388.1827961263132,275,234,42,19.592255030215775,1.0
ManualWeekly,2025-10-05,10,-209.615227906747,385.53554302054846,276,235,42,19.592255030215775,1.0
ManualWeekly,2025-10-06,10,-64.29730865079455,382.05039728279013,277,236,42,19.592255030215775,1.0
ManualWeekly,2025-10-07,10,-55.917218144842195,377.74971790806933,278,237,42,19.592255030215775,1.0
ManualWeekly,2025-10-08,10,-14.855015595238987,376.64112861632134,279,238,42,19.592255030215775,1.0
ManualWeekly,2025-10-09,10,-75.51004077381047,375.6687650012699,280,239,42,19.592255030215775,1.0
ManualWeekly,2025-10-10,10,-124.06244452381013,369.62659811871123,281,240,42,19.592255030215775,1.0
ManualWeekly,2025-10-11,10,36.12984934523753,369.20932042143437,282,241,42,19.592255030215775,1.0
ManualWeekly,2025-10-12,10,-3.953711041667538,364.6248337565646,283,242,42,19.592255030215775,1.0
ManualWeekly,2025-10-13,10,-102.66338500992147,364.3930479472005,284,243,42,19.592255030215775,1.0
ManualWeekly,2025-10-14,10,63.542574662697575,355.4996226886358,285,244,42,19.592255030215775,1.0
ManualWeekly,2025-10-15,10,148.33655068452305,349.39233472496,286,245,42,19.592255030215775,1.0
ManualWeekly,2025-10-16,10,162.79644971230084,346.73273048052846,287,246,42,19.592255030215775,1.0
ManualWeekly,2025-10-17,10,63.21573380952324,342.0078958244483,288,247,42,19.592255030215775,1.0
ManualWeekly,2025-10-18,10,8.020012738094653,331.7202280625031,289,248,42,19.592255030215775,1.0
ManualWeekly,2025-10-19,10,97.06524499007845,317.5238726283975,290,249,42,19.592255030215775,1.0
ManualWeekly,2025-10-20,10,79.28509049603093,307.625950136649,291,250,42,19.592255030215775,1.0
ManualWeekly,2025-10-21,10,123.34477091269757,305.6492803593211,292,251,42,19.592255030215775,1.0
ManualWeekly,2025-10-22,10,92.87499101190389,301.2377215587827,293,252,42,19.592255030215775,1.0
ManualWeekly,2025-10-23,10,-22.639918204365898,298.0395215913317,294,253,42,19.592255030215775,1.0
ManualWeekly,2025-10-24,10,-1.0454644444448888,291.89631261798485,295,254,42,19.592255030215775,1.0
ManualWeekly,2025-10-25,10,23.942447559523245,289.3884286712523,296,255,42,19.592255030215775,1.0
ManualWeekly,2025-10-26,10,-20.584399662699347,281.4103223054775,297,256,42,19.592255030215775,1.0
ManualWeekly,2025-10-27,10,-72.79058273809613,277.2673660976179,298,257,42,19.592255030215775,1.0
ManualWeekly,2025-10-28,10,35.23236812499911,276.20726064384115,299,258,42,19.592255030215775,1.0
ManualWeekly,2025-10-29,10,201.49874159722125,275.2611320712738,300,259,42,19.592255030215775,1.0
ManualWeekly,2025-10-30,10,-6.7127756250009885,276.2062032843721,301,260,42,19.592255030215775,1.0
ManualWeekly,2025-10-31,10,169.27395890872947,275.763477041562,302,261,42,19.592255030215775,1.0
ManualWeekly,2025-11-01,11,83.97768633928514,275.07047991643077,303,262,42,19.592255030215775,1.0
ManualWeekly,2025-11-02,11,85.5029053273801,272.8116913315159,304,263,42,19.592255030215775,1.0
ManualWeekly,2025-11-03,11,86.23124318452284,269.03951501060277,305,264,42,19.592255030215775,1.0
ManualWeekly,2025-11-04,11,-24.113042192461137,269.3746621617225,306,265,42,19.592255030215775,1.0
ManualWeekly,2025-11-05,11,56.79217776785635,268.9209599810504,307,266,42,19.592255030215775,1.0
ManualWeekly,2025-11-06,11,141.09563282738017,268.03267458154653,308,267,42,19.592255030215775,1.0
ManualWeekly,2025-11-07,11,-9.88629389881007,268.34755028263174,309,268,42,19.592255030215775,1.0
ManualWeekly,2025-11-08,11,18.268535664681913,268.8248910786721,310,269,42,19.592255030215775,1.0
ManualWeekly,2025-11-09,11,83.5135104960308,265.7264350114202,311,270,42,19.592255030215775,1.0
ManualWeekly,2025-11-10,11,170.02220782738004,265.81563230963974,312,271,42,19.592255030215775,1.0
ManualWeekly,2025-11-11,11,61.64106911706262,266.48685993229236,313,272,42,19.592255030215775,1.0
ManualWeekly,2025-11-12,11,11.395826914681683,264.8745321661544,314,273,42,19.592255030215775,1.0
ManualWeekly,2025-11-13,11,74.84372021825315,246.26394388746863,315,274,42,19.592255030215775,1.0
ManualWeekly,2025-11-14,11,91.93810839285658,236.7891730979069,316,275,42,19.592255030215775,1.0
ManualWeekly,2025-11-15,11,91.30695585317403,230.30662009176584,317,276,42,19.592255030215775,1.0
ManualWeekly,2025-11-16,11,84.8763860714276,228.24914729564955,318,277,42,19.592255030215775,1.0
ManualWeekly,2025-11-17,11,-14.393565763889793,224.79782710325782,319,278,42,19.592255030215775,1.0
ManualWeekly,2025-11-18,11,92.71770302579282,223.44318110282387,320,279,42,19.592255030215775,1.0
ManualWeekly,2025-11-19,11,94.98679846230078,220.40566353550398,321,280,42,19.592255030215775,1.0
ManualWeekly,2025-11-20,11,52.51068324404681,218.1830887373381,322,281,42,19.592255030215775,1.0
ManualWeekly,2025-11-21,11,25.281312202380448,216.57085805424538,323,282,42,19.592255030215775,1.0
ManualWeekly,2025-11-22,11,64.3552233432535,212.70534793981284,324,283,42,19.592255030215775,1.0
ManualWeekly,2025-11-23,11,19.16130689484041,210.99488819606742,325,284,42,19.592255030215775,1.0
ManualWeekly,2025-11-24,11,-23.466334910715076,211.14259460071844,326,285,42,19.592255030215775,1.0
ManualWeekly,2025-11-25,11,57.42108552579269,210.29304607144164,327,286,42,19.592255030215775,1.0
ManualWeekly,2025-11-26,11,69.98702943452288,209.0091469924279,328,287,42,19.592255030215775,1.0
ManualWeekly,2025-11-27,11,22.877731865078353,207.0840162314512,329,288,42,19.592255030215775,1.0
ManualWeekly,2025-11-28,11,51.00440617063438,203.8681785368701,330,289,42,19.592255030215775,1.0
ManualWeekly,2025-11-29,11,189.4460997817455,203.4428393838024,331,290,42,19.592255030215775,1.0
ManualWeekly,2025-11-30,11,146.51970582341178,205.1919457727238,332,291,42,19.592255030215775,1.0
ManualWeekly,2025-12-01,12,376.32038661706264,204.56318724742854,333,292,42,19.592255030215775,1.0
ManualWeekly,2025-12-02,12,449.1091732142848,212.0812826622795,334,293,42,19.592255030215775,1.0
ManualWeekly,2025-12-03,12,357.328540059523,219.95895441615286,335,294,42,19.592255030215775,1.0
ManualWeekly,2025-12-04,12,329.8573585714277,223.31739449414943,336,295,42,19.592255030215775,1.0
ManualWeekly,2025-12-05,12,314.4118334722217,227.71259384552332,337,296,42,19.592255030215775,1.0
ManualWeekly,2025-12-06,12,379.22483491071375,230.68965795840464,338,297,42,19.592255030215775,1.0
ManualWeekly,2025-12-07,12,300.52841452380864,235.42681275290013,339,298,42,19.592255030215775,1.0
ManualWeekly,2025-12-08,12,189.59456963293562,237.22997449038,340,299,42,19.592255030215775,1.0
ManualWeekly,2025-12-09,12,155.50796696428478,232.87008078606655,341,300,42,19.592255030215775,1.0
ManualWeekly,2025-12-10,12,212.2400784523801,233.1527012698021,342,301,42,19.592255030215775,1.0
ManualWeekly,2025-12-11,12,97.87524312499919,232.37920118744094,343,302,42,19.592255030215775,1.0
ManualWeekly,2025-12-12,12,243.5562672321423,231.92017064886036,344,303,42,19.592255030215775,1.0
ManualWeekly,2025-12-13,12,214.8927315476185,232.86549563323192,345,304,42,19.592255030215775,1.0
ManualWeekly,2025-12-14,12,183.25239204364988,233.52183868804656,346,305,42,19.592255030215775,1.0
ManualWeekly,2025-12-15,12,124.94684697420547,233.46321118284322,347,306,42,19.592255030215775,1.0
ManualWeekly,2025-12-16,12,106.71819138888792,232.47645089895806,348,307,42,19.592255030215775,1.0
ManualWeekly,2025-12-17,12,56.56202004960224,230.20038384648282,349,308,42,19.592255030215775,1.0
ManualWeekly,2025-12-18,12,30.241286458332354,230.22544862950656,350,309,42,19.592255030215775,1.0
ManualWeekly,2025-12-19,12,71.25037864087241,230.55400888694697,351,310,42,19.592255030215775,1.0
ManualWeekly,2025-12-20,12,61.35967300595178,227.5123493852668,352,311,42,19.592255030215775,1.0
ManualWeekly,2025-12-21,12,88.26543639880862,227.1423900387715,353,312,42,19.592255030215775,1.0
ManualWeekly,2025-12-22,12,32.016462867062515,227.11870530309926,354,313,42,19.592255030215775,1.0
ManualWeekly,2025-12-23,12,-41.26626095238184,226.75895681806458,355,314,42,19.592255030215775,1.0
ManualWeekly,2025-12-24,12,5.754149771824495,228.1126015503856,356,315,42,19.592255030215775,1.0
ManualWeekly,2025-12-25,12,8.955711934522846,228.29050111006168,357,316,42,19.592255030215775,1.0
ManualWeekly,2025-12-26,12,36.978719464285035,227.92647530844033,358,317,42,19.592255030215775,1.0
ManualWeekly,2025-12-27,12,40.103029999999436,227.90824854302068,359,318,42,19.592255030215775,1.0
ManualWeekly,2025-12-28,12,-56.897527648810474,228.84414810644714,360,319,42,19.592255030215775,1.0
ManualWeekly,2025-12-29,12,-46.86229048611199,230.49318741732,361,320,42,19.592255030215775,1.0
ManualWeekly,2025-12-30,12,-93.18444739087391,231.27161106026733,362,321,42,19.592255030215775,1.0
ManualWeekly,2025-12-31,12,19.491530009919707,233.24475952990886,363,322,42,19.592255030215775,1.0
Ridge,2025-06-01,6,731.1853762222222,300.44322228173377,150,123,28,17.836086512101204,1.0
Ridge,2025-06-02,6,526.7900663958333,321.44295078183194,151,124,28,17.836086512101204,1.0
Ridge,2025-06-03,6,482.41917655555557,333.86191833452517,152,125,28,17.836086512101204,1.0
Ridge,2025-06-04,6,496.4659515694445,337.25061499454705,153,126,28,17.836086512101204,1.0
Ridge,2025-06-05,6,567.774933513889,343.9045762053877,154,127,28,17.836086512101204,1.0
Ridge,2025-06-06,6,770.5181908124999,350.45800936593866,155,128,28,17.836086512101204,1.0
Ridge,2025-06-07,6,701.1717078333334,369.21579298829187,156,129,28,17.836086512101204,1.0
Ridge,2025-06-08,6,90.48495518055559,380.090143635093,157,130,28,17.836086512101204,1.0
Ridge,2025-06-09,6,373.58693677083335,384.1504994743681,158,131,28,17.836086512101204,1.0
Ridge,2025-06-10,6,397.4028035902778,381.087329716111,159,132,28,17.836086512101204,1.0
Ridge,2025-06-11,6,568.6825087430557,383.36389215956103,160,133,28,17.836086512101204,1.0
Ridge,2025-06-12,6,388.62820340277773,389.15239998967877,161,134,28,17.836086512101204,1.0
Ridge,2025-06-13,6,445.3906926319445,389.25590976673993,162,135,28,17.836086512101204,1.0
Ridge,2025-06-14,6,282.675191375,385.0687832052226,163,136,28,17.836086512101204,1.0
Ridge,2025-06-15,6,200.1427513125,384.5522730949505,164,137,28,17.836086512101204,1.0
Ridge,2025-06-16,6,327.3587421527777,383.25829594450056,165,138,28,17.836086512101204,1.0
Ridge,2025-06-17,6,374.7890542777778,374.149546124532,166,139,28,17.836086512101204,1.0
Ridge,2025-06-18,6,187.1264715486112,376.13841781530226,167,140,28,17.836086512101204,1.0
Ridge,2025-06-19,6,89.1099667222222,370.95559723243497,168,141,28,17.836086512101204,1.0
Ridge,2025-06-20,6,87.34932498611109,371.53743368976274,169,142,28,17.836086512101204,1.0
Ridge,2025-06-21,6,-42.099201875000055,373.45099058176027,170,143,28,17.836086512101204,1.0
Ridge,2025-06-22,6,22.775528097222214,373.7329744584252,171,144,28,17.836086512101204,1.0
Ridge,2025-06-23,6,2.530405708333294,373.1187141311882,172,145,28,17.836086512101204,1.0
Ridge,2025-06-24,6,405.9564366388889,374.1359814937802,173,146,28,17.836086512101204,1.0
Ridge,2025-06-25,6,94.94187363194445,372.5629687034911,174,147,28,17.836086512101204,1.0
Ridge,2025-06-26,6,-34.93505977777775,371.0657653708461,175,148,28,17.836086512101204,1.0
Ridge,2025-06-27,6,-100.39418396527779,375.62387425761125,176,149,28,17.836086512101204,1.0
Ridge,2025-06-28,6,-36.126236201388885,379.8886723095668,177,150,28,17.836086512101204,1.0
Ridge,2025-06-29,6,-51.851622104166594,383.80586587450364,178,151,28,17.836086512101204,1.0
Ridge,2025-06-30,6,-4.656355402777807,380.5345955284959,179,152,28,17.836086512101204,1.0
Ridge,2025-07-01,7,250.12492229166668,329.8596623022608,180,167,14,12.12853882822882,1.0
Ridge,2025-07-02,7,-92.2549300555556,333.73675804838007,181,168,14,12.12853882822882,1.0
Ridge,2025-07-03,7,254.22566744444444,353.3666797615416,182,169,14,12.12853882822882,1.0
Ridge,2025-07-04,7,37.83081163194447,360.35202622653753,183,170,14,12.12853882822882,1.0
Ridge,2025-07-05,7,13.69693268055555,374.77553813483377,184,171,14,12.12853882822882,1.0
Ridge,2025-07-06,7,289.88393297222217,383.32371891926675,185,172,14,12.12853882822882,1.0
Ridge,2025-07-07,7,24.186287840277696,383.58397291186503,186,173,14,12.12853882822882,1.0
Ridge,2025-07-08,7,-5.723720770833381,385.7630322196564,187,174,14,12.12853882822882,1.0
Ridge,2025-07-09,7,-63.986640576388936,358.2812708366692,188,175,14,12.12853882822882,1.0
Ridge,2025-07-10,7,-69.2528431111111,351.60152107538033,189,176,14,12.12853882822882,1.0
Ridge,2025-07-11,7,206.38909720138892,346.54057009699983,190,177,14,12.12853882822882,1.0
Ridge,2025-07-12,7,97.05135154166669,356.20507886202734,191,178,14,12.12853882822882,1.0
Ridge,2025-07-13,7,-163.176516625,349.7013464134246,192,179,14,12.12853882822882,1.0
Ridge,2025-07-14,7,16.607816215277722,340.7246516516771,193,180,14,12.12853882822882,1.0
Ridge,2025-07-15,7,-47.46443139583337,323.93034242759137,194,181,14,12.12853882822882,1.0
Ridge,2025-07-16,7,-55.45979725000003,334.0555829572725,195,182,14,12.12853882822882,1.0
Ridge,2025-07-17,7,-17.37399717361109,332.55717657334674,196,183,14,12.12853882822882,1.0
Ridge,2025-07-18,7,196.22960772916667,330.358980558748,197,184,14,12.12853882822882,1.0
Ridge,2025-07-19,7,-29.586810458333325,333.11627280395464,198,185,14,12.12853882822882,1.0
Ridge,2025-07-20,7,-10.088707701388934,327.99752129534716,199,186,14,12.12853882822882,1.0
Ridge,2025-07-21,7,69.44334635416669,316.6406071000155,200,187,14,12.12853882822882,1.0
Ridge,2025-07-22,7,-86.86721856944447,312.8900520129437,201,188,14,12.12853882822882,1.0
Ridge,2025-07-23,7,-80.84311156250003,315.91684652207186,202,189,14,12.12853882822882,1.0
Ridge,2025-07-24,7,-74.26589362500005,316.45255701733277,203,190,14,12.12853882822882,1.0
Ridge,2025-07-25,7,-89.3910596736111,318.49404464637576,204,191,14,12.12853882822882,1.0
Ridge,2025-07-26,7,-46.32369967361113,309.1185801430594,205,192,14,12.12853882822882,1.0
Ridge,2025-07-27,7,-47.284029625000045,310.696917383635,206,193,14,12.12853882822882,1.0
Ridge,2025-07-28,7,129.77491855555556,305.86895937577356,207,194,14,12.12853882822882,1.0
Ridge,2025-07-29,7,-166.12332269444448,308.3232318626464,208,195,14,12.12853882822882,1.0
Ridge,2025-07-30,7,-265.33214666666663,311.262189382915,209,196,14,12.12853882822882,1.0
Ridge,2025-07-31,7,-223.62477081250006,313.96198914542896,210,197,14,12.12853882822882,1.0
Ridge,2025-08-01,8,-509.5770804375,315.03641290888817,211,198,14,12.12853882822882,1.0
Ridge,2025-08-02,8,-510.28285507638896,327.7368626554223,212,199,14,12.12853882822882,1.0
Ridge,2025-08-03,8,-603.8339344722222,339.95396130641154,213,200,14,12.12853882822882,1.0
Ridge,2025-08-04,8,-427.3348551666666,362.9323428728792,214,201,14,12.12853882822882,1.0
Ridge,2025-08-05,8,-406.0614223402777,359.557801018878,215,202,14,12.12853882822882,1.0
Ridge,2025-08-06,8,-232.81866949305555,357.2190342148931,216,203,14,12.12853882822882,1.0
Ridge,2025-08-07,8,-404.4938022777776,361.3770469808321,217,204,14,12.12853882822882,1.0
Ridge,2025-08-08,8,-446.8179221527778,355.1694747063008,218,205,14,12.12853882822882,1.0
Ridge,2025-08-09,8,-303.5174522638888,354.8533634410372,219,206,14,12.12853882822882,1.0
Ridge,2025-08-10,8,-236.21512213194444,349.07759755215375,220,207,14,12.12853882822882,1.0
Ridge,2025-08-11,8,-271.17376716666666,341.70518875809546,221,208,14,12.12853882822882,1.0
Ridge,2025-08-12,8,-121.71276936111109,319.247865317735,222,209,14,12.12853882822882,1.0
Ridge,2025-08-13,8,-211.64204793055555,319.709930947256,223,210,14,12.12853882822882,1.0
Ridge,2025-08-14,8,-185.50178386111114,324.2344346349033,224,211,14,12.12853882822882,1.0
Ridge,2025-08-15,8,-361.60533382638886,326.7579906417652,225,212,14,12.12853882822882,1.0
Ridge,2025-08-16,8,-347.2633147777778,322.3710231828592,226,213,14,12.12853882822882,1.0
Ridge,2025-08-17,8,-298.9203182569445,318.52916763665905,227,214,14,12.12853882822882,1.0
Ridge,2025-08-18,8,-219.5406021458334,303.8231754246161,228,215,14,12.12853882822882,1.0
Ridge,2025-08-19,8,-237.4183058958332,306.7439887193997,229,216,14,12.12853882822882,1.0
Ridge,2025-08-20,8,35.9520671736111,306.2430585942018,230,217,14,12.12853882822882,1.0
Ridge,2025-08-21,8,-210.01464451388898,313.4272500789744,231,218,14,12.12853882822882,1.0
Ridge,2025-08-22,8,-196.30457577777773,310.85328271824415,232,219,14,12.12853882822882,1.0
Ridge,2025-08-23,8,-156.69649938194442,308.37106994802315,233,220,14,12.12853882822882,1.0
Ridge,2025-08-24,8,-354.42683168749994,307.38756217166116,234,221,14,12.12853882822882,1.0
Ridge,2025-08-25,8,-61.06281027083339,312.65546607387535,235,222,14,12.12853882822882,1.0
Ridge,2025-08-26,8,-308.43560227083333,315.30887863750775,236,223,14,12.12853882822882,1.0
Ridge,2025-08-27,8,-169.7613937708333,313.4924545837934,237,224,14,12.12853882822882,1.0
Ridge,2025-08-28,8,-67.24236073611117,309.2378550103297,238,225,14,12.12853882822882,1.0
Ridge,2025-08-29,8,-239.94345047916664,320.3849448420802,239,226,14,12.12853882822882,1.0
Ridge,2025-08-30,8,-388.7798917708334,318.3689257614444,240,227,14,12.12853882822882,1.0
Ridge,2025-08-31,8,-267.2149257708333,325.66209946774484,241,228,14,12.12853882822882,1.0
Ridge,2025-09-01,9,-566.5480389861111,321.54946901926274,242,222,21,19.2964999927831,1.0
Ridge,2025-09-02,9,-393.5604375625,335.75616299938133,243,223,21,19.2964999927831,1.0
Ridge,2025-09-03,9,-384.75425465972216,338.7624233488529,244,224,21,19.2964999927831,1.0
Ridge,2025-09-04,9,-312.4335528958334,339.464033101795,245,225,21,19.2964999927831,1.0
Ridge,2025-09-05,9,-348.00440543750005,339.69214666850735,246,226,21,19.2964999927831,1.0
Ridge,2025-09-06,9,-308.8882128958333,338.75112239825035,247,227,21,19.2964999927831,1.0
Ridge,2025-09-07,9,-199.24965565972224,343.20927314593325,248,228,21,19.2964999927831,1.0
Ridge,2025-09-08,9,132.63965502083337,343.35984948589817,249,229,21,19.2964999927831,1.0
Ridge,2025-09-09,9,-222.05976156944445,353.7292933703215,250,230,21,19.2964999927831,1.0
Ridge,2025-09-10,9,172.3658575208334,355.5395315407969,251,231,21,19.2964999927831,1.0
Ridge,2025-09-11,9,-231.54485786805546,361.2252945433398,252,232,21,19.2964999927831,1.0
Ridge,2025-09-12,9,-30.782814798611078,360.3572435150054,253,233,21,19.2964999927831,1.0
Ridge,2025-09-13,9,-268.3808799444444,358.60615408518765,254,234,21,19.2964999927831,1.0
Ridge,2025-09-14,9,67.8850628958333,359.5487575922381,255,235,21,19.2964999927831,1.0
Ridge,2025-09-15,9,-112.00797434027783,359.8359408533567,256,236,21,19.2964999927831,1.0
Ridge,2025-09-16,9,72.4485967986111,360.03921600601905,257,237,21,19.2964999927831,1.0
Ridge,2025-09-17,9,54.3612095138888,363.63274760568004,258,238,21,19.2964999927831,1.0
Ridge,2025-09-18,9,11.099686201388847,366.5094478985697,259,239,21,19.2964999927831,1.0
Ridge,2025-09-19,9,86.63464602083334,359.84477192196425,260,240,21,19.2964999927831,1.0
Ridge,2025-09-20,9,-1.7237819722221905,362.6529470168928,261,241,21,19.2964999927831,1.0
Ridge,2025-09-21,9,-104.03827039583337,351.7872589094572,262,242,21,19.2964999927831,1.0
Ridge,2025-09-22,9,75.67187794444443,352.73191088416127,263,243,21,19.2964999927831,1.0
Ridge,2025-09-23,9,86.57870445833335,337.2871479918166,264,244,21,19.2964999927831,1.0
Ridge,2025-09-24,9,60.3375773541667,331.9409876445891,265,245,21,19.2964999927831,1.0
Ridge,2025-09-25,9,-6.605476437499925,323.01279391343746,266,246,21,19.2964999927831,1.0
Ridge,2025-09-26,9,132.56668493749996,317.2200628117488,267,247,21,19.2964999927831,1.0
Ridge,2025-09-27,9,70.66814743055562,310.38930440717246,268,248,21,19.2964999927831,1.0
Ridge,2025-09-28,9,89.08675718750001,300.3848942257809,269,249,21,19.2964999927831,1.0
Ridge,2025-09-29,9,120.03863361805553,295.1398751038439,270,250,21,19.2964999927831,1.0
Ridge,2025-09-30,9,205.9289000138889,290.51943581953344,271,251,21,19.2964999927831,1.0
Ridge,2025-10-01,10,-445.2550807777777,286.8069930318295,272,252,21,20.540544342058656,1.0
Ridge,2025-10-02,10,-238.59301221527772,302.5099558205968,273,253,21,20.540544342058656,1.0
Ridge,2025-10-03,10,-82.13191789583333,304.62103946069453,274,254,21,20.540544342058656,1.0
Ridge,2025-10-04,10,173.66983863194451,304.692547156856,275,255,21,20.540544342058656,1.0
Ridge,2025-10-05,10,1.8899080277777847,298.50385996992645,276,256,21,20.540544342058656,1.0
Ridge,2025-10-06,10,111.38720036111116,293.0691354770593,277,257,21,20.540544342058656,1.0
Ridge,2025-10-07,10,112.647736375,289.21032496934845,278,258,21,20.540544342058656,1.0
Ridge,2025-10-08,10,115.76518025000001,286.6380004787127,279,259,21,20.540544342058656,1.0
Ridge,2025-10-09,10,90.67336083333326,286.03339389765847,280,260,21,20.540544342058656,1.0
Ridge,2025-10-10,10,78.37502659027774,286.7141270415493,281,261,21,20.540544342058656,1.0
Ridge,2025-10-11,10,258.92183389583334,288.44362871050566,282,262,21,20.540544342058656,1.0
Ridge,2025-10-12,10,182.3014285694445,287.9735650870785,283,263,21,20.540544342058656,1.0
Ridge,2025-10-13,10,83.63078756944445,283.7553773878964,284,264,21,20.540544342058656,1.0
Ridge,2025-10-14,10,239.98816643749998,283.525595195958,285,265,21,20.540544342058656,1.0
Ridge,2025-10-15,10,287.84091937500006,282.86489684380666,286,266,21,20.540544342058656,1.0
Ridge,2025-10-16,10,315.63088146527775,285.81000118348106,287,267,21,20.540544342058656,1.0
Ridge,2025-10-17,10,214.14966188194447,289.5475104647882,288,268,21,20.540544342058656,1.0
Ridge,2025-10-18,10,184.13091231944446,286.30306410655555,289,269,21,20.540544342058656,1.0
Ridge,2025-10-19,10,267.7375590416666,283.07463040859926,290,270,21,20.540544342058656,1.0
Ridge,2025-10-20,10,229.92655918055556,281.22350712714643,291,271,21,20.540544342058656,1.0
Ridge,2025-10-21,10,286.2362122569445,282.6549403043416,292,272,21,20.540544342058656,1.0
Ridge,2025-10-22,10,230.8164724861111,283.0232363134984,293,273,21,20.540544342058656,1.0
Ridge,2025-10-23,10,131.86356406250005,250.04106130951212,294,274,21,20.540544342058656,1.0
Ridge,2025-10-24,10,163.08592731944452,234.12922097401594,295,275,21,20.540544342058656,1.0
Ridge,2025-10-25,10,195.55679788888884,228.40127305344984,296,276,21,20.540544342058656,1.0
Ridge,2025-10-26,10,158.64321625000008,228.5750792191187,297,277,21,20.540544342058656,1.0
Ridge,2025-10-27,10,88.12235295833338,224.28021222244155,298,278,21,20.540544342058656,1.0
Ridge,2025-10-28,10,192.89924047916662,228.61484053963807,299,279,21,20.540544342058656,1.0
Ridge,2025-10-29,10,379.09193937500004,226.33091998182056,300,280,21,20.540544342058656,1.0
Ridge,2025-10-30,10,161.4097881736111,228.376974090237,301,281,21,20.540544342058656,1.0
Ridge,2025-10-31,10,347.6075584861111,227.18648021843129,302,282,21,20.540544342058656,1.0
Ridge,2025-11-01,11,153.36733743055558,221.11016594207425,303,283,21,20.540544342058656,1.0
Ridge,2025-11-02,11,177.59944463888894,219.72603126273563,304,284,21,20.540544342058656,1.0
Ridge,2025-11-03,11,149.5478626597222,217.85862784916532,305,285,21,20.540544342058656,1.0
Ridge,2025-11-04,11,59.57814335416666,217.1902615666444,306,286,21,20.540544342058656,1.0
Ridge,2025-11-05,11,176.97872537500007,220.6601274104611,307,287,21,20.540544342058656,1.0
Ridge,2025-11-06,11,248.8247270208333,218.3700973117463,308,288,21,20.540544342058656,1.0
Ridge,2025-11-07,11,108.37147436111111,216.08732967166625,309,289,21,20.540544342058656,1.0
Ridge,2025-11-08,11,121.64684734027774,220.0160919742535,310,290,21,20.540544342058656,1.0
Ridge,2025-11-09,11,194.15177660416668,219.4831865579336,311,291,21,20.540544342058656,1.0
Ridge,2025-11-10,11,269.8525476805555,219.47061032224195,312,292,21,20.540544342058656,1.0
Ridge,2025-11-11,11,132.9003132291667,219.0516830326564,313,293,21,20.540544342058656,1.0
Ridge,2025-11-12,11,120.8958386111111,215.68393562534055,314,294,21,20.540544342058656,1.0
Ridge,2025-11-13,11,192.4553609791666,213.41810568470166,315,295,21,20.540544342058656,1.0
Ridge,2025-11-14,11,217.26113756944446,213.37230489333515,316,296,21,20.540544342058656,1.0
Ridge,2025-11-15,11,208.76560205555558,210.2522677913423,317,297,21,20.540544342058656,1.0
Ridge,2025-11-16,11,200.6081490486111,209.42728780750957,318,298,21,20.540544342058656,1.0
Ridge,2025-11-17,11,91.77746527777775,211.8740979781871,319,299,21,20.540544342058656,1.0
Ridge,2025-11-18,11,198.78598884722228,206.24794624247295,320,300,21,20.540544342058656,1.0
Ridge,2025-11-19,11,215.26786993055563,207.6087854716758,321,301,21,20.540544342058656,1.0
Ridge,2025-11-20,11,192.24195859722224,200.82596677341215,322,302,21,20.540544342058656,1.0
Ridge,2025-11-21,11,172.65327168750002,198.96293699595333,323,303,21,20.540544342058656,1.0
Ridge,2025-11-22,11,192.58760777083336,196.24440674021184,324,304,21,20.540544342058656,1.0
Ridge,2025-11-23,11,157.2574259236111,196.3779329463599,325,305,21,20.540544342058656,1.0
Ridge,2025-11-24,11,117.11364882638892,198.9728716646999,326,306,21,20.540544342058656,1.0
Ridge,2025-11-25,11,187.08836682638886,200.23513070263675,327,307,21,20.540544342058656,1.0
Ridge,2025-11-26,11,213.2580767916666,196.95943599793222,328,308,21,20.540544342058656,1.0
Ridge,2025-11-27,11,180.40913912499997,196.8826557686013,329,309,21,20.540544342058656,1.0
Ridge,2025-11-28,11,206.13709119444442,193.41291981732374,330,310,21,20.540544342058656,1.0
Ridge,2025-11-29,11,338.89753572222224,187.05679041532505,331,311,21,20.540544342058656,1.0
Ridge,2025-11-30,11,295.2767495,191.99115839239215,332,312,21,20.540544342058656,1.0
Ridge,2025-12-01,12,418.6776950277778,191.63791325907357,333,313,21,20.540544342058656,1.0
Ridge,2025-12-02,12,379.27101713194446,202.4368727160957,334,314,21,20.540544342058656,1.0
Ridge,2025-12-03,12,286.16458997916675,207.10380349184894,335,315,21,20.540544342058656,1.0
Ridge,2025-12-04,12,254.97604406249997,207.6465791203168,336,316,21,20.540544342058656,1.0
Ridge,2025-12-05,12,230.73849918749997,207.23749945470263,337,317,21,20.540544342058656,1.0
Ridge,2025-12-06,12,304.1868818958333,208.7650228564666,338,318,21,20.540544342058656,1.0
Ridge,2025-12-07,12,198.34600814583328,211.79717967167383,339,319,21,20.540544342058656,1.0
Ridge,2025-12-08,12,103.61056225694445,209.8865811452228,340,320,21,20.540544342058656,1.0
Ridge,2025-12-09,12,89.94480253472221,210.0047257311321,341,321,21,20.540544342058656,1.0
Ridge,2025-12-10,12,163.92911211111112,211.69028590678656,342,322,21,20.540544342058656,1.0
Ridge,2025-12-11,12,68.11626647222224,213.3660732147902,343,323,21,20.540544342058656,1.0
Ridge,2025-12-12,12,243.15707185416665,216.22662578586397,344,324,21,20.540544342058656,1.0
Ridge,2025-12-13,12,212.7931619722222,217.8048560439039,345,325,21,20.540544342058656,1.0
Ridge,2025-12-14,12,188.73790047916657,218.51704128181004,346,326,21,20.540544342058656,1.0
Ridge,2025-12-15,12,137.8769831527778,214.93223638854636,347,327,21,20.540544342058656,1.0
Ridge,2025-12-16,12,131.05335872916663,211.42774254684775,348,328,21,20.540544342058656,1.0
Ridge,2025-12-17,12,101.16853175000004,212.2332834005623,349,329,21,20.540544342058656,1.0
Ridge,2025-12-18,12,92.86609115277783,214.75980983527563,350,330,21,20.540544342058656,1.0
Ridge,2025-12-19,12,163.11212905555553,217.03717210429093,351,331,21,20.540544342058656,1.0
Ridge,2025-12-20,12,152.35672917361111,219.2057657608263,352,332,21,20.540544342058656,1.0
Ridge,2025-12-21,12,175.7487384513889,214.01177040513497,353,333,21,20.540544342058656,1.0
Ridge,2025-12-22,12,113.1258252569444,214.19616498063377,354,334,21,20.540544342058656,1.0
Ridge,2025-12-23,12,36.88018531249995,204.98975294489824,355,335,21,20.540544342058656,1.0
Ridge,2025-12-24,12,108.80267749999999,201.24858469959443,356,336,21,20.540544342058656,1.0
Ridge,2025-12-25,12,125.40661054166665,198.52015152005944,357,337,21,20.540544342058656,1.0
Ridge,2025-12-26,12,185.75227570833331,196.0170646075626,358,338,21,20.540544342058656,1.0
Ridge,2025-12-27,12,178.59316292361115,195.42741263096048,359,339,21,20.540544342058656,1.0
Ridge,2025-12-28,12,80.37055022916667,191.02861628750645,360,340,21,20.540544342058656,1.0
Ridge,2025-12-29,12,92.9920061944445,191.95744121962915,361,341,21,20.540544342058656,1.0
Ridge,2025-12-30,12,29.57405254166668,191.94666570164725,362,342,21,20.540544342058656,1.0
Ridge,2025-12-31,12,170.44390660416664,192.75154093670722,363,343,21,20.540544342058656,1.0
