date,issue,estimated_gain,accepted
2025-02-01,6,478.00456877658144,True
2025-02-01,12,4964.512866998568,True
2025-02-01,18,6602.502440278047,True
2025-02-02,6,725.6067376038227,True
2025-02-02,12,4952.54448651108,True
2025-02-02,18,7479.798808745902,True
2025-02-03,6,899.067131431726,True
2025-02-03,12,5198.738700630714,True
2025-02-03,18,8202.151869980007,True
2025-02-04,6,1643.219079735085,True
2025-02-04,12,4910.3144539412715,True
2025-02-04,18,7836.850148271784,True
2025-02-05,6,4403.945978470674,True
2025-02-05,12,4468.054620313083,True
2025-02-05,18,7784.69903247444,True
2025-02-06,6,1310.8059548157717,True
2025-02-06,12,4980.429788199179,True
2025-02-06,18,594.0553262548201,True
2025-02-07,6,439.93825095995635,True
2025-02-07,12,202.0383114361639,False
2025-02-07,18,3139.0147156813546,True
2025-02-08,6,2139.047486851192,True
2025-02-08,12,4349.012912355829,True
2025-02-08,18,9091.938391652162,True
2025-02-09,6,1936.8829830153045,True
2025-02-09,12,5833.246188244801,True
2025-02-09,18,7297.528625765568,True
2025-02-10,6,2135.720944155695,True
2025-02-10,12,9839.251218353449,True
2025-02-10,18,7132.295032362683,True
2025-02-11,6,1589.3039905810256,True
2025-02-11,12,3907.3992566663583,True
2025-02-11,18,7626.043000227655,True
2025-02-12,6,1795.4296557739144,True
2025-02-12,12,3656.2228159260703,True
2025-02-12,18,8492.082687639682,True
2025-02-13,6,759.7857261333529,True
2025-02-13,12,965.4297391361979,True
2025-02-13,18,1182.910923036714,True
2025-02-14,6,2213.0235277720312,True
2025-02-14,12,-298.07894599420615,False
2025-02-14,18,-2942.1390416189643,False
2025-02-15,6,550.0324364108583,True
2025-02-15,12,4650.648346308622,True
2025-02-15,18,7316.484477316091,True
2025-02-16,6,1485.487947697704,True
2025-02-16,12,4101.728811820665,True
2025-02-16,18,12841.370936041105,True
2025-02-17,6,2831.0447883655424,True
2025-02-17,12,4149.383030180945,True
2025-02-17,18,8441.175166527086,True
2025-02-18,6,5202.2379146643525,True
2025-02-18,12,4597.814565922192,True
2025-02-18,18,10362.862488816761,True
2025-02-19,6,388.1269743515877,True
2025-02-19,12,17218.388991089658,True
2025-02-19,18,6000.585119508309,True
2025-02-20,6,3413.9190725290027,True
2025-02-20,12,-140.2054412355974,False
2025-02-20,18,-3924.982684023149,False
2025-02-21,6,259.9488908306939,False
2025-02-21,12,2381.0989757641455,True
2025-02-21,18,331.35519308140647,True
2025-02-22,6,2123.824525903601,True
2025-02-22,12,3509.422897571305,True
2025-02-22,18,10699.136753949846,True
2025-02-23,6,7222.708144389475,True
2025-02-23,12,4121.366882060902,True
2025-02-23,18,7188.442102979163,True
2025-02-24,6,988.9689144078184,True
2025-02-24,12,3432.8373638231387,True
2025-02-24,18,9007.251599679843,True
2025-02-25,6,766.2524513945991,True
2025-02-25,12,4097.209062176864,True
2025-02-25,18,6140.140133725705,True
2025-02-26,6,12561.622299976123,True
2025-02-26,12,20028.63313464302,True
2025-02-26,18,8283.178904666383,True
2025-02-27,6,258.9499558999669,False
2025-02-27,12,4963.389458076368,True
2025-02-27,18,-3386.8559222501444,False
2025-02-28,6,1340.904184507699,True
2025-02-28,12,-161.6089284618165,False
2025-02-28,18,100.57780598588579,False
2025-03-01,6,508.9717296818271,True
2025-03-01,12,2605.9761629122713,True
2025-03-01,18,5688.670526177131,True
2025-03-02,6,5065.409302769232,True
2025-03-02,12,4528.24665512655,True
2025-03-02,18,9655.75664191076,True
2025-03-03,6,3832.667800087791,True
2025-03-03,12,4397.574763227636,True
2025-03-03,18,9281.723019757035,True
2025-03-04,6,2973.624368921728,True
2025-03-04,12,5007.214225850952,True
2025-03-04,18,11162.481121732384,True
2025-03-05,6,860.2887144057386,True
2025-03-05,12,5072.0705396578,True
2025-03-05,18,14734.719457076237,True
2025-03-06,6,-323.5368325750551,False
2025-03-06,12,-2444.572850906009,False
2025-03-06,18,1111.643348034646,True
2025-03-07,6,558.8390989306827,True
2025-03-07,12,1196.3173966055565,True
2025-03-07,18,-12520.977058363162,False
2025-03-08,6,387.2014264327554,True
2025-03-08,12,3340.079239550967,True
2025-03-08,18,5224.996909925441,True
2025-03-09,6,2414.2459291796768,True
2025-03-09,12,13331.996570609273,True
2025-03-09,18,7262.138531446966,True
2025-03-10,6,8547.993665270762,True
2025-03-10,12,10519.07766436932,True
2025-03-10,18,8874.902053493985,True
2025-03-11,6,37656.164034303416,True
2025-03-11,12,4135.403377984545,True
2025-03-11,18,7037.087769483202,True
2025-03-12,6,2471.2296839290593,True
2025-03-12,12,9247.707319511432,True
2025-03-12,18,6792.784741953386,True
2025-03-13,6,251.06894750425818,False
2025-03-13,12,2745.968539555235,True
2025-03-13,18,-7996.993663297637,False
2025-03-14,6,867.8505738232343,True
2025-03-14,12,-4669.992238107868,False
2025-03-14,18,-5353.063359912036,False
2025-03-15,6,2852.3275539400147,True
2025-03-15,12,2811.7467575222418,True
2025-03-15,18,4714.109521041995,True
2025-03-16,6,8997.224640711001,True
2025-03-16,12,2495.8099308802393,True
2025-03-16,18,5061.8450368842205,True
2025-03-17,6,1439.098276620838,True
2025-03-17,12,17597.863871069338,True
2025-03-17,18,5675.7674185127435,True
2025-03-18,6,1790.1137097801911,True
2025-03-18,12,3666.2509760861067,True
2025-03-18,18,4259.512200211437,True
2025-03-19,6,18695.071383722072,True
2025-03-19,12,15595.733387435159,True
2025-03-19,18,5000.410093681814,True
2025-03-20,6,3451.997948855711,True
2025-03-20,12,6908.6462208050625,True
2025-03-20,18,-13217.693168380803,False
2025-03-21,6,1913.0685605904073,True
2025-03-21,12,-5786.915261767663,False
2025-03-21,18,-12988.482726420596,False
2025-03-22,6,576.9641684632152,True
2025-03-22,12,3185.6977316436605,True
2025-03-22,18,6356.744697934679,True
2025-03-23,6,389.62186359909356,True
2025-03-23,12,4879.250409805381,True
2025-03-23,18,7272.588673858063,True
2025-03-24,6,1520.1773290522124,True
2025-03-24,12,7485.20235126049,True
2025-03-24,18,6351.201738257994,True
2025-03-25,6,1966.6065457152126,True
2025-03-25,12,1773.4745470164298,True
2025-03-25,18,3902.7802142074033,True
2025-03-26,6,4376.999126926054,True
2025-03-26,12,2289.277818941673,True
2025-03-26,18,4569.386186222804,True
2025-03-27,6,1060.5783029698923,True
2025-03-27,12,-4906.940225258499,False
2025-03-27,18,-9274.647000643603,False
2025-03-28,6,217.8010394012499,False
2025-03-28,12,-4503.635818694297,False
2025-03-28,18,-8863.929656806235,False
2025-03-29,6,1974.239555695489,True
2025-03-29,12,2076.975906866417,True
2025-03-29,18,3656.02072139554,True
2025-03-30,6,1109.2222623077887,True
2025-03-30,12,4559.113551329625,True
2025-03-30,18,5403.477931647041,True
2025-03-31,6,40041.13341606671,True
2025-03-31,12,2667.4730952481423,True
2025-03-31,18,5997.152971600717,True
2025-04-01,6,1940.3191399837306,True
2025-04-01,12,3333.3555002192115,True
2025-04-01,18,7978.074401729264,True
2025-04-02,6,15705.09045256854,True
2025-04-02,12,2271.6581009219826,True
2025-04-02,18,3298.547741221799,True
2025-04-03,6,785.0689063668979,True
2025-04-03,12,-5379.9150969601405,False
2025-04-03,18,-18286.077611398512,False
2025-04-04,6,194.86697696323336,False
2025-04-04,12,376.47481331880954,True
2025-04-04,18,-5397.769650844803,False
2025-04-05,6,1637.160051234,True
2025-04-05,12,3916.72452898592,True
2025-04-05,18,7410.112405741122,True
2025-04-06,6,538.3793380615934,True
2025-04-06,12,4201.21773399443,True
2025-04-06,18,959.4420405024975,True
2025-04-07,6,14162.434347892107,True
2025-04-07,12,9902.014338351648,True
2025-04-07,18,2653.8471242440355,True
2025-04-08,6,674.1156360714212,True
2025-04-08,12,3587.5612076816487,True
2025-04-08,18,6830.471705533942,True
2025-04-09,6,11647.128486669713,True
2025-04-09,12,7960.332792370955,True
2025-04-09,18,5461.6186081937885,True
2025-04-10,6,11309.380332865214,True
2025-04-10,12,-2442.6319747810085,False
2025-04-10,18,-20647.45556537355,False
2025-04-11,6,3296.0577945814803,True
2025-04-11,12,-8779.23497728245,False
2025-04-11,18,-7849.600704538716,False
2025-04-12,6,504.4724687371672,True
2025-04-12,12,-161.69910895373687,False
2025-04-12,18,3989.293822925807,True
2025-04-13,6,1002.2980820665907,True
2025-04-13,12,10642.487645014833,True
2025-04-13,18,7333.400715163138,True
2025-04-14,6,1173.4413872964415,True
2025-04-14,12,932.4303579700127,True
2025-04-14,18,7513.362213145116,True
2025-04-15,6,10834.434165252736,True
2025-04-15,12,2896.8317291450367,True
2025-04-15,18,5226.947984276958,True
2025-04-16,6,13674.268773973745,True
2025-04-16,12,441.76987770829874,True
2025-04-16,18,4998.534995978538,True
2025-04-17,6,15278.065344983599,True
2025-04-17,12,-7087.228807534762,False
2025-04-17,18,-21131.80863860825,False
2025-04-18,6,771.3840179266963,True
2025-04-18,12,-5110.053232922796,False
2025-04-18,18,-9584.465071305214,False
2025-04-19,6,334.3588717840612,True
2025-04-19,12,2843.9736542548562,True
2025-04-19,18,1986.7103341468028,True
2025-04-20,6,5183.207802448695,True
2025-04-20,12,9158.011730180311,True
2025-04-20,18,1318.8451909103205,True
2025-04-21,6,1267.134521192711,True
2025-04-21,12,-502.9691010673032,False
2025-04-21,18,194.0675645191477,False
2025-04-22,6,18602.150657264872,True
2025-04-22,12,517.1431633189841,True
2025-04-22,18,2252.4663464604455,True
2025-04-23,6,19243.16940853135,True
2025-04-23,12,4367.90392077919,True
2025-04-23,18,4872.656564108602,True
2025-04-24,6,164.25480894183602,False
2025-04-24,12,-6838.461768597497,False
2025-04-24,18,-14797.17559307795,False
2025-04-25,6,164.44719128266797,False
2025-04-25,12,-11233.844121337104,False
2025-04-25,18,-18781.13982057665,False
2025-04-26,6,1080.3893688551007,True
2025-04-26,12,2264.4381906043927,True
2025-04-26,18,1909.6532431499181,True
2025-04-27,6,3775.79452438143,True
2025-04-27,12,869.2209495192037,True
2025-04-27,18,11445.146869005512,True
2025-04-28,6,7663.24129916594,True
2025-04-28,12,1131.2293415088607,True
2025-04-28,18,3210.9828418387187,True
2025-04-29,6,819.8982166771457,True
2025-04-29,12,4351.786702883661,True
2025-04-29,18,4457.229068763656,True
2025-04-30,6,2166.644346282963,True
2025-04-30,12,6093.180520142614,True
2025-04-30,18,71.5050830982691,False
2025-05-01,6,3790.194204554078,True
2025-05-01,12,-5947.252390612997,False
2025-05-01,18,-2427.725289647934,False
2025-05-02,6,150.3908996703194,False
2025-05-02,12,-11629.21661268629,False
2025-05-02,18,-15556.380456813156,False
2025-05-03,6,339.12451924092966,True
2025-05-03,12,531.2699220637132,True
2025-05-03,18,3007.2788259639055,True
2025-05-04,6,479.68507725973177,True
2025-05-04,12,2007.0824739800555,True
2025-05-04,18,13451.096932931825,True
2025-05-05,6,299.9854825150942,True
2025-05-05,12,233.8292948956041,False
2025-05-05,18,6126.531470937387,True
2025-05-06,6,13783.788288973086,True
2025-05-06,12,11043.897833114828,True
2025-05-06,18,7962.387907147358,True
2025-05-07,6,12309.06182624492,True
2025-05-07,12,3481.4103699882453,True
2025-05-07,18,6072.674752466082,True
2025-05-08,6,715.9818876682166,True
2025-05-08,12,818.2430905284682,True
2025-05-08,18,-10893.957205092389,False
2025-05-09,6,1558.8460446169202,True
2025-05-09,12,-1125.1470627333683,False
2025-05-09,18,-14443.021915135505,False
2025-05-10,6,3906.455884829753,True
2025-05-10,12,-85.4700773697241,False
2025-05-10,18,6645.227642273741,True
2025-05-11,6,2959.8983625463843,True
2025-05-11,12,4088.682872241392,True
2025-05-11,18,5661.662664853091,True
2025-05-12,6,27849.935101621,True
2025-05-12,12,1807.5755308029438,True
2025-05-12,18,8897.83269147727,True
2025-05-13,6,1143.2369837276838,True
2025-05-13,12,10291.858314239136,True
2025-05-13,18,6772.170424427659,True
2025-05-14,6,9641.116861459954,True
2025-05-14,12,1218.477055811436,True
2025-05-14,18,2419.360018908421,True
2025-05-15,6,9902.128430025683,True
2025-05-15,12,-4248.325005642879,False
2025-05-15,18,-18721.669296135842,False
2025-05-16,6,144.2040440430842,False
2025-05-16,12,-7298.3750136430735,False
2025-05-16,18,-12066.38390321076,False
2025-05-17,6,355.5184886203515,True
2025-05-17,12,2558.907978140891,True
2025-05-17,18,1262.8093404987849,True
2025-05-18,6,364.0882164010909,True
2025-05-18,12,3594.514711940041,True
2025-05-18,18,2329.964414407903,True
2025-05-19,6,358.8188921707024,True
2025-05-19,12,6746.706427238514,True
2025-05-19,18,2583.5449655145603,True
2025-05-20,6,13516.612050031697,True
2025-05-20,12,243.3793702388757,False
2025-05-20,18,7611.4660385480165,True
2025-05-21,6,21209.70647406738,True
2025-05-21,12,2216.817218256674,True
2025-05-21,18,3787.4474865994307,True
2025-05-22,6,139.44555404575658,False
2025-05-22,12,-11246.991096313093,False
2025-05-22,18,-15821.681522326553,False
2025-05-23,6,146.82062894732871,False
2025-05-23,12,-7376.711982161663,False
2025-05-23,18,-21264.221187694988,False
2025-05-24,6,561.1612127676744,True
2025-05-24,12,1443.7260791021727,True
2025-05-24,18,2459.7960907787,True
2025-05-25,6,758.1684197412615,True
2025-05-25,12,6146.004187214301,True
2025-05-25,18,5879.652554734723,True
2025-05-26,6,16962.251324392186,True
2025-05-26,12,9507.039547478991,True
2025-05-26,18,5139.10021479689,True
2025-05-27,6,16119.282563623514,True
2025-05-27,12,3337.0068249011674,True
2025-05-27,18,4396.516503911429,True
2025-05-28,6,328.301860168689,True
2025-05-28,12,6305.24191662703,True
2025-05-28,18,3603.570244882547,True
2025-05-29,6,16325.86591993086,True
2025-05-29,12,-4711.098796194514,False
2025-05-29,18,-9489.576331442673,False
2025-05-30,6,142.33364428892583,False
2025-05-30,12,-5394.087001451403,False
2025-05-30,18,-13638.85025103026,False
2025-05-31,6,486.48290824593096,True
2025-05-31,12,2187.06563886589,True
2025-05-31,18,5351.161101458925,True
2025-06-01,6,6179.058329270929,True
2025-06-01,12,2327.1329070195816,True
2025-06-01,18,18919.00533680219,True
2025-06-02,6,2189.30838935714,True
2025-06-02,12,5689.437092177972,True
2025-06-02,18,17944.522696688262,True
2025-06-03,6,12567.17770658659,True
2025-06-03,12,4139.307526486111,True
2025-06-03,18,18985.58596570434,True
2025-06-04,6,3955.747481031557,True
2025-06-04,12,24447.231240621084,True
2025-06-04,18,11346.559195723716,True
2025-06-05,6,13841.07189231793,True
2025-06-05,12,-2410.073732550056,False
2025-06-05,18,15141.002614990131,True
2025-06-06,6,4256.317060991982,True
2025-06-06,12,-7703.7193739061695,False
2025-06-06,18,9782.784587384122,True
2025-06-07,6,608.3166263367675,True
2025-06-07,12,326.7158682436275,True
2025-06-07,18,16668.516656819305,True
2025-06-08,6,721.890533968759,True
2025-06-08,12,6631.502731935689,True
2025-06-08,18,16367.356138492327,True
2025-06-09,6,694.7621217571177,True
2025-06-09,12,3926.6230643339513,True
2025-06-09,18,8752.045500256663,True
2025-06-10,6,5902.811570695252,True
2025-06-10,12,14575.654651546087,True
2025-06-10,18,11252.578465776496,True
2025-06-11,6,4545.322028447887,True
2025-06-11,12,2889.3599962111,True
2025-06-11,18,10169.566454914766,True
2025-06-12,6,158.46952192731442,False
2025-06-12,12,266.1657376239764,False
2025-06-12,18,-517.2595779475178,False
2025-06-13,6,545.6803801101469,True
2025-06-13,12,-6352.929693895212,False
2025-06-13,18,3698.3303394826034,True
2025-06-14,6,306.4121171356974,True
2025-06-14,12,1115.0411139422758,True
2025-06-14,18,9308.61840341238,True
2025-06-15,6,9691.302693474056,True
2025-06-15,12,9595.03235513562,True
2025-06-15,18,6683.046163730502,True
2025-06-16,6,9679.076876768768,True
2025-06-16,12,2938.3109922428666,True
2025-06-16,18,6796.372133148208,True
2025-06-17,6,8640.566301180232,True
2025-06-17,12,2640.7508038917804,True
2025-06-17,18,6555.934404927153,True
2025-06-18,6,8857.851379923835,True
2025-06-18,12,4119.792360774305,True
2025-06-18,18,6717.173357285472,True
2025-06-19,6,1059.5861418068052,True
2025-06-19,12,13501.159766316236,True
2025-06-19,18,-10910.658715399826,False
2025-06-20,6,152.16421970831652,False
2025-06-20,12,-697.7608154577119,False
2025-06-20,18,-17303.971400093753,False
2025-06-21,6,284.9171040057072,False
2025-06-21,12,1273.1925420486732,True
2025-06-21,18,3659.909590268602,True
2025-06-22,6,5089.334937317879,True
2025-06-22,12,7416.794576122,True
2025-06-22,18,5855.8044289115205,True
2025-06-23,6,283.87385745548454,False
2025-06-23,12,2233.5627999620847,True
2025-06-23,18,6444.868063763599,True
2025-06-24,6,-137.03187551121664,False
2025-06-24,12,1464.9224470965692,True
2025-06-24,18,6823.195212071707,True
2025-06-25,6,1441.114800824078,True
2025-06-25,12,13699.796293556814,True
2025-06-25,18,6280.26711312326,True
2025-06-26,6,2984.5676836742205,True
2025-06-26,12,2435.908821191266,True
2025-06-26,18,-7810.852266238962,False
2025-06-27,6,248.33004460207667,False
2025-06-27,12,-1249.6821208548854,False
2025-06-27,18,-6778.994209494725,False
2025-06-28,6,290.2055954441839,False
2025-06-28,12,2530.937313196817,True
2025-06-28,18,5947.1767928477275,True
2025-06-29,6,8924.338216182972,True
2025-06-29,12,22184.254708797653,True
2025-06-29,18,6474.822911863503,True
2025-06-30,6,420.952355842599,True
2025-06-30,12,1021.3726860793777,True
2025-06-30,18,4272.136515411748,True
2025-07-01,6,25759.25349245747,True
2025-07-01,12,21679.199518296853,True
2025-07-01,18,20373.72332401622,True
2025-07-02,6,17825.02684090188,True
2025-07-02,12,17370.61862403949,True
2025-07-02,18,16288.233423905222,True
2025-07-03,6,29735.939911523128,True
2025-07-03,12,-4749.842867235034,False
2025-07-03,18,3762.057394942887,True
2025-07-04,6,5244.095488818162,True
2025-07-04,12,265.2182016741608,False
2025-07-04,18,-3165.3176464441167,False
2025-07-05,6,4836.657036369357,True
2025-07-05,12,6386.034803445931,True
2025-07-05,18,18770.846123329804,True
2025-07-06,6,52615.576695273296,True
2025-07-06,12,13966.448582765519,True
2025-07-06,18,8955.666067190552,True
2025-07-07,6,11814.314330551484,True
2025-07-07,12,25836.600809592626,True
2025-07-07,18,8468.868229520001,True
2025-07-08,6,967.7203502387747,True
2025-07-08,12,6279.0994861926265,True
2025-07-08,18,6154.681223829863,True
2025-07-09,6,494.04612829636426,True
2025-07-09,12,6149.979643861734,True
2025-07-09,18,6728.04117279331,True
2025-07-10,6,6395.191362321013,True
2025-07-10,12,8840.362933598473,True
2025-07-10,18,406.3827805300025,True
2025-07-11,6,162.0841273203314,False
2025-07-11,12,219.53096982158786,False
2025-07-11,18,-5732.139627183198,False
2025-07-12,6,305.33506842075803,True
2025-07-12,12,5176.160723720022,True
2025-07-12,18,8948.151833589742,True
2025-07-13,6,1807.697165153193,True
2025-07-13,12,3661.3886020436294,True
2025-07-13,18,7596.373899914808,True
2025-07-14,6,906.9622758231653,True
2025-07-14,12,6237.9521734647205,True
2025-07-14,18,12306.898623652574,True
2025-07-15,6,1188.6949726261391,True
2025-07-15,12,2265.604804049981,True
2025-07-15,18,5316.866624288439,True
2025-07-16,6,371.32306358735514,True
2025-07-16,12,2735.658562981036,True
2025-07-16,18,6444.910063530217,True
2025-07-17,6,6597.466998613865,True
2025-07-17,12,2523.1169938145376,True
2025-07-17,18,-1943.1368376953442,False
2025-07-18,6,475.30638060861384,True
2025-07-18,12,-4620.0291735813025,False
2025-07-18,18,-8106.9440206917025,False
2025-07-19,6,1031.7278630847286,True
2025-07-19,12,1209.8574964616619,True
2025-07-19,18,5262.027191282694,True
2025-07-20,6,357.95384645482227,True
2025-07-20,12,3014.509589647765,True
2025-07-20,18,5352.92287746818,True
2025-07-21,6,559.7633909908909,True
2025-07-21,12,3167.1969128472847,True
2025-07-21,18,6645.7533561563,True
2025-07-22,6,36947.6537750196,True
2025-07-22,12,6594.494816297123,True
2025-07-22,18,4344.563158106121,True
2025-07-23,6,3160.080767184827,True
2025-07-23,12,2297.139084281662,True
2025-07-23,18,6445.125316214391,True
2025-07-24,6,1643.515087327356,True
2025-07-24,12,-1883.5646661192732,False
2025-07-24,18,-15996.573592933422,False
2025-07-25,6,195.8968107595074,False
2025-07-25,12,97.24358504855991,False
2025-07-25,18,-8272.629424032955,False
2025-07-26,6,363.9386979274859,True
2025-07-26,12,3954.909433381021,True
2025-07-26,18,4120.648762533041,True
2025-07-27,6,750.5461940035675,True
2025-07-27,12,3623.5679830482422,True
2025-07-27,18,8853.265893692824,True
2025-07-28,6,640.7164385921933,True
2025-07-28,12,7527.8441888387115,True
2025-07-28,18,6973.847639822059,True
2025-07-29,6,17404.225146631965,True
2025-07-29,12,1939.939588725414,True
2025-07-29,18,5164.992573405882,True
2025-07-30,6,27636.68231338066,True
2025-07-30,12,5018.0461342840845,True
2025-07-30,18,6522.846099832546,True
2025-07-31,6,3711.9290513542765,True
2025-07-31,12,-4278.797421168494,False
2025-07-31,18,-13861.209959670865,False
2025-08-01,6,335.61278790907454,True
2025-08-01,12,-5881.200279218016,False
2025-08-01,18,-16884.80548906594,False
2025-08-02,6,512.0663232658753,True
2025-08-02,12,1138.7099038709202,True
2025-08-02,18,3391.6909155535286,True
2025-08-03,6,347.93190866027726,True
2025-08-03,12,1027.0753566234143,True
2025-08-03,18,4317.938495234601,True
2025-08-04,6,2515.1470714719526,True
2025-08-04,12,2581.1942978481566,True
2025-08-04,18,4861.443287370741,True
2025-08-05,6,6105.059375005265,True
2025-08-05,12,3752.8822034712357,True
2025-08-05,18,6359.6101137594815,True
2025-08-06,6,971.8185400771199,True
2025-08-06,12,3513.541645778463,True
2025-08-06,18,1812.2098840236795,True
2025-08-07,6,3685.817293815053,True
2025-08-07,12,-6756.409748686665,False
2025-08-07,18,-9927.77657915633,False
2025-08-08,6,204.6727451061288,False
2025-08-08,12,-5930.666512572174,False
2025-08-08,18,-17854.04856300415,False
2025-08-09,6,344.9069971931094,True
2025-08-09,12,270.97795516873157,False
2025-08-09,18,5605.940009731319,True
2025-08-10,6,581.8309052408658,True
2025-08-10,12,1229.0056239979876,True
2025-08-10,18,6591.024798386767,True
2025-08-11,6,3583.438834485074,True
2025-08-11,12,4947.21882350267,True
2025-08-11,18,5016.745444881384,True
2025-08-12,6,5792.575724258266,True
2025-08-12,12,5258.386812850764,True
2025-08-12,18,6087.964938614008,True
2025-08-13,6,6339.977666213887,True
2025-08-13,12,15082.774200103155,True
2025-08-13,18,5243.406824655594,True
2025-08-14,6,14295.399336054346,True
2025-08-14,12,-3885.7024296436493,False
2025-08-14,18,-18284.286615565507,False
2025-08-15,6,290.94490702743315,False
2025-08-15,12,-5103.57923395187,False
2025-08-15,18,-19946.60873872049,False
2025-08-16,6,1446.798709099624,True
2025-08-16,12,2747.7490528584567,True
2025-08-16,18,1936.7403191248814,True
2025-08-17,6,789.2006444526342,True
2025-08-17,12,2007.1402618461343,True
2025-08-17,18,4642.9213843741345,True
2025-08-18,6,2602.473554281918,True
2025-08-18,12,1060.9032562669217,True
2025-08-18,18,6009.457790585264,True
2025-08-19,6,381.1596970349219,True
2025-08-19,12,3970.0368433213007,True
2025-08-19,18,6188.598152103252,True
2025-08-20,6,3954.650967770951,True
2025-08-20,12,3239.9622094793376,True
2025-08-20,18,9628.144532947787,True
2025-08-21,6,919.9670933432571,True
2025-08-21,12,-10962.50624888358,False
2025-08-21,18,-17019.140242642992,False
2025-08-22,6,771.1327442514666,True
2025-08-22,12,-5949.166556479925,False
2025-08-22,18,-14373.506316589119,False
2025-08-23,6,3172.0016549551747,True
2025-08-23,12,3430.318933930572,True
2025-08-23,18,1975.1578196748924,True
2025-08-24,6,1178.5490313574028,True
2025-08-24,12,13178.661305130467,True
2025-08-24,18,4321.8412935430715,True
2025-08-25,6,4271.565854629463,True
2025-08-25,12,1159.3208221893583,True
2025-08-25,18,2831.6962203986695,True
2025-08-26,6,335.5650821490344,True
2025-08-26,12,8668.638793929782,True
2025-08-26,18,3667.80327588032,True
2025-08-27,6,32396.709570739324,True
2025-08-27,12,5588.206865773747,True
2025-08-27,18,4312.686147531091,True
2025-08-28,6,23658.396813366933,True
2025-08-28,12,-8163.621729358707,False
2025-08-28,18,-6592.8619800255965,False
2025-08-29,6,551.4863405618926,True
2025-08-29,12,-6694.432751623404,False
2025-08-29,18,-16648.543175001574,False
2025-08-30,6,930.9998115825802,True
2025-08-30,12,710.0668755139905,True
2025-08-30,18,2873.9926219123918,True
2025-08-31,6,3263.304222399496,True
2025-08-31,12,1078.2793026831823,True
2025-08-31,18,6895.651746663676,True
2025-09-01,6,2360.5708506126794,True
2025-09-01,12,3040.5337112967463,True
2025-09-01,18,5272.503468095438,True
2025-09-02,6,14997.256018970984,True
2025-09-02,12,1891.283347844801,True
2025-09-02,18,2076.567384785729,True
2025-09-03,6,799.5641192707044,True
2025-09-03,12,3531.3199293165035,True
2025-09-03,18,785.9954728716802,True
2025-09-04,6,303.2873637540106,True
2025-09-04,12,-4187.221630935068,False
2025-09-04,18,-18977.183964668344,False
2025-09-05,6,408.46611202353415,True
2025-09-05,12,-7170.644168750844,False
2025-09-05,18,-13885.918717486249,False
2025-09-06,6,370.77364672003387,True
2025-09-06,12,-740.9057655195156,False
2025-09-06,18,5136.905889535832,True
2025-09-07,6,19741.189353956306,True
2025-09-07,12,1772.3034116415129,True
2025-09-07,18,4302.11547645101,True
2025-09-08,6,545.2313430633421,True
2025-09-08,12,3043.4289581492667,True
2025-09-08,18,2729.5216624687637,True
2025-09-09,6,7098.264350411442,True
2025-09-09,12,-677.8623845341681,False
2025-09-09,18,5984.198576996561,True
2025-09-10,6,1489.815544046678,True
2025-09-10,12,12534.333291986419,True
2025-09-10,18,4295.674467594999,True
2025-09-11,6,1761.2905150392153,True
2025-09-11,12,-10760.882724232419,False
2025-09-11,18,-13055.87530701845,False
2025-09-12,6,264.5210038262876,False
2025-09-12,12,-1230.2703528887514,False
2025-09-12,18,-17616.884690552724,False
2025-09-13,6,361.69131337519866,True
2025-09-13,12,1821.405903353996,True
2025-09-13,18,6559.168683152187,True
2025-09-14,6,2186.043508880266,True
2025-09-14,12,808.7734562914311,True
2025-09-14,18,3912.8516748780057,True
2025-09-15,6,877.3549000929015,True
2025-09-15,12,3685.4396427064676,True
2025-09-15,18,6102.788332113152,True
2025-09-16,6,575.416741252473,True
2025-09-16,12,2136.319144011555,True
2025-09-16,18,5096.083006138102,True
2025-09-17,6,1712.9297675736616,True
2025-09-17,12,3509.9198331601256,True
2025-09-17,18,4301.167522039992,True
2025-09-18,6,24017.375711751658,True
2025-09-18,12,-8871.31472244954,False
2025-09-18,18,-12812.768454281668,False
2025-09-19,6,209.64138432086474,False
2025-09-19,12,-7750.81631453697,False
2025-09-19,18,-7699.490133763993,False
2025-09-20,6,368.19992504221955,True
2025-09-20,12,2052.9717674746316,True
2025-09-20,18,949.614390889692,True
2025-09-21,6,3744.1332752118087,True
2025-09-21,12,851.8283901379327,True
2025-09-21,18,2099.044257552636,True
2025-09-22,6,2431.842548671706,True
2025-09-22,12,2633.5430234115775,True
2025-09-22,18,8198.97443806866,True
2025-09-23,6,105.96043584839572,False
2025-09-23,12,2272.2107787365785,True
2025-09-23,18,8058.533650737172,True
2025-09-24,6,4535.5773299965695,True
2025-09-24,12,23780.698243488197,True
2025-09-24,18,9426.158154235687,True
2025-09-25,6,9722.66197846476,True
2025-09-25,12,2960.4235495942357,True
2025-09-25,18,-11860.947496179304,False
2025-09-26,6,455.9765402546909,True
2025-09-26,12,-9527.240055007736,False
2025-09-26,18,-14177.215820233327,False
2025-09-27,6,2232.056163669309,True
2025-09-27,12,3634.2920241230895,True
2025-09-27,18,2228.317521595942,True
2025-09-28,6,31380.704944916175,True
2025-09-28,12,3627.2982316112502,True
2025-09-28,18,11435.38887635561,True
2025-09-29,6,988.0038987945845,True
2025-09-29,12,4365.46711347193,True
2025-09-29,18,12518.24045712515,True
2025-09-30,6,6264.125708462392,True
2025-09-30,12,16250.282367266298,True
2025-09-30,18,4243.197075841112,True
2025-10-01,6,651.312920066659,True
2025-10-01,12,1560.8890172437586,True
2025-10-01,18,1661.7929954090941,True
2025-10-02,6,1382.4354436266694,True
2025-10-02,12,-6622.665839042131,False
2025-10-02,18,-9635.603315579148,False
2025-10-03,6,896.8581276318337,True
2025-10-03,12,-3062.0978137282746,False
2025-10-03,18,-19022.089272047346,False
2025-10-04,6,371.01360066240886,True
2025-10-04,12,3590.5532172017192,True
2025-10-04,18,2867.191356322568,True
2025-10-05,6,2094.596150644349,True
2025-10-05,12,3020.0501097516317,True
2025-10-05,18,6052.51061083861,True
2025-10-06,6,6762.9579893228365,True
2025-10-06,12,14059.770819297719,True
2025-10-06,18,1450.50064461289,True
2025-10-07,6,2772.633721329519,True
2025-10-07,12,8793.56768428635,True
2025-10-07,18,3446.800453551168,True
2025-10-08,6,1254.5117219685526,True
2025-10-08,12,7069.424866637994,True
2025-10-08,18,6651.3540782558775,True
2025-10-09,6,2318.1187938925877,True
2025-10-09,12,-7156.355446885915,False
2025-10-09,18,-14958.973873165225,False
2025-10-10,6,273.87364084601177,False
2025-10-10,12,-7824.213865825292,False
2025-10-10,18,-8539.339929623031,False
2025-10-11,6,372.3062933944839,True
2025-10-11,12,2807.5608586974377,True
2025-10-11,18,1922.332920362598,True
2025-10-12,6,2270.75343405859,True
2025-10-12,12,4543.7163110947,True
2025-10-12,18,7190.063367073741,True
2025-10-13,6,3971.9956476247826,True
2025-10-13,12,2304.4247431350595,True
2025-10-13,18,10078.961588018057,True
2025-10-14,6,2113.223682039219,True
2025-10-14,12,14891.174297737254,True
2025-10-14,18,6916.1249477393285,True
2025-10-15,6,2045.2307450073022,True
2025-10-15,12,12567.506558342198,True
2025-10-15,18,3625.712498891684,True
2025-10-16,6,4945.409382491722,True
2025-10-16,12,4597.115888284037,True
2025-10-16,18,-14780.905065206094,False
2025-10-17,6,2954.0546327834963,True
2025-10-17,12,-3041.8629459690087,False
2025-10-17,18,-1242.0624642577804,False
2025-10-18,6,668.5824426800255,True
2025-10-18,12,3916.3290315754384,True
2025-10-18,18,6588.5931982531765,True
2025-10-19,6,5958.0505049568055,True
2025-10-19,12,3814.3502088839796,True
2025-10-19,18,8114.4697923832755,True
2025-10-20,6,442.9248779746049,True
2025-10-20,12,4467.392087606098,True
2025-10-20,18,6829.808334502617,True
2025-10-21,6,3619.1792442209844,True
2025-10-21,12,3897.642994952448,True
2025-10-21,18,3541.676846797345,True
2025-10-22,6,267.9860449821681,False
2025-10-22,12,10417.457312534614,True
2025-10-22,18,7759.077671721803,True
2025-10-23,6,3730.256900223356,True
2025-10-23,12,-3238.4601801151157,False
2025-10-23,18,1130.1919317223092,True
2025-10-24,6,1078.7071552929556,True
2025-10-24,12,-2033.0081354612594,False
2025-10-24,18,-6931.452020726799,False
2025-10-25,6,376.7007448502609,True
2025-10-25,12,2585.544897536696,True
2025-10-25,18,8800.354714906956,True
2025-10-26,6,1827.9493335456646,True
2025-10-26,12,7310.047184293542,True
2025-10-26,18,10941.046356546976,True
2025-10-27,6,31131.487334628837,True
2025-10-27,12,4559.977057043132,True
2025-10-27,18,7330.05792120874,True
2025-10-28,6,16754.502369552545,True
2025-10-28,12,9236.136752872753,True
2025-10-28,18,9645.620353826063,True
2025-10-29,6,3414.51500757129,True
2025-10-29,12,4014.6406276699345,True
2025-10-29,18,7860.574026182741,True
2025-10-30,6,4312.455398240163,True
2025-10-30,12,9679.058708565033,True
2025-10-30,18,-6784.761089741602,False
2025-10-31,6,594.5633446469128,True
2025-10-31,12,-2429.4259839983392,False
2025-10-31,18,566.6946292586836,True
2025-11-01,6,677.6549490166071,True
2025-11-01,12,2760.6135354796534,True
2025-11-01,18,7551.42526692295,True
2025-11-02,6,16936.67181078806,True
2025-11-02,12,3631.2536209566188,True
2025-11-02,18,6572.975180702495,True
2025-11-03,6,628.1177505538053,True
2025-11-03,12,4144.289785840421,True
2025-11-03,18,8568.10582654304,True
2025-11-04,6,6279.503693698138,True
2025-11-04,12,3522.5808448119096,True
2025-11-04,18,11058.471333039306,True
2025-11-05,6,1901.576060860947,True
2025-11-05,12,4842.508903790753,True
2025-11-05,18,7132.182039085608,True
2025-11-06,6,11918.956915121797,True
2025-11-06,12,3082.7631343907487,True
2025-11-06,18,-1733.8134800259031,False
2025-11-07,6,234.71090585044567,False
2025-11-07,12,280.9288226902909,False
2025-11-07,18,-3997.330869883125,False
2025-11-08,6,379.1351323495692,True
2025-11-08,12,3146.195370012061,True
2025-11-08,18,6817.769998477779,True
2025-11-09,6,364.37340091857914,True
2025-11-09,12,4245.687812196113,True
2025-11-09,18,8516.951037514802,True
2025-11-10,6,15133.181047579394,True
2025-11-10,12,3211.124258056014,True
2025-11-10,18,8224.934195294896,True
2025-11-11,6,829.7885769985969,True
2025-11-11,12,4559.560777531173,True
2025-11-11,18,7386.390464277538,True
2025-11-12,6,14902.982242167593,True
2025-11-12,12,4798.386364602662,True
2025-11-12,18,8541.24193145478,True
2025-11-13,6,6740.014359444971,True
2025-11-13,12,6581.807641994963,True
2025-11-13,18,3460.0776975038098,True
2025-11-14,6,143.58917871061112,False
2025-11-14,12,-1831.7442952642396,False
2025-11-14,18,182.7633345648028,False
2025-11-15,6,379.77648926896654,True
2025-11-15,12,3780.958047487122,True
2025-11-15,18,6938.621547545004,True
2025-11-16,6,11206.25239282864,True
2025-11-16,12,5942.862488223258,True
2025-11-16,18,7503.7138803228445,True
2025-11-17,6,26164.614790487078,True
2025-11-17,12,4520.17437146894,True
2025-11-17,18,7262.072873021614,True
2025-11-18,6,972.4625622569474,True
2025-11-18,12,11499.350733988784,True
2025-11-18,18,7496.443181243114,True
2025-11-19,6,19726.217682967123,True
2025-11-19,12,5316.05374676855,True
2025-11-19,18,7097.758979340986,True
2025-11-20,6,4113.902928478252,True
2025-11-20,12,6091.386156634879,True
2025-11-20,18,3840.092408290351,True
2025-11-21,6,2147.7346633418583,True
2025-11-21,12,-793.7141959422861,False
2025-11-21,18,-2975.9955631245975,False
2025-11-22,6,552.9495319782327,True
2025-11-22,12,4651.390882587868,True
2025-11-22,18,7303.6908166917165,True
2025-11-23,6,11123.589180406238,True
2025-11-23,12,4350.248511759863,True
2025-11-23,18,7363.827854273768,True
2025-11-24,6,2943.931508944708,True
2025-11-24,12,10120.312717954628,True
2025-11-24,18,8670.547683094206,True
2025-11-25,6,1357.5315685985006,True
2025-11-25,12,4966.512766337273,True
2025-11-25,18,7668.467670446975,True
2025-11-26,6,6744.68787360199,True
2025-11-26,12,4778.49434326357,True
2025-11-26,18,7227.775119893347,True
2025-11-27,6,6369.536118355671,True
2025-11-27,12,2416.7430420796973,True
2025-11-27,18,-3273.5786670615107,False
2025-11-28,6,241.178056587828,False
2025-11-28,12,-165.8570416077937,False
2025-11-28,18,-957.1079319068194,False
2025-11-29,6,1704.0446057432782,True
2025-11-29,12,4258.193182463812,True
2025-11-29,18,7328.977946544102,True
2025-11-30,6,11072.826595391252,True
2025-11-30,12,4798.932517855017,True
2025-11-30,18,7265.610434070484,True
2025-12-01,6,12543.443143785658,True
2025-12-01,12,7849.744494560313,True
2025-12-01,18,8425.482538878336,True
2025-12-02,6,13520.525045850623,True
2025-12-02,12,5901.184441876871,True
2025-12-02,18,7298.165874435639,True
2025-12-03,6,39434.66719536862,True
2025-12-03,12,21836.11514894197,True
2025-12-03,18,3247.6431533072973,True
2025-12-04,6,14833.692151709203,True
2025-12-04,12,3395.281637591859,True
2025-12-04,18,5237.143149105083,True
2025-12-05,6,14246.069559865571,True
2025-12-05,12,8577.910370074513,True
2025-12-05,18,3087.7956483358757,True
2025-12-06,6,8674.999483568581,True
2025-12-06,12,18947.767097236676,True
2025-12-06,18,7059.6693731250925,True
2025-12-07,6,6980.65679551772,True
2025-12-07,12,10874.226525557817,True
2025-12-07,18,7890.905885474414,True
2025-12-08,6,9202.306565042483,True
2025-12-08,12,6230.06803236367,True
2025-12-08,18,7821.820017133476,True
2025-12-09,6,1098.6512150791568,True
2025-12-09,12,5555.326955869696,True
2025-12-09,18,10072.45302344692,True
2025-12-10,6,12790.154062374018,True
2025-12-10,12,9198.957819606432,True
2025-12-10,18,7318.445475629836,True
2025-12-11,6,14.58761248056544,False
2025-12-11,12,2695.862999924213,True
2025-12-11,18,4776.02919417778,True
2025-12-12,6,11651.834512735917,True
2025-12-12,12,6952.833788273581,True
2025-12-12,18,2892.502141741712,True
2025-12-13,6,5929.016851306733,True
2025-12-13,12,4831.107003621499,True
2025-12-13,18,7397.0380669596925,True
2025-12-14,6,12026.901503325837,True
2025-12-14,12,17619.10250274597,True
2025-12-14,18,7594.170866816225,True
2025-12-15,6,13949.074546151838,True
2025-12-15,12,12154.049935046925,True
2025-12-15,18,10414.822641703511,True
2025-12-16,6,525.1538996843301,True
2025-12-16,12,5145.183283475977,True
2025-12-16,18,7569.273993409202,True
2025-12-17,6,1113.682588909469,True
2025-12-17,12,5130.741429918926,True
2025-12-17,18,10620.05333338862,True
2025-12-18,6,3483.5907196987973,True
2025-12-18,12,3149.6170018835146,True
2025-12-18,18,4638.432171070723,True
2025-12-19,6,8032.501549184375,True
2025-12-19,12,3402.366351203742,True
2025-12-19,18,7357.712892943917,True
2025-12-20,6,752.8095385976158,True
2025-12-20,12,4569.648842470142,True
2025-12-20,18,8497.050489073154,True
2025-12-21,6,837.990709841526,True
2025-12-21,12,10506.407629456837,True
2025-12-21,18,7664.79437353534,True
2025-12-22,6,311.35215339953174,True
2025-12-22,12,4332.866046667965,True
2025-12-22,18,10691.953313924474,True
2025-12-23,6,1818.9114159144865,True
2025-12-23,12,3928.4793887773885,True
2025-12-23,18,9710.197470205043,True
2025-12-24,6,588.5768913894717,True
2025-12-24,12,4897.826464206679,True
2025-12-24,18,9486.666069514402,True
2025-12-25,6,1528.0329106903846,True
2025-12-25,12,13752.966804994085,True
2025-12-25,18,6302.673685538102,True
2025-12-26,6,345.8473440793223,True
2025-12-26,12,2422.3765015587924,True
2025-12-26,18,5727.197800977807,True
2025-12-27,6,604.4931304137535,True
2025-12-27,12,4693.309937507242,True
2025-12-27,18,11530.596349117768,True
2025-12-28,6,1161.6615130434748,True
2025-12-28,12,3977.2368796983465,True
2025-12-28,18,7914.913134790702,True
2025-12-29,6,3110.9218336445156,True
2025-12-29,12,4536.408018361766,True
2025-12-29,18,7645.543070830587,True
2025-12-30,6,2478.1578376166235,True
2025-12-30,12,5250.163253856797,True
2025-12-30,18,7712.981687340696,True
2025-12-31,6,861.916026738314,True
2025-12-31,12,3818.4139960544308,True
2025-12-31,18,7589.5774929315085,True
