method,policy,month,planned_cost,emergency_cost,total_cost,emergency_kwh,spill_kwh
ManualWeekly,H0_fixed_SAA,2,1208632.7893020012,49181.13835213668,1257813.927654138,13140.3639148148,173358.88049290422
ManualWeekly,H0_fixed_SAA,3,1112221.7238058615,93330.95559214367,1205552.6793980054,25176.925875238092,250124.83762023065
ManualWeekly,H0_fixed_SAA,4,930745.6848287724,90755.5091526388,1021501.1939814113,24958.95760812168,302401.28243190475
ManualWeekly,H0_fixed_SAA,5,973874.1337636813,98411.63008846504,1072285.7638521462,24896.411811335714,377078.18037562387
ManualWeekly,H0_fixed_SAA,6,1329566.2196843424,165282.52103331368,1494848.740717656,42797.07863928462,323755.7721747619
ManualWeekly,H0_fixed_SAA,7,1481353.2093784483,136061.43762464816,1617414.6470030965,37172.4091198001,339185.6181013027
ManualWeekly,H0_fixed_SAA,8,1286592.446978078,88702.74009902267,1375295.1870771006,23177.253265845236,392709.25195655925
ManualWeekly,H0_fixed_SAA,9,1142345.752501555,90761.23116564461,1233106.9836671995,24158.66946428571,379294.5268609524
ManualWeekly,H0_fixed_SAA,10,1111084.5032925291,82278.67872082104,1193363.18201335,21014.93578119047,272630.5678694286
ManualWeekly,H0_fixed_SAA,11,1258564.1122011712,57284.76245375331,1315848.8746549245,15446.587506428568,159520.8749983598
ManualWeekly,H0_fixed_SAA,12,1666347.6530556853,85861.70485672154,1752209.357912407,23426.34875095238,188934.8240833334
ManualWeekly,H1_fixedQ_causal,2,1208632.7893020012,1861.323541975998,1210494.1128439773,392.65735553333525,169213.76268021826
ManualWeekly,H1_fixedQ_causal,3,1112221.7238058615,28206.88760507678,1140428.6114109384,4371.797719097606,237918.355871264
ManualWeekly,H1_fixedQ_causal,4,930745.6848287724,35076.89381861754,965822.57864739,5567.89827021427,290625.671716505
ManualWeekly,H1_fixedQ_causal,5,973874.1337636813,40014.90431300032,1013889.0380766816,6412.167552562841,367334.63522532175
ManualWeekly,H1_fixedQ_causal,6,1329566.2196843424,140241.19157916194,1469807.4112635043,23340.44214008739,322552.26452817465
ManualWeekly,H1_fixedQ_causal,7,1481353.2093784483,94468.93065439687,1575822.140032845,15827.839743719023,332341.90715531405
ManualWeekly,H1_fixedQ_causal,8,1286592.446978078,18184.6712683851,1304777.1182464631,2887.1723572095116,384010.63152002066
ManualWeekly,H1_fixedQ_causal,9,1142345.752501555,29094.948223043753,1171440.7007245987,4669.451047126167,372145.84795226343
ManualWeekly,H1_fixedQ_causal,10,1111084.5032925291,31539.352451620707,1142623.8557441498,5139.600149092838,264807.63336107513
ManualWeekly,H1_fixedQ_causal,11,1258564.1122011712,5768.010560533017,1264332.1227617043,985.9275369047558,153254.17035235948
ManualWeekly,H1_fixedQ_causal,12,1666347.6530556853,58911.651262836014,1725259.3043185214,11604.879994278583,187716.50959170787
ManualWeekly,H1_replan_SAA,2,1202944.496371993,1861.323541975998,1204805.8199139691,392.65735553333525,155892.54586924528
ManualWeekly,H1_replan_SAA,3,1106035.0585525557,28206.88760507678,1134241.9461576326,4371.797719097606,222897.59234785129
ManualWeekly,H1_replan_SAA,4,924901.3666350576,35795.04187908228,960696.4085141399,5670.843806404743,276303.0723834362
ManualWeekly,H1_replan_SAA,5,962793.688583136,38965.084688462055,1001758.7732715979,6157.368415684268,339370.247269143
ManualWeekly,H1_replan_SAA,6,1314239.7026396196,135529.45282268975,1449769.1554623095,22614.566591823106,284697.9581888889
ManualWeekly,H1_replan_SAA,7,1463850.7021696419,89401.51531118191,1553252.2174808239,14459.350442823777,288049.75747017004
ManualWeekly,H1_replan_SAA,8,1275819.0326569856,18184.6712683851,1294003.7039253707,2887.1723572095116,357347.6656671986
ManualWeekly,H1_replan_SAA,9,1123359.6977279112,29094.948223043753,1152454.645950955,4669.451047126167,325725.6212416718
ManualWeekly,H1_replan_SAA,10,1102469.332390884,31539.352451620707,1134008.6848425048,5139.600149092838,243674.55120126618
ManualWeekly,H1_replan_SAA,11,1252447.8889818348,5768.010560533017,1258215.8995423678,985.9275369047558,138925.07979113076
ManualWeekly,H1_replan_SAA,12,1659361.562419519,61051.34597109081,1720412.9083906098,12004.018131740491,171851.45580753678
ManualWeekly,H2_point,2,1185325.0202109776,8723.642634624082,1194048.6628456018,1499.9773325356582,133146.3759554678
ManualWeekly,H2_point,3,1066467.7360513473,77706.17205420397,1144173.9081055513,12106.95733201177,176946.3748223666
ManualWeekly,H2_point,4,861428.1241911004,145074.36190663557,1006502.4860977359,23054.955085455058,182720.07176249137
ManualWeekly,H2_point,5,832942.8885130932,311914.2880629583,1144857.1765760516,49473.417244633056,193335.115320195
ManualWeekly,H2_point,6,1073026.6388919444,671223.6210017187,1744250.259893663,142831.8281050073,80931.4848083334
ManualWeekly,H2_point,7,1232896.9850130368,616818.5999878452,1849715.585000882,145505.4454871162,96491.3786556262
ManualWeekly,H2_point,8,1186294.8989875433,151924.99819243027,1338219.8971799735,29952.143287517833,236807.49083686416
ManualWeekly,H2_point,9,1077368.1020857363,93535.49178097807,1170903.5938667143,19165.691270645897,248504.38142966226
ManualWeekly,H2_point,10,1035135.9198753978,189389.27453451464,1224525.1944099125,33073.64848704792,152357.10344038045
ManualWeekly,H2_point,11,1152876.153506157,273931.05402464524,1426807.2075308023,46274.07042960264,42133.15004416897
ManualWeekly,H2_point,12,1483984.3181581728,579229.9881512499,2063214.3063094227,106277.01712792498,11851.592641469804
ManualWeekly,H3_quantile,2,1204750.1891510761,2986.710152421626,1207736.8993034977,580.261378365233,159267.95363436703
ManualWeekly,H3_quantile,3,1090203.7163265026,40302.550929560195,1130506.267256063,6343.782239812788,200491.16110546573
ManualWeekly,H3_quantile,4,906100.3419373713,64140.28710069092,970240.6290380622,10064.913149640308,246034.60868642805
ManualWeekly,H3_quantile,5,934338.3292817159,65175.01730982923,999513.3465915452,10292.989630691334,295820.6873155403
ManualWeekly,H3_quantile,6,1285928.7158268567,170242.42802942035,1456171.143856277,28527.761746436627,245741.4135753222
ManualWeekly,H3_quantile,7,1437903.416802793,128709.60641100252,1566613.0232137956,23849.51821853391,261980.44151506884
ManualWeekly,H3_quantile,8,1320658.899851548,4388.091592635376,1325046.9914441835,831.5013252483282,406070.82435636834
ManualWeekly,H3_quantile,9,1076072.6968903635,91385.1031260937,1167457.8000164572,14506.322441558455,264274.4225883595
ManualWeekly,H3_quantile,10,1094135.4447774992,46306.086440677565,1140441.5312181767,7514.393600850155,232315.36250525113
ManualWeekly,H3_quantile,11,1243767.9594420271,7457.703676802914,1251225.6631188302,1392.738197501177,124996.96383900216
ManualWeekly,H3_quantile,12,1646873.9465547567,71665.169082535,1718539.1156372917,14007.094408473364,155305.22355164343
Ridge,H0_fixed_SAA,2,1208632.7893020012,49181.13835213668,1257813.927654138,13140.3639148148,173358.88049290422
Ridge,H0_fixed_SAA,3,1112221.7238058615,93330.95559214367,1205552.6793980054,25176.925875238092,250124.83762023065
Ridge,H0_fixed_SAA,4,921556.0506994644,110068.09488368803,1031624.1455831524,30648.060136071475,291544.25534793676
Ridge,H0_fixed_SAA,5,969701.7301656345,90676.59468065064,1060378.3248462852,22587.839519666664,372151.3139923911
Ridge,H0_fixed_SAA,6,1312684.4717292672,143632.09944576913,1456316.5711750363,37103.31481848166,295543.87445985596
Ridge,H0_fixed_SAA,7,1485499.6374068994,85790.38173353337,1571290.0191404326,24096.58048118666,332685.39072078
Ridge,H0_fixed_SAA,8,1293596.9861977424,85065.72827295327,1378662.7144706957,22622.918679144987,401758.86077348026
Ridge,H0_fixed_SAA,9,1080822.5849343895,115930.91069850614,1196753.4956328955,30264.44129283333,300211.8122943457
Ridge,H0_fixed_SAA,10,1098493.5334786074,89750.29485317228,1188243.8283317797,23581.73271733332,259361.47418170603
Ridge,H0_fixed_SAA,11,1263580.2259483712,55262.0170920388,1318842.24304041,14702.219358499993,166413.95813048971
Ridge,H0_fixed_SAA,12,1661020.0611689803,60616.17590544405,1721636.2370744245,16744.08268199999,172891.5969996667
Ridge,H1_fixedQ_causal,2,1208632.7893020012,1861.323541975998,1210494.1128439773,392.65735553333525,169213.76268021826
Ridge,H1_fixedQ_causal,3,1112221.7238058615,28206.88760507678,1140428.6114109384,4371.797719097606,237918.355871264
Ridge,H1_fixedQ_causal,4,921556.0506994644,60750.308311346715,982306.3590108112,9626.183802163358,277635.11082138814
Ridge,H1_fixedQ_causal,5,969701.7301656345,33536.75551960914,1003238.4856852437,5278.568823420829,362771.5531175762
Ridge,H1_fixedQ_causal,6,1312684.4717292672,103312.9803320414,1415997.4520613085,16825.30810912249,291511.14010797226
Ridge,H1_fixedQ_causal,7,1485499.6374068994,22062.184648026752,1507561.822054926,3471.227573010822,326166.16944889614
Ridge,H1_fixedQ_causal,8,1293596.9861977424,14875.970835864759,1308472.9570336072,2407.824803888324,393633.35495437536
Ridge,H1_fixedQ_causal,9,1080822.5849343895,40546.63617402216,1121369.2211084117,6257.066100538333,283658.97744984366
Ridge,H1_fixedQ_causal,10,1098493.5334786074,28128.414430255056,1126621.9479088625,4555.281526927542,246880.0566733659
Ridge,H1_fixedQ_causal,11,1263580.2259483712,1333.8416087627465,1264914.067557134,278.86403621082945,159962.60171467494
Ridge,H1_fixedQ_causal,12,1661020.0611689803,18181.90523365914,1679201.9664026396,3665.5289206433313,168918.7991747021
Ridge,H1_replan_SAA,2,1202944.496371993,1861.323541975998,1204805.8199139691,392.65735553333525,155892.54586924528
Ridge,H1_replan_SAA,3,1106035.0585525557,28206.88760507678,1134241.9461576326,4371.797719097606,222897.59234785129
Ridge,H1_replan_SAA,4,915579.8287748266,63846.66508638417,979426.4938612108,10109.317908404784,263515.47486538347
Ridge,H1_replan_SAA,5,959892.4365671413,33536.75551960914,993429.1920867504,5278.568823420829,338354.67064954765
Ridge,H1_replan_SAA,6,1299661.3188919232,100330.5795706405,1399991.8984625635,16303.003582475832,259363.40530121297
Ridge,H1_replan_SAA,7,1472506.4623440267,22062.184648026752,1494568.6469920534,3471.227573010822,294559.2878712413
Ridge,H1_replan_SAA,8,1281115.9914552008,14875.970835864759,1295991.9622910656,2407.824803888324,362850.74221815716
Ridge,H1_replan_SAA,9,1071885.2497892112,40718.67546929268,1112603.925258504,6306.939791006666,261962.0780205103
Ridge,H1_replan_SAA,10,1092691.9872584352,28128.414430255056,1120820.4016886903,4555.281526927542,232766.06915930004
Ridge,H1_replan_SAA,11,1255764.5330110996,1333.8416087627465,1257098.3746198623,278.86403621082945,141652.5104769897
Ridge,H1_replan_SAA,12,1652679.5941788252,21782.956541659318,1674462.5507204845,4376.213151561666,150268.36917760945
Ridge,H2_point,2,1185325.0202109776,8723.642634624082,1194048.6628456018,1499.9773325356582,133146.3759554678
Ridge,H2_point,3,1066467.7360513473,77706.17205420397,1144173.9081055513,12106.95733201177,176946.3748223666
Ridge,H2_point,4,826579.3856340924,363561.68622973905,1190141.0718638315,60604.33051692792,152757.6412160473
Ridge,H2_point,5,815468.6416697641,438321.7564867817,1253790.3981565458,69916.85037405412,175584.99119378085
Ridge,H2_point,6,1049822.2089608565,831268.2109830054,1881090.419943862,170399.37729496803,61758.258633299425
Ridge,H2_point,7,1324184.1514163597,264617.8956736187,1588802.0470899786,69051.50145362284,141222.83990483332
Ridge,H2_point,8,1255699.6885443763,47519.90743359721,1303219.5959779737,9760.705614808334,308840.9427254671
Ridge,H2_point,9,1019908.8545516321,225595.83758658374,1245504.6921382158,37347.82998217646,188287.02495885393
Ridge,H2_point,10,959930.6236411128,581520.354434549,1541450.9780756617,107093.09299564065,134007.73137280863
Ridge,H2_point,11,1100183.6230455432,620156.8804058677,1720340.503451411,109781.10639285941,35928.88724649076
Ridge,H2_point,12,1465160.9879212019,676354.3623561977,2141515.3502773996,120812.96732318297,6150.800928448563
Ridge,H3_quantile,2,1204750.1891510761,2986.710152421626,1207736.8993034977,580.261378365233,159267.95363436703
Ridge,H3_quantile,3,1090203.7163265026,40302.550929560195,1130506.267256063,6343.782239812788,200491.16110546573
Ridge,H3_quantile,4,889966.983484063,119026.96737742942,1008993.9508614923,19031.98980928353,223808.12337250737
Ridge,H3_quantile,5,936229.8603863013,53081.64084872191,989311.5012350233,8332.303970003986,301848.2741711232
Ridge,H3_quantile,6,1274605.7863893304,134319.13343660405,1408924.9198259346,22358.738663837554,223843.62515894836
Ridge,H3_quantile,7,1444270.0802100946,44841.65281882872,1489111.7330289234,7448.6600797048995,256050.12025523107
Ridge,H3_quantile,8,1230441.865510253,50438.97999273227,1280880.8455029852,7729.576867902193,281653.4596586732
Ridge,H3_quantile,9,1037463.1295845489,110175.31959870165,1147638.4491832505,17296.665293698177,215300.88944791476
Ridge,H3_quantile,10,1090915.1924087934,30540.581395139205,1121455.7738039326,4963.615481373033,228346.6070832556
Ridge,H3_quantile,11,1252276.6072032244,3287.814800685688,1255564.4220039102,678.6751023297829,135718.58850204747
Ridge,H3_quantile,12,1648934.636505892,21348.030876017612,1670282.6673819094,4337.984767600323,144805.65735004953
Ridge,H4_conditional,2,1198866.8987790027,3448.1649720997393,1202315.0637511024,660.6960460351162,150263.53145984598
Ridge,H4_conditional,3,1087490.6642984615,43625.628315890615,1131116.2926143522,6862.253093308325,196597.73955185825
Ridge,H4_conditional,4,891323.0490790794,112479.46336817167,1003802.512447251,18063.597990366918,224690.67197474296
Ridge,H4_conditional,5,919659.2723308447,68118.66081458106,987777.9331454257,10792.835087552407,284740.80292751675
Ridge,H4_conditional,6,1274665.874055496,134256.80178429888,1408922.6758397948,22345.507576530155,223843.62515894836
Ridge,H4_conditional,7,1444270.0802100946,44841.65281882872,1489111.7330289234,7448.6600797048995,256050.12025523107
Ridge,H4_conditional,8,1251793.2536083104,28860.555428860265,1280653.8090371706,4479.172535488323,312850.2768084959
Ridge,H4_conditional,9,1052334.9091766027,80019.68434419193,1132354.5935207948,12418.070730828142,233186.78983729717
Ridge,H4_conditional,10,1081959.7508408378,42540.08774128895,1124499.8385821267,7001.241870107141,217498.74052399705
Ridge,H4_conditional,11,1244486.7457973456,7883.427937458211,1252370.173734804,1498.6174141568245,125574.79485540594
Ridge,H4_conditional,12,1639947.9564739773,24386.942858547096,1664334.8993325243,4837.640439702998,132411.6665237963
TeamA,H0_fixed_SAA,2,1202014.2891753742,54924.85699511345,1256939.1461704876,14717.679289257621,164803.96223260884
TeamA,H0_fixed_SAA,3,1117128.3244300955,95041.7281288122,1212170.0525589078,25420.143916042136,257631.12232688454
TeamA,H0_fixed_SAA,4,937984.0188660371,86675.16922136066,1024659.1880873978,23719.660576464878,312380.48909030226
TeamA,H0_fixed_SAA,5,976358.7483316079,91752.58326219187,1068111.3315937999,23477.53178208696,378232.2235854597
TeamA,H0_fixed_SAA,6,1314833.4578530283,174562.8475200495,1489396.3053730777,45134.16859224319,308840.59201697743
TeamA,H0_fixed_SAA,7,1476439.3932309933,140278.94306721282,1616718.3362982061,36690.20610271407,335841.36574148154
TeamA,H0_fixed_SAA,8,1270799.0000878759,103049.29970917423,1373848.2997970502,27184.156024244166,370345.61438631045
TeamA,H0_fixed_SAA,9,1126096.1499468107,99929.01122605063,1226025.1611728612,26183.83766736482,360944.0710475929
TeamA,H0_fixed_SAA,10,1130155.7223547536,62994.697093979696,1193150.4194487333,16419.636046349737,294818.2300704886
TeamA,H0_fixed_SAA,11,1263915.0621210625,56451.85330691241,1320366.9154279751,15111.713776777484,167740.50981880378
TeamA,H0_fixed_SAA,12,1663174.2948904643,83396.78205087346,1746571.0769413377,22439.678258470092,183333.8973669704
TeamA,H1_fixedQ_causal,2,1202014.2891753742,4783.63976033947,1206797.9289357136,871.6146181970781,158219.433061364
TeamA,H1_fixedQ_causal,3,1117128.3244300955,35978.17669106955,1153106.5011211652,5565.841314724267,247690.9711035936
TeamA,H1_fixedQ_causal,4,937984.0188660371,38017.713640170514,976001.7325062077,5931.241372290801,303063.39242617704
TeamA,H1_fixedQ_causal,5,976358.7483316079,32767.032289213217,1009125.7806208212,5161.130837005118,369300.99971566047
TeamA,H1_fixedQ_causal,6,1314833.4578530283,134506.00193492646,1449339.4597879548,22688.750066838405,303704.91356989957
TeamA,H1_fixedQ_causal,7,1476439.3932309933,80258.68035551265,1556698.073586506,12951.976766192862,325254.13224144187
TeamA,H1_fixedQ_causal,8,1270799.0000878759,25965.286112252026,1296764.286200128,4074.2882350064106,356267.02844549064
TeamA,H1_fixedQ_causal,9,1126096.1499468107,55817.6799739477,1181913.8299207585,8673.371027709642,354482.00039125426
TeamA,H1_fixedQ_causal,10,1130155.7223547536,16129.463061241573,1146285.185415995,2666.796570445792,290674.8764630153
TeamA,H1_fixedQ_causal,11,1263915.0621210625,7188.06233965162,1271103.1244607142,1225.2675734762227,163186.4132940027
TeamA,H1_fixedQ_causal,12,1663174.2948904643,41042.74482256965,1704217.039713034,7912.330039436886,178222.5557822486
TeamA,H1_replan_SAA,2,1195762.9192617787,4783.63976033947,1200546.559022118,871.6146181970781,143569.92416322103
TeamA,H1_replan_SAA,3,1109944.9788234392,36359.30392497141,1146304.2827484105,5640.962480369653,230104.29399065254
TeamA,H1_replan_SAA,4,931274.4888317111,38017.713640170514,969292.2024718816,5931.241372290801,286399.36226894474
TeamA,H1_replan_SAA,5,964452.8988348375,32211.630389319438,996664.5292241569,5024.971384252999,339433.99646675657
TeamA,H1_replan_SAA,6,1301698.6084580536,130221.24286017736,1431919.8513182309,21875.311292471175,270956.09900736087
TeamA,H1_replan_SAA,7,1461776.7694176738,76438.70996624573,1538215.4793839194,12247.994021055076,288533.99959655356
TeamA,H1_replan_SAA,8,1261900.7369110344,25965.286112252026,1287866.0230232864,4074.2882350064106,334171.2216811813
TeamA,H1_replan_SAA,9,1111783.2220503767,59330.23162381673,1171113.4536741935,9171.900126440712,319982.17347866617
TeamA,H1_replan_SAA,10,1117903.7721204804,16129.463061241573,1134033.2351817219,2666.796570445792,260798.1506130771
TeamA,H1_replan_SAA,11,1255790.2105758244,7188.06233965162,1262978.272915476,1225.2675734762227,144119.1682604915
TeamA,H1_replan_SAA,12,1655206.4894752018,42606.538990590496,1697813.0284657923,8202.25567852729,159930.7832541543
TeamA,H2_point,2,1135062.1305645173,95348.49240869106,1230410.6229732085,16301.202002707167,73448.93922327487
TeamA,H2_point,3,1033523.2311754174,189099.26437870789,1222622.4955541254,31346.801291161428,142947.27033618224
TeamA,H2_point,4,856000.651343951,184436.0682391036,1040436.7195830545,29628.611837159027,180934.94918601486
TeamA,H2_point,5,861137.9542888138,202706.87002709231,1063844.824315906,31973.973176362917,200743.017302791
TeamA,H2_point,6,1138965.1734722457,441048.1092933044,1580013.28276555,77619.70688270302,93657.8881235145
TeamA,H2_point,7,1326241.5935779796,306743.5399786206,1632985.1335566002,69390.22188954074,149310.58542314658
TeamA,H2_point,8,1155638.4734540118,247248.9758021808,1402887.4492561927,41434.448841295765,199022.50996241003
TeamA,H2_point,9,975613.9679362336,417992.31712135917,1393606.285057593,72806.3240226275,176824.40158491285
TeamA,H2_point,10,1009516.2936916269,258137.3110121664,1267653.6047037933,52587.24129598684,156424.08954319888
TeamA,H2_point,11,1157950.1470277652,221468.97652363166,1379419.123551397,47508.61155271654,52500.25330666508
TeamA,H2_point,12,1541655.3620700696,209483.84129378805,1751139.2033638577,47540.394548757635,40965.54982626933
TeamA,H3_quantile,2,1190231.369277783,9614.109384185502,1199845.4786619686,1763.5696664980778,136745.90252458808
TeamA,H3_quantile,3,1096396.4943310276,48794.32590072744,1145190.820231755,7711.312149238885,211115.68450647662
TeamA,H3_quantile,4,916085.992783233,48340.48837081695,964426.4811540501,7770.9191350106175,261278.65299658556
TeamA,H3_quantile,5,942691.3894085293,45595.551566782495,988286.9409753118,7199.250967648202,301084.12608573405
TeamA,H3_quantile,6,1254385.714266613,179834.55902378578,1434220.2732903985,30697.029740383387,205531.24825248204
TeamA,H3_quantile,7,1457702.2742741243,73717.50495933088,1531419.7792334552,13018.536658238714,279179.91922642646
TeamA,H3_quantile,8,1231904.2400756637,53453.071416121704,1285357.3114917856,8057.372882225405,285349.64068807336
TeamA,H3_quantile,9,1066545.029845909,120012.88270019181,1186557.9125461008,18697.34389293703,258003.70201412064
TeamA,H3_quantile,10,1124792.344063513,11844.446531394477,1136636.7905949075,2021.4986496314536,267391.27009685006
TeamA,H3_quantile,11,1257070.1871252968,6046.336030945789,1263116.5231562427,1091.3287741110573,143059.50326168115
TeamA,H3_quantile,12,1660126.110151483,43860.96515292137,1703987.0753044044,8529.447080633268,167505.63823867118
