method,policy,period,days,planned_cost,emergency_cost,total_cost,planned_kwh,emergency_kwh,spill_kwh,charge_kwh,discharge_kwh,emergency_slots,events,solve_seconds,start_soc,end_soc,inventory_adjusted_cost,cvar90,cvar95,max_daily_cost,emergency_day_frequency,emergency_slot_frequency
ManualWeekly,H0_fixed_SAA,full334,334,13501328.228792125,1037912.3091393093,14539240.537931435,22151276.041777074,275365.94173729734,3158994.6169653614,6991883.534643926,5663425.66306158,9223.0,3748.0,15.736461651000354,6000.0,6000.0,14539240.537931435,66664.75447724955,69594.28786540515,83541.88629131438,0.9820359281437125,0.19176230871590152
ManualWeekly,H0_fixed_SAA,development153,153,6350942.131834952,563086.6086434502,6914028.740478402,10295996.943494748,148320.34627040612,1707575.7369630048,3127888.4450113224,2533589.6404591715,4181.0,1534.0,7.051311797000835,6000.0,6000.0,6914028.740478402,65247.1309343048,70853.37255768134,83541.88629131438,0.9607843137254902,0.18976942628903412
ManualWeekly,H0_fixed_SAA,later61,61,2924911.7652568566,143146.46731047487,3068058.232567332,4732522.258280267,38872.93625738094,348455.6990816932,1425948.1644173104,1155018.0131780212,1739.0,752.0,2.976753112998722,6000.0,6000.0,3068058.232567332,69405.07621003521,72491.17095462335,76262.08282815445,1.0,0.1979735883424408
ManualWeekly,H1_fixedQ_causal,full334,334,13501328.228792125,483368.76527864806,13984696.994070774,22151276.041777074,81199.83386582632,3081921.389954224,6374840.719607081,5163475.72888507,686.0,201.0,15.736461651000354,6000.0,6161.393329629632,13984630.410356006,66373.70047442682,70290.89805212652,86992.12675117566,0.3413173652694611,0.014263140385894877
ManualWeekly,H1_fixedQ_causal,development153,153,6350942.131834952,313529.0941766083,6664471.226011561,10295996.943494748,51864.505437234926,1675858.284516848,2792055.345798366,2262494.929633229,467.0,133.0,7.051311797000835,7317.27659184656,6283.83266234392,6664897.579046032,64650.67051210286,71500.24985700767,86992.12675117566,0.43790849673202614,0.021196441539578795
ManualWeekly,H1_fixedQ_causal,later61,61,2924911.7652568566,64679.66182336904,2989591.4270802257,4732522.258280267,12590.807531183336,340970.67994406744,1327595.9844745263,1075462.9428238093,86.0,27.0,2.976753112998722,6283.83266234392,6161.393329629632,2989641.9401071556,69595.80947584551,73686.91881518146,79796.4521860927,0.2459016393442623,0.009790528233151184
ManualWeekly,H1_replan_SAA,full334,334,13388222.529129138,475397.6343231421,13863620.163452283,21887476.511533625,79352.75355344062,2804735.5472375387,6435573.520453663,5212669.2975708,666.0,196.0,15.828101832005359,6000.0,6161.393329629632,13863553.579737514,66037.28822943203,70024.9358737579,90530.13089320743,0.3413173652694611,0.013847305389221557
ManualWeekly,H1_replan_SAA,development153,153,6279738.467585042,303749.9400769212,6583488.407661963,10129941.004106123,49770.1405880754,1499495.5537691955,2835278.643218713,2297505.80054371,451.0,129.0,7.116248631005419,7317.27659184656,6283.83266234392,6583914.760696434,63761.401577967255,70608.71750403763,90530.13089320743,0.43790849673202614,0.020470225127087873
ManualWeekly,H1_replan_SAA,later61,61,2911809.451401354,66819.35653162382,2978628.8079329785,4701867.176647815,12989.945668645247,310776.5355986676,1327270.7257924746,1075199.4832913475,87.0,27.0,2.968559037999057,6283.83266234392,6161.393329629632,2978679.3209599084,69814.83877211016,74264.393302885,80049.15438523615,0.2459016393442623,0.009904371584699454
ManualWeekly,H2_point,full334,334,12187746.785484508,3119471.492331804,15307218.277816312,20122740.810802557,609215.1511894984,1555224.519717026,6513979.087953417,5276437.14064505,7395.0,1478.0,3.0342016770032387,6000.0,5873.245108018521,15307270.571251193,83638.5913170639,93928.26804459988,119554.47421735461,0.8862275449101796,0.15375499001996007
ManualWeekly,H2_point,development153,153,5604722.544853658,1722891.9854974868,7327614.530351145,9130336.37003734,370528.7566373352,815091.8391708665,2859609.9054537644,2316279.3661999563,5364.0,1102.0,1.3755027470033383,6015.630148378306,6020.804834592593,7327612.3955056,87800.96958822146,98596.8184010761,119554.47421735461,0.9215686274509803,0.2434640522875817
ManualWeekly,H2_point,later61,61,2636860.47166433,853161.0421758953,3490021.513840226,4308015.39878985,152551.0875575276,53984.742685638776,1340553.7010473069,1085981.3016022353,1355.0,202.0,0.5616512410001633,6020.804834592593,5873.245108018521,3490082.3904252006,94041.85256420323,99560.35127703956,106131.16680975971,0.9836065573770492,0.1542577413479053
ManualWeekly,H3_quantile,full334,334,13240733.656842511,692758.7538516694,13933492.410694178,21647244.619621478,117911.27633711169,2592299.062672817,6492365.676845027,5258698.338525916,909.0,217.0,3.008385320999423,6000.0,6130.955242839815,13933438.384381216,67459.10714720462,72222.7065558646,96801.96061635703,0.3532934131736527,0.018899700598802395
ManualWeekly,H3_quantile,development153,153,6214699.174149061,441031.31559982954,6655730.4897488905,10020571.652886916,75229.49733262748,1410382.46454037,2864816.8455432737,2321840.9081141,626.0,136.0,1.36555003200192,7755.244733599865,6267.174484657698,6656344.401397148,65956.03220452597,75230.24303862218,96801.96061635703,0.4117647058823529,0.028413217138707335
ManualWeekly,H3_quantile,later61,61,2890641.9059967846,79122.8727593379,2969764.7787561216,4670841.44632148,15399.832605974541,280302.1873906455,1337117.6033567307,1083187.8560365883,88.0,32.0,0.5591571029985971,6267.174484657698,6130.955242839815,2969820.9767611073,71262.52436763237,76346.0489283775,81888.32842767693,0.29508196721311475,0.010018214936247723
Ridge,H0_fixed_SAA,full334,334,13407809.794837218,979304.391510036,14387114.186347254,22019558.70931468,260668.47947527096,3016046.255013787,6973639.1516289525,5648647.7128194515,9351.0,3985.0,15.802774007997641,6000.0,6000.0,14387114.186347254,64626.537581371515,66210.56102205713,76888.76203641377,0.9970059880239521,0.1944236526946108
Ridge,H0_fixed_SAA,development153,153,6271097.213746905,520169.4150039342,6791266.62875084,10186463.935571384,137668.98798897996,1589561.412430168,3116467.1730536725,2524338.410173475,4380.0,1764.0,7.076304099001618,6000.0,6000.0,6791266.62875084,62267.23009469587,65403.63095082813,76888.76203641377,0.9934640522875817,0.19880174291938998
Ridge,H0_fixed_SAA,later61,61,2924600.287117352,115878.19299748284,3040478.4801148344,4730432.83273561,31446.302040499988,339305.5551301565,1424022.2917330903,1153458.0563038036,1571.0,776.0,2.9981830309984616,6000.0,6000.0,3040478.4801148344,66355.93685804534,67395.0833102113,69539.97150577903,1.0,0.17884790528233152
Ridge,H1_fixedQ_causal,full334,334,13407809.794837218,352797.2082406407,13760607.00307786,22019558.70931468,57130.308770556796,2918269.882014277,6416666.847028722,5197437.205924425,529.0,193.0,15.802774007997641,6000.0,6069.933520933333,13760578.15161528,63317.0252407071,65740.81379377971,81328.34402004749,0.3502994011976048,0.010998835662009314
Ridge,H1_fixedQ_causal,development153,153,6271097.213746905,208926.1864202101,6480023.400167115,10186463.935571384,33516.708113487504,1541849.6986344531,2825525.6758912196,2289837.4790908005,340.0,133.0,7.076304099001618,7435.284267603703,6144.526913257409,6480555.909284525,60332.19952390903,63787.42809767778,81328.34402004749,0.47058823529411764,0.015432098765432098
Ridge,H1_fixedQ_causal,later61,61,2924600.287117352,19515.74684242189,2944116.0339597734,4730432.83273561,3944.3929568541607,328881.400889377,1334492.7086290126,1081006.2280425923,41.0,17.0,2.9981830309984616,6144.526913257409,6069.933520933333,2944146.8078781846,65439.195330074785,66421.33378361544,69920.49030570238,0.19672131147540983,0.004667577413479053
Ridge,H1_replan_SAA,full334,334,13310756.957195237,356684.25485754793,13667441.212052785,21793083.239381745,57851.69627153824,2684082.7459570486,6461051.339793304,5233388.645063737,532.0,193.0,15.903516737006157,6000.0,6069.933520933333,13667412.360590205,63156.1185016869,65682.59006946602,83280.62902714737,0.3532934131736527,0.011061210911510314
Ridge,H1_replan_SAA,development153,153,6217861.009738797,206115.82495407976,6423976.834692877,10062252.692985594,33044.277277309186,1411501.5825704217,2855338.531902068,2313985.8924595867,338.0,133.0,7.1299656609985504,7435.284267603703,6144.526913257409,6424509.343810286,59972.08546679079,63590.04508941094,83280.62902714737,0.477124183006536,0.015341321713870733
Ridge,H1_replan_SAA,later61,61,2908444.1271899245,23116.798150422066,2931560.9253403465,4692629.51554597,4655.077187772496,291920.8796545992,1333797.3837661503,1080443.014903674,44.0,17.0,2.988182199001585,6144.526913257409,6069.933520933333,2931591.6992587578,65742.27462796972,67189.81032957113,71629.84765200224,0.19672131147540983,0.005009107468123861
Ridge,H2_point,full334,334,12068730.921647266,4135346.706278768,16204077.627926031,19902959.851179082,768374.6966127881,1514631.8689578641,6409177.721002547,5191664.537135206,7944.0,1367.0,3.02230308299886,6000.0,5743.79652984074,16204183.326090997,84642.83031720939,92204.26539593714,117048.96604984565,0.9041916167664671,0.16516966067864272
Ridge,H2_point,development153,153,5609545.527114337,1950522.206111354,7560067.733225692,9119139.667709269,393652.5073412163,834116.7975952623,2825166.447420799,2288933.8182155774,4873.0,928.0,1.3676318329999049,6253.221022792592,5643.225684203704,7560319.39019149,88364.88721147348,96739.33559886503,117048.96604984565,0.9150326797385621,0.22117828612926652
Ridge,H2_point,later61,61,2565344.610966745,1296511.2427620653,3861855.853728811,4213622.081113076,230594.07371604236,42079.688174939314,1315982.1509286293,1065855.0284911164,2043.0,232.0,0.5624036179988252,5643.225684203704,5743.79652984074,3861814.362667716,90321.74742857815,96315.35918741752,100464.96728161469,1.0,0.23258196721311475
Ridge,H3_quantile,full334,334,13100058.04716008,610349.3822268423,13710407.429386921,21450715.618663266,99102.2536539115,2371134.459739583,6523188.91039846,5283694.992787531,794.0,240.0,3.054542945995763,6000.0,6097.805150247626,13710367.079328824,64786.86387392865,67501.47327767241,88659.79163726652,0.41916167664670656,0.016508649367930804
Ridge,H3_quantile,development153,153,6077696.054103021,370315.66724200593,6448011.721345026,9838380.571939368,59797.25638651586,1205194.701604023,2905437.852338556,2354897.4738666965,512.0,165.0,1.386589147997256,7795.048901596109,6136.367265523491,6448696.0196688855,63053.32196943423,69158.08728744843,88659.79163726652,0.5620915032679739,0.023238925199709513
Ridge,H3_quantile,later61,61,2901211.2437091162,24635.845676703306,2925847.089385819,4681515.840025851,5016.659869930107,280524.24585209694,1337019.030161921,1083020.1203349046,41.0,16.0,0.5686434839981303,6136.367265523491,6097.805150247626,2925862.99840071,65818.78629524157,67149.0490533048,71281.763485225,0.21311475409836064,0.004667577413479053
Ridge,H4_conditional,full334,334,13086798.454650052,590461.0703842172,13677259.52503427,21443605.52658575,96408.29286378126,2357708.7598771355,6542534.704199092,5299419.139593363,837.0,251.0,3.0665586869936305,6000.0,6037.745342112591,13677243.952983685,64142.92782101909,66793.0910579768,88657.54765112692,0.44011976047904194,0.01740269461077844
Ridge,H4_conditional,development153,153,6105023.867891341,330518.78211746877,6435542.650008811,9882336.768373128,53692.65279265866,1243429.5525839697,2903231.1452842304,2353074.0249524126,491.0,157.0,1.3893480529986846,7668.430078020828,6049.7664422592625,6436210.43868432,62058.61605725246,67239.55330776497,88657.54765112692,0.5359477124183006,0.02228576615831518
Ridge,H4_conditional,later61,61,2884434.7022713227,32270.370796005307,2916705.0730673284,4659270.585249503,6336.257853859823,257986.46137920223,1345378.1920927647,1089767.1545852714,71.0,25.0,0.5676570050018199,6049.7664422592625,6037.745342112591,2916710.0324389776,65907.87845144149,67664.95923635035,72512.00854904193,0.29508196721311475,0.00808287795992714
TeamA,H0_fixed_SAA,full334,334,13478898.461288102,1049057.7715817308,14527956.232869834,22123273.83270572,276498.41203201516,3134912.07768388,6977214.063616782,5651543.391529594,9066.0,3712.0,15.88806414699684,6000.0,6000.0,14527956.232869834,66940.80292783759,69512.11608479182,87052.38141894473,0.9910179640718563,0.18849800399201597
TeamA,H0_fixed_SAA,development153,153,6318323.723473462,580814.7986164668,6899138.522089928,10254406.929019524,151612.004432916,1670789.873262851,3119927.957576786,2527141.645637197,4081.0,1560.0,7.118517424000856,6000.0,6000.0,6899138.522089928,66732.54699342967,71918.32552472955,87052.38141894473,0.9803921568627451,0.18523057371096588
TeamA,H0_fixed_SAA,later61,61,2927089.357011527,139848.63535778588,3066937.9923693133,4736618.040884934,37551.39203524757,351074.4071857742,1426766.7448302158,1155681.0633124746,1721.0,771.0,2.988143357998524,6000.0,6000.0,3066937.9923693133,68410.00133320728,70810.39552295386,75131.61706005136,1.0,0.19592440801457195
TeamA,H1_fixedQ_causal,full334,334,13478898.461288102,472454.4809808944,13951352.942268997,22123273.83270572,77722.60842132349,3050066.716494148,6376668.39783448,5164928.1681682505,684.0,238.0,15.88806414699684,6000.0,6192.48230853144,13951273.532623267,66056.75538290836,69909.61828932888,91255.97575028277,0.38622754491017963,0.014221556886227544
TeamA,H1_fixedQ_causal,development153,153,6318323.723473462,312677.11143788043,6631000.834911343,10254406.929019524,51055.18266619311,1630382.9511111015,2801864.7959967265,2269228.3836721107,455.0,148.0,7.118517424000856,6693.693839754765,7007.139490019103,6630871.521166962,66322.15312374852,72848.27628267278,91255.97575028277,0.45098039215686275,0.020651779230210603
TeamA,H1_fixedQ_causal,later61,61,2927089.357011527,48230.80716222127,2975320.164173748,4736618.040884934,9137.597612913109,341408.96907625126,1331950.0877277278,1079612.7625227985,74.0,28.0,2.988143357998524,7007.139490019103,6192.48230853144,2975656.2555198437,68721.3936114376,72295.96939245248,80157.51436009078,0.32786885245901637,0.008424408014571949
TeamA,H1_replan_SAA,full334,334,13367495.09476041,469251.8226687764,13836746.917429186,21863406.161811937,76932.60335253322,2777999.1727810595,6436720.333363521,5213570.2359467745,666.0,236.0,15.979058407001048,6000.0,6192.48230853144,13836667.507783456,65892.21420626646,69778.06825849699,93993.22513231498,0.38622754491017963,0.013847305389221557
TeamA,H1_replan_SAA,development153,153,6255063.1089576185,308084.9336237334,6563148.0425813515,10106767.226958511,50036.29024541917,1474441.644376839,2840194.860483441,2300275.7359063495,439.0,145.0,7.162638962999154,6693.693839754765,7007.139490019103,6563018.72883697,65864.55095747825,72657.80210706654,93993.22513231498,0.45098039215686275,0.01992556281771968
TeamA,H1_replan_SAA,later61,61,2910996.700051026,49794.60133024211,2960791.301381268,4698929.951142077,9427.523252003512,304049.95151464577,1331744.0532953038,1079445.874632535,76.0,30.0,3.0233225800011496,7007.139490019103,6192.48230853144,2961127.392727364,68774.65809497007,72676.2049727925,81377.96422992465,0.32786885245901637,0.008652094717668488
TeamA,H2_point,full334,334,12191304.978602633,2773713.766078646,14965018.744681278,20141822.540989224,518137.53734101856,1466779.4538183801,6600023.219525959,5346032.089980761,7443.0,1730.0,3.0879701999956524,6000.0,5985.24203918421,14965024.833160002,77539.21983849794,85818.75023588953,123565.17585867416,0.8862275449101796,0.15475299401197604
TeamA,H2_point,development153,153,5605975.502132097,1671170.2532076314,7277145.755339729,9155013.442409575,313837.9429321539,775239.4746371829,2900129.824259227,2348960.6618046807,4112.0,833.0,1.3995289729987235,6137.992598033861,6298.543537248324,7277079.519157806,84513.01319553661,92989.46963354878,123565.17585867416,0.9215686274509803,0.18663761801016704
TeamA,H2_point,later61,61,2699605.5090978346,430952.8178174197,3130558.3269152544,4409222.474204006,95049.00610147417,93465.80313293441,1363570.0226533485,1104773.6896974703,2432.0,683.0,0.5763318719982635,6298.543537248324,5985.24203918421,3130687.5811888445,75138.7554143451,81621.9318519707,89353.04504934914,1.0,0.2768670309653916
TeamA,H3_quantile,full334,334,13197931.145603176,641114.2410372042,13839045.38664038,21582753.772311367,106557.60959655611,2516245.2878916897,6493223.640384295,5259347.0413347315,896.0,244.0,3.1042641849985557,6000.0,6182.341529498447,13838970.160629377,67181.30826218733,71297.3827420145,103524.70965804618,0.41317365269461076,0.018629407850964737
TeamA,H3_quantile,development153,153,6135329.602525823,438862.46463082463,6574192.067156647,9912867.46685071,72491.781823416,1295455.7802779526,2881254.3472908726,2333793.627144699,580.0,145.0,1.40531003399974,6989.860069094291,7014.742470103535,6574181.801783876,68511.08464370258,76220.4740576961,103524.70965804618,0.48366013071895425,0.026325344952795933
TeamA,H3_quantile,later61,61,2917196.29727678,49907.30118386717,2967103.5984606463,4704641.709036051,9620.775854744325,310565.1415003523,1328616.6316859014,1076928.6325121247,91.0,25.0,0.5750634409992017,7014.742470103535,6182.341529498447,2967447.0100931427,68533.08012986544,72540.40661609496,80587.3407989587,0.29508196721311475,0.010359744990892532
